Date,AAPL,AMZN,BAC,GLD,GOOGL,GS,JPM,LRCX,META,MSFT,NVDA,QQQ,SLV,SPY,SPYG,XLE,XLF,XLK
2020-01-03,-0.00976938315864054,-0.012213314472679244,-0.02098197715336374,0.013181265882528811,-0.005245147145423043,-0.011762340895878536,-0.013284026099892033,-0.010800440821567276,-0.005305487008044004,-0.012529923078756987,-0.01613528525224975,-0.009202205737907549,0.0017831022249285935,-0.007601362635923953,-0.007320871001569389,-0.002975926748274039,-0.010674469315737315,-0.011306806154773016
2020-01-06,0.007936663262755824,0.014775871094842,-0.001433554410924709,0.010434868967011986,0.026305050160288643,0.010182057924891007,-0.0007957177432360846,-0.01883996945423907,0.018658625850217405,0.002581840551882122,0.004184668042582799,0.006422476600712399,0.005920702875112154,0.0038079554808890565,0.0047290185162953925,0.00775123426261365,-0.0006504662846017407,0.0023797313959346986
2020-01-07,-0.004714281727652501,0.002089436023074214,-0.006621617041229824,0.003927428056507489,-0.0019332765805953694,0.00656096425912547,-0.017146371055502086,0.02408617558142629,0.0021612904471479447,-0.009159689609579847,0.012033909944827722,-0.00013912705216478045,0.01348595860249737,-0.0028154668718652067,-0.0009439782588681063,-0.0026319697072232054,-0.006529655775743478,-0.0004321309782171112
2020-01-08,0.015958490234017284,-0.007839287338238396,0.010059375001038021,-0.007529802584635164,0.0070924188593456255,0.009593262753272443,0.007770514787053585,0.012512272964982444,0.010086906296106797,0.015802728481419948,0.001873649587138201,0.0074880693125692135,-0.014076465182044903,0.00531512629446547,0.00635550241913365,-0.016608785425124662,0.006529655775743402,0.010643577296532713
2020-01-09,0.02101855573806403,0.0047876954600311996,0.0017139814741198409,-0.0056676844863565315,0.010443177885703241,0.02015243569992033,0.0036447294753060903,-0.006823851647775072,0.014209560379673357,0.012415479459158682,0.010923054443860141,0.00843790606056365,-0.01248164758154436,0.006757681752732155,0.00980619238410381,0.007341747710173647,0.006163800293467659,0.011271923973395164
2020-01-10,0.0022579629478184466,-0.009455156242405702,-0.00831311880125871,0.006008107616788398,0.006437945540316281,-0.0020219297986934373,-0.010018077448533915,-0.01212295656759988,-0.0010999972210092408,-0.004637734856432678,0.005335436494030405,-0.00256034997731559,0.010116128093608468,-0.002881654156341579,-0.003024998266762114,-0.005668590973854209,-0.007466422816901092,-0.0023290078045684172
2020-01-13,0.021139263461895506,0.0043132627393767525,0.009169294394594416,-0.007447144703816297,0.0077171829355585815,0.012722860695506353,0.008269980705235457,0.00997242773319216,0.01750157100351484,0.011952579848766933,0.03087063717255995,0.0114706951094137,-0.00653395272331772,0.006853622400398724,0.010201806107141562,0.0003344445126202939,0.0068193258552518435,0.012428987064333983
2020-01-14,-0.013595395860350096,-0.011625527046359843,0.007388341719541945,-0.0008919411826434922,-0.006577014530692802,0.00183344996011368,0.01159458621619544,0.0116045109665468,-0.012926210447918774,-0.007067934023647447,-0.01882863102072737,-0.003945406801405227,-0.00958090203683874,-0.001525805775434682,-0.0036976575823835203,0.0001671803207356987,-0.001943598482566443,-0.004721790858809849
2020-01-15,-0.004294652751506321,-0.003977024437111101,-0.01857454589363191,0.005817289492435278,0.006000460821408862,-0.0018334499601136503,-0.015098917129665438,-0.008078884909853546,0.009495627483589338,0.006455237369096823,-0.0069394368518897395,0.00040898469294293425,0.011367075727598812,0.002257158862587722,0.0027745939666269518,-0.007380170987041331,-0.005527395809830985,0.0011562835850769783
2020-01-16,0.01244862584504855,0.008513567549042408,0.0014411836917157742,-0.0015707412123407796,0.0075863130152651745,0.018225272162602953,0.0038688685228778184,0.02518788279128525,0.0027995390280906862,0.01815789585785556,0.013590013904316559,0.009537871517238138,-0.002382312518592069,0.008284398543422585,0.00873558382776163,0.0016822972678998017,0.008764700440371436,0.013357087445798072
2020-01-17,0.011010548268738105,-0.007064556764163625,-0.0002878913476845055,0.0018437252860089575,0.020043874250196693,-0.0010416552805216864,0.0068976214713675444,0.006678250266466567,0.00166703866045582,0.005580624124220668,0.001405223245973508,0.004936569989352466,0.0029770332694776165,0.003107500657324817,0.005705831400206074,-0.006407189124503016,0.0029047166546043793,0.006715380123340487
2020-01-21,-0.0068000355776030785,0.014523546068980422,-0.013049758035956354,0.0010909837309721073,0.0018435270403022765,-0.015187367356637765,-0.009889321310240281,0.002205339675267142,-0.003156141347184985,-0.0035967298389704763,-0.005390104960505691,-0.0004479217018723036,-0.01075923768789581,-0.0019600811433971425,-0.000910755395550369,-0.018092258230417154,-0.008414267923741935,-0.0004120029589300159
2020-01-22,0.003562860693279413,-0.0024024329949913796,0.0029147131150339223,0.0003405975107135845,0.0010921491462372746,0.005479520057809655,-0.0011699715881223881,0.00858039807440831,-0.0005420484499504864,-0.004816694535063813,0.008714006071245449,0.002639121151048854,0.0012012288664791963,0.00012074688514418504,-0.00022786440358773117,-0.009692148756645171,0.002920602111914394,0.003598664303725951
2020-01-23,0.004804555889813575,-0.0015270766138826273,-0.007009233076230757,0.002245598875511729,0.0005524667885655139,-0.005967998286474811,-0.0010248244128443086,0.0034629252751334147,-0.0070735682875971975,0.00613720413092681,0.010934982436000548,0.0032109221300300164,-0.00300566720852654,0.001146469494486801,0.0025032910629977844,-0.003833458496738222,-0.0025958085604443778,0.004710462324445
2020-01-24,-0.0028860932269939546,-0.012247117354347815,-0.017145052337021092,0.0058285535187767275,-0.012552359829585658,-0.015015878176381356,-0.025141265692472946,-0.019000089534785006,-0.008316330897357635,-0.010128346641968962,-0.009456905962426022,-0.008451071511176434,0.01790019351572597,-0.008933269646678035,-0.008903188570538999,-0.011589169809997087,-0.012751490875907892,-0.004710462324444836
2020-01-27,-0.02984662382432315,-0.018049378179086813,-0.020787103867182632,0.006802125843070944,-0.02376996727935232,-0.015748160814262092,-0.008447286709342094,-0.04248303230921473,-0.014186606729911374,-0.016864387648158518,-0.04190723382671287,-0.020871743410827336,-0.0011834592041107337,-0.016159060432454866,-0.017581189474974227,-0.028120295348095164,-0.015586371770553447,-0.024099768371778105
2020-01-28,0.027896949999392295,0.013532388730052893,0.011802382405000979,-0.00896686803661793,0.013024743667190869,0.018472790804412748,0.01801443677054534,0.026534793826237697,0.013498167411112412,0.01940627808738635,0.031835848535079536,0.015243133410916043,-0.03433036384638385,0.010424543486672539,0.014135604064136442,0.0045308073654813374,0.011629821155961959,0.018954786842242295
2020-01-29,0.020715786922570905,0.002559818728975466,-0.006943386996086357,0.005403248480831511,0.004265252731854312,-0.010192803896294483,-0.0014890382515808799,-0.01156873482586543,0.02467127383785536,0.01547252819804139,-0.009847862437910426,0.0016244012620188694,0.0054995649670652146,-0.0008262749132464204,0.001609349520415279,-0.010543539017160212,-0.0016531350093896375,0.0025759237601781213
2020-01-30,-0.001449935601211461,0.00680130777131683,0.01413758402847839,6.731894098032181e-05,-0.0016832253651262005,0.01656203410576629,0.012291272045338468,0.04180064537487845,-0.06333568731143284,0.027817357515101462,0.0010990083360212805,0.00355527459691194,0.016319519422981082,0.0032401727347234188,0.0027529525433642545,0.008008669336337338,0.012496098030971528,0.008606636982439788
2020-01-31,-0.04535176283708772,0.07119570893188107,-0.019605574988160984,0.005775708477189364,-0.014873862456829954,-0.02648108344063527,-0.026320363684107315,-0.041834123352095576,-0.03704488052352601,-0.014868929263009494,-0.038906730339466636,-0.015985209422363037,0.008358221174665703,-0.018325001387951845,-0.01756465581606249,-0.0316784778456551,-0.02113694715125916,-0.0278269288012553
2020-02-03,-0.00274981077375266,-0.002252704013802056,0.004255470588282918,-0.006516877595597702,0.03418090661820603,0.005285575259074508,0.007601748114706422,0.03372935496730669,0.01122905880252393,0.024086217268121907,0.016361039072544607,0.014996531035638402,-0.019208255494641335,0.007400719494272781,0.010668104857588696,-0.013185233892429761,0.00698504781024726,0.013130698939818192
2020-02-04,0.032480436326245664,0.022433811849720944,0.01952299651271403,-0.013094308186782415,-0.02540444350253652,0.01218456541201943,0.014293339616323012,0.05352805671326401,0.02724659462265508,0.03238626385429002,0.027901362921109594,0.022630602922678607,-0.003034857315857081,0.015126666307179305,0.017833102556728354,0.003596050892089057,0.009566254415306433,0.025855907601367342
2020-02-05,0.008121094396124571,-0.004792703414039184,0.031906962651128246,0.0012285555646719122,0.00044269123361109406,0.009707335549869441,0.016857796816871422,0.000675638126778127,0.00133358264995834,-0.001221763430018532,0.014581950782095643,0.003291732949814598,0.0006076160368989126,0.011481743308614413,0.005198342307889524,0.03690739615510321,0.01982834922208905,0.005834350023068686
2020-02-06,0.011629079904455596,0.005065879625856511,-0.0011532923440313444,0.005373934234125879,0.020479766359704468,-0.010203553389220228,0.0001453782628454297,-0.006470017868995653,0.0035157020278044834,0.020521415240979883,0.01382150530739093,0.00859491866952477,0.010275103112231078,0.003359321692546101,0.006740056561432464,-0.010249228781322818,-0.0012881514551941556,0.009085981388828695
2020-02-07,-0.013685791917722267,0.014069692433392624,-0.0017319225614117492,0.002642363450658169,0.0021250903668698757,-0.015922909866240925,-0.003202621573907919,-0.025419311377439784,0.006994684298176402,0.001415265129445886,-0.010517112918363668,-0.004310088995530265,-0.005426497791946095,-0.005343994983232357,-0.005388297258380631,-0.0070149686774799045,-0.003551325840929023,-0.009186180067887344
2020-02-10,0.0047382434246711095,0.02593435798738784,0.0023086068644709466,0.0025679490647931946,0.01978134486685421,-0.0026928408563384877,0.0041469015529091244,0.013947888980846309,0.0034321647143717485,0.025820467588186125,0.04423908334570577,0.01201282848675015,0.0042232154233710194,0.007437742505034204,0.011638107141922243,-0.00501418827835657,0.002906731060899123,0.013451068368750038
2020-02-11,-0.00605164823128301,0.007883866478429244,0.002303672975894807,-0.0034478924308700464,0.0009275628179080915,-0.003798779201161168,0.0018859546098075977,0.01809529698612943,-0.027937426705712812,-0.022834094615569445,0.018536444200231764,0.00017246683408971515,-0.007857463666829614,0.001731552965529606,-0.0008903908376083207,0.011109188328674593,0.0035408984871213673,-0.00337066217611471
2020-02-12,0.023470199327639593,0.004268347229322045,0.004304562229588691,-0.000813078481224605,0.005659130102782662,0.009218887761190092,0.0,0.02711055765451194,0.017083665747481495,0.0014629468451290715,0.017208902625654027,0.009693974462326862,-0.00914359439404098,0.006422141574736544,0.007986010101169207,0.013351796124255725,0.0006422482366480165,0.010766232501739416
2020-02-13,-0.007146590837111096,-0.004700848772083054,-0.00028649692339075277,0.005677303718111386,-0.0034562049383179087,-0.0012578661393763155,-0.0008703160625330692,0.020586739044536947,0.011229167463580833,-0.005428642345973006,-0.006478613786297853,-0.0012813610810988568,0.007929237317214576,-0.0010677445400839283,-0.0011052155834346661,-0.0030935429054818916,-0.0003210381136867374,-0.002656368733443967
2020-02-14,0.0002463874654257959,-0.007001620314183051,-0.001720133438325719,0.0041697222765956264,0.003522052828701927,-0.005342406526296878,-0.0030505410577647903,-0.006697419430095965,0.004867574903527399,0.008887157386759896,0.06785000812702899,0.0028593158066745165,0.006056977079680068,0.001601041211604896,0.004193797970842819,-0.005299051187875709,0.0012840849263100582,0.004324954179792618
2020-02-18,-0.01848038032555145,0.00969583372641929,-0.01678275826046922,0.012737350951843347,0.0004674966369887837,-0.01645834910684074,-0.013328634660449428,-0.042014105840335096,0.016760422053625865,0.010091880370546811,0.023126667718502567,0.0003836110557520112,0.02681130315623565,-0.0025804707437460947,-0.002205270775474649,-0.008279083257859567,-0.008700021558941172,-0.0037338727596335254
2020-02-19,0.014378931995666951,0.006726973190216665,0.01304565280535906,0.005814285510176441,0.0035671791589744835,0.0175121070367787,0.013546867481311264,0.02582110672772926,-0.0014243401163618595,0.0029949361059051,0.059336534977431625,0.009539953726299665,0.01285060410851757,0.004769940460015605,0.007258651320169921,0.013213361942272683,0.0074159366326311624,0.011841337741523222
2020-02-20,-0.010312038326881184,-0.007919906743473367,0.0037371054551100665,0.0040763395182913265,-0.005180946783281682,-0.019572359400518203,0.0,-0.016185340022920505,-0.0134702561129703,-0.0153892473644817,-0.01924981481558222,-0.009326892549317121,-0.0052371464121531664,-0.0041167156860833784,-0.006817154605376254,-0.0010942136058860648,-0.001929362374858587,-0.01046419020166836
2020-02-21,-0.022894734286963328,-0.02689219882130043,-0.014160041723717258,0.014913455926308593,-0.022351021916968323,-0.009107732541421176,-0.012294380501110726,-0.03623565846778621,-0.020718240307532623,-0.03212305110831492,-0.04855216072610346,-0.01939644359572228,0.008134925552481569,-0.010351529241643728,-0.01511826025380001,-0.011934456594465619,-0.009702419378935963,-0.02266948438222795
2020-02-24,-0.04866576367444171,-0.042235023870589,-0.04860100607347057,0.008945002656717951,-0.043819004265502164,-0.026717449574056355,-0.027243357431951862,-0.052956267405593324,-0.04605346001379542,-0.04407253612964332,-0.07332087051551146,-0.039326773305605064,0.006920381184597074,-0.03372810433002028,-0.03673279808641008,-0.047276475359181565,-0.03303916757810313,-0.04220977242391227
2020-02-25,-0.03445926965973486,-0.018357980231590378,-0.0517274698134509,-0.01803593472393269,-0.023905422110616706,-0.03134942793586498,-0.04567033316504297,-0.027807569406585107,-0.01987532399575856,-0.016639545168987788,-0.04196192051935504,-0.027568156902943865,-0.04046289647882344,-0.030770622941374618,-0.02876179701221483,-0.04515648387884794,-0.034515650465452484,-0.03251716455256499
2020-02-26,0.01573908670336078,0.0034663008478506324,-0.01458471601069185,0.004360980385151266,0.002989121112591028,-0.00844546427870461,0.003005251270118982,0.014877787703936194,0.0021829816888799393,0.012417428497363155,0.021145066561032114,0.005140559150933942,-0.0017968725916014498,-0.0036847525690621922,0.0007172329160333879,-0.030651215142986424,-0.007328457988624773,0.004540792798690578
2020-02-27,-0.067602279563313,-0.049333390430740226,-0.05021136444440867,0.00019481624361363943,-0.05584319831539581,-0.047888795495273834,-0.04250458342129143,-0.037442387913674484,-0.038511057127667975,-0.07306436756460613,-0.057274902043733644,-0.05137102156335876,-0.012669912727643126,-0.045951697864876614,-0.04898145141835104,-0.054961171919794966,-0.04367210790982918,-0.05544642489538739
2020-02-28,-0.0005852994313403357,-0.0002918893180325476,-0.021864342113710595,-0.03717601874476565,0.01831110871923378,-0.018114480683280972,-0.044305935870615695,0.02669693527570976,0.014232804998025775,0.023924407709385576,0.06687397381030043,0.0007777309068396389,-0.0587668825326576,-0.004210275842131584,0.0015050062779314885,-0.000883482893616642,-0.027449754492500523,0.007610639686346113
2020-03-02,0.08901835260382902,0.03658851566405863,0.030069806327146602,0.005511083646655957,0.034542968483571024,0.042420266821134076,0.04554105270986796,0.023242769557283195,0.020416737402861464,0.06441890682254187,0.023276169089818843,0.05031605365573215,0.0019299257516893274,0.04239469422801419,0.045562647529121175,0.039628407625164036,0.04988215022272955,0.05621502189598025
2020-03-03,-0.032274643269354766,-0.023278669366774255,-0.05673817775432802,0.030950390194086085,-0.035686188444337186,-0.029258596285887027,-0.03824687616356258,-0.02997915541218769,-0.05520183528226345,-0.049105775169335925,-0.03887462866460531,-0.03259272550764461,0.029134424496824685,-0.02904993789234912,-0.031131012387839205,-0.031050381176379576,-0.03829096747187322,-0.03871574389683786
2020-03-04,0.045340752401659946,0.03441420829326915,0.02280125142380658,0.001752990351755443,0.03227572922713136,0.02576744530444428,0.02440883399521203,0.04946627121496297,0.031089250739362417,0.036057289368587625,0.06768559882795705,0.04087549411706182,0.0043600002729666625,0.041173680493979015,0.04137515063460465,0.023377862841195,0.03254988967473304,0.04202637064531413
2020-03-05,-0.032974718741765316,-0.02656658154602768,-0.052021257332006514,0.021370951204574475,-0.049588006300084864,-0.048840240481066464,-0.05030569330997365,-0.023490874986702368,-0.03497015268608134,-0.02541552011560406,-0.04023492061305411,-0.030853324097388796,0.012967090518923257,-0.033807159779283044,-0.033011236368105226,-0.037271263495772665,-0.04942010056279885,-0.03206848120734934
2020-03-06,-0.013368781710510761,-0.011994572145720599,-0.04077508545720685,0.0003808885074389379,-0.014572214588641207,-0.030336201470866832,-0.053063693314932894,-0.015904922535118174,-0.02228026995985852,-0.02867454157901205,-0.026886809849975567,-0.017015973545427988,-0.007389130514971912,-0.016669157653838876,-0.018045053349156997,-0.057825132139577504,-0.0346188476838465,-0.021365071670943352
2020-03-09,-0.08239554097579656,-0.05430184971456644,-0.15902464849443723,0.0016488747161249012,-0.06368791295250262,-0.10971995281423585,-0.14555164094653086,-0.09547993547929744,-0.06614113440250853,-0.07017836072083421,-0.08059421941205047,-0.07199513894833003,-0.01871546746604564,-0.08131227684794501,-0.07670153950254528,-0.22490965938612373,-0.11343817419461996,-0.07895621626252135
2020-03-10,0.06954652514228635,0.04941384267449418,0.07381481809659834,-0.02132715182628954,0.04768539608151627,0.06464333042763253,0.07482569449324396,0.07197303465755113,0.049997519298016234,0.06614737199127727,0.0617743630825476,0.05301981898824915,-0.009490775056724732,0.05045018942598417,0.056035592996975525,0.0463457241516346,0.05708526683775841,0.06456927754798703
2020-03-11,-0.035348197818208214,-0.03823045590680999,-0.04062795585095916,-0.0035667044227174947,-0.051715657940235076,-0.06998127554186977,-0.04821430334068657,-0.038785629125343966,-0.0456411519864446,-0.04636023609685333,-0.057586735417787464,-0.04453199291960236,-0.006377536213610849,-0.04997654300662305,-0.05039572484472073,-0.05433292014176082,-0.055770567721542076,-0.04839093366941572
2020-03-12,-0.10397762996289528,-0.08253503819368388,-0.10012998633181537,-0.04070560424243849,-0.08560839200400407,-0.13169654057333793,-0.0860262924693138,-0.15104042495962394,-0.097209148980836,-0.09964168809773896,-0.1305274825727323,-0.09617106964266776,-0.06680170526132466,-0.10056880168039736,-0.09458726838594167,-0.13323439279750363,-0.11445054643553976,-0.10270274858579545
2020-03-13,0.11315734057611793,0.06264454451479513,0.16378615679266817,-0.03099155256530076,0.08838769576774136,0.16195148678952206,0.1656200699451789,0.09586403956945387,0.09744390057223418,0.13292922136236413,0.10742035271655928,0.08130881983856664,-0.0657248378449086,0.08202781530150666,0.08921663623639713,0.08828295680235446,0.1236024757634345,0.11093229081415727
2020-03-16,-0.13770792173238267,-0.0551930111496119,-0.16720481236086931,-0.011512126298224866,-0.12368455249497003,-0.13588074109410625,-0.16210568530765582,-0.20368030356608421,-0.15376893854150775,-0.15945351325010865,-0.20397955705044413,-0.1275922995674683,-0.13175895886102737,-0.11588645129621226,-0.12762543429290465,-0.14625983147536956,-0.14744869491286705,-0.14866274942617383
2020-03-17,0.04303082750356421,0.0679073394904408,0.07263909418108894,0.01346442633870517,0.04113649961204852,0.025597467082887064,0.05931885732078867,0.0712071950478022,0.023085950764287277,0.07912207911874213,0.10098745323227741,0.07310300396467692,-0.010050326220427584,0.05258510957145258,0.05185883102929686,0.006808738973894979,0.052875700683966936,0.06586438182042471
2020-03-18,-0.02478459194609419,0.012183223280898315,-0.05566075982927301,-0.02012310684271081,-0.024326303364314083,-0.125041233134128,-0.11123178842129562,-0.16645185559797487,-0.01660045756018607,-0.043007690115219224,-0.06882208776904539,-0.030888068693905323,-0.058050083080562774,-0.051959753020951065,-0.04272335869663006,-0.15498442401467702,-0.08870346577593272,-0.038405433226924045
2020-03-19,-0.007691763624215112,0.027450380856149387,0.01952896722489676,-0.019086492837834465,0.01859468322361152,0.06544399490119977,0.016668260711052454,0.004471033804396753,0.041126722587886425,0.01631914982685537,0.04883261188413314,0.005984072623696947,0.009764805329035302,0.002122639233150298,0.010253501121398348,0.06576266989445521,0.021650691199579766,0.0036136395534645907
2020-03-20,-0.06559011125805345,-0.018696493799985447,-0.07490627226082228,0.014884383146683595,-0.03987914797133816,-0.07700897279406183,-0.021328288239081953,-0.03719401701187112,-0.022453619520981065,-0.038282239831191854,-0.03448932452595469,-0.03996400516056825,0.02615669575910398,-0.04405019618934577,-0.04322539661221468,0.009714540287675542,-0.03634906571678145,-0.04690794297406246
2020-03-23,-0.021473176453913754,0.03027242280070844,-0.08428886072804029,0.043231496146295734,-0.013268599413694772,-0.02516769211223035,-0.055019084152489295,0.02605643558607335,-0.010945856163596222,-0.0100248652846971,0.0331736961570219,0.0007220203865547934,0.05768423270867782,-0.025900581852571047,-0.01758376009917896,-0.07059230101465369,-0.05994472720191079,-0.009176806050908056
2020-03-24,0.09560594442178827,0.019397213114498144,0.15114402815222702,0.047389520259250466,0.06951080216617338,0.12929909409561857,0.11238384777396496,0.18492632548808394,0.08339229182061517,0.08699923894641055,0.15833980436030262,0.07458544520576571,0.0765998955709754,0.08673072380977394,0.08556963381089279,0.14874173610537528,0.11690165554355438,0.0975029733034218
2020-03-25,-0.005524031778489429,-0.02836614678504326,0.0033231132246308685,-0.013784208180364264,-0.02544472028526737,0.009911945944939547,0.036638301313898065,0.01253770877971275,-0.030078814545278783,-0.009618566103282123,-0.014389855605084762,-0.007432338001934319,0.016418299058965576,0.014859303298249655,0.005569072786887799,0.04608764040682248,0.02684037118516078,-0.0012889925191546128
2020-03-26,0.05128529737441078,0.036267437779002064,0.07397258607698663,0.012740714714697083,0.05415232026383711,0.06645819806992068,0.0673416255309828,0.1085928503030393,0.044632629070371556,0.060672477134325054,0.04622384837885812,0.05132089340026167,0.001479253532874597,0.056748908956427646,0.058197067585533925,0.05930925936003726,0.060884484539778905,0.0600852965513959
2020-03-27,-0.04228371308063636,-0.028734293362178226,-0.05055222804447803,-0.006481449089244015,-0.04633991475000521,-0.045977189353823056,-0.07390399218043141,-0.07627928840865558,-0.040926742363457475,-0.041927360691411494,-0.01768766851993697,-0.03499867387461313,-0.006674118573120212,-0.03023867383377644,-0.035938437334865195,-0.07019204890586951,-0.030930245718195318,-0.046248177357914845
2020-03-30,0.028138225467235364,0.03305128565768252,0.020165555853935414,0.004390990264267052,0.03195391715207577,0.008051086736016287,0.025674534155905707,0.056729924264755115,0.05677953760166271,0.0679768916028638,0.049631880741144115,0.03572746018718606,-0.02105338957117585,0.031959657664931904,0.034834838818010444,0.010184332271323763,0.018859569071703827,0.04125472610515367
2020-03-31,-0.002042766184972418,-0.0072719999659999635,-0.03744383123022736,-0.032364821693651916,0.013551460514556348,-0.03201914817927855,-0.03781871018231563,-0.06180043183567125,0.005108779725324035,-0.015852505670313113,-0.007520830458121725,-0.008576450566335037,-0.008393765917945934,-0.015017527441749213,-0.013340971416492715,0.015256731986213556,-0.02794402438776526,-0.01885804412455018
2020-04-01,-0.05405188950498598,-0.02178742279295421,-0.0712496312718619,0.009411793149400162,-0.05288214799234763,-0.06204497745151508,-0.06504944510831014,-0.07198834477487467,-0.044124791737876305,-0.03615383305697762,-0.08108344336776664,-0.04341862985846075,-0.002301476445477974,-0.04604918128597235,-0.045215069714883524,-0.05082240073873174,-0.06293878004678446,-0.04882730838939668
2020-04-02,0.01654912716029874,0.005817252037933856,0.039668019727896985,0.01626050111056189,0.01345597008911633,0.031436767337699546,0.03665972442405317,-0.012435486176510245,-0.008873915022506016,0.02049716675204969,0.04975543761051096,0.020091926583541125,0.03842275050771986,0.022813116600224028,0.021717788931767658,0.08764483899483431,0.024755111419732575,0.023116972008044797
2020-04-03,-0.014475829904664233,-0.006399314195321289,-0.026602387780946816,0.004925309776577716,-0.022021743331090013,-0.020212316318360343,-0.03000371765355107,-0.011032079363213342,-0.025676181402345358,-0.009252940162416512,-0.04630538009327907,-0.01429453187767338,-0.0051870953959618285,-0.014559476188025373,-0.013554218631825803,-0.01067024620154639,-0.02016216714330728,-0.015568079660141343
2020-04-06,0.08364017299448692,0.04662517920980072,0.06569219646977376,0.02733353381543522,0.07956261499755811,0.0740936721620952,0.06237974295259942,0.1392733384721506,0.07115276829597046,0.07173237563898832,0.0956788162971083,0.0690547742421656,0.04147554803098667,0.06500669924834797,0.07034675094724625,0.05161167060932234,0.06933248598857206,0.08187616632602826
2020-04-07,-0.011650130871860266,0.006988976113008688,0.03446263346950242,-0.005368871400719198,-0.0005327406719497136,0.04805840353109937,0.013104092415843809,0.021579997590022694,0.01961899446066422,-0.010828724125748545,-0.03553428283324471,-0.0004072143183053935,-0.002855102764666267,0.0010191552568126294,-0.002710029789907653,0.02110643856920493,0.009926688910074094,-0.009000515910356893
2020-04-08,0.025272181492523055,0.015488887252484295,0.0574845650172,-0.008947881947437637,0.020456486472423752,0.06381581862392788,0.03958565162191695,0.040275750379284,0.03177089528251012,0.0099812111549689,0.030117313708368062,0.021010044602894143,-0.003580397086252104,0.03301704876607662,0.028095451091099538,0.06457746986168914,0.04281430908390607,0.026528711759638803
2020-04-09,0.007190805830000489,-0.00011749136016937198,0.05838955005196352,0.025788169295063085,-0.000356452793667498,0.040423810278045556,0.08591502185956519,-0.03226771638657676,0.005207862649959328,6.040761131908901e-05,-0.015097318139162092,0.0014446035103681733,0.028290470581442906,0.01510269035938701,0.008931042793988273,-0.009100611256047714,0.05223922655924766,0.00023442710527994963
2020-04-13,0.019437582830980467,0.059904424788693025,-0.0385451301134716,0.01699510551392902,0.0031775811907978103,-0.027956889575335736,-0.04549194239607712,0.0019341513536888931,-0.002285908722708962,0.0022378581875569094,0.025902212778428538,0.010745481035830812,0.004175334278809523,-0.00917192196282199,-0.003405237689167633,-0.00324896085731261,-0.03703334168199502,0.002227881491340895
2020-04-14,0.0492691550592427,0.05142426317898339,-0.007974995501388932,0.007837301543346824,0.04429485861895922,-0.005316166666001115,-0.027778099926084047,0.0516966550685454,0.019152992062476292,0.04829837510987744,0.05093198780539307,0.04257206536014174,0.017212129333185423,0.02906642619253744,0.03759438648025851,-0.004745077012234677,0.0044287719749033965,0.04107011803382916
2020-04-15,-0.00916934363486152,0.01061218674730437,-0.06709835082348115,-0.005115017933585634,-0.00628741537639397,0.0016259977059437352,-0.0505769752929271,-0.036243989467080594,-0.006758023041751265,-0.010533338110831804,-0.011013137791449593,-0.011535994275232674,-0.010981568887443843,-0.021477226881316768,-0.01681980982523885,-0.04810643312259917,-0.044271234363259686,-0.022046488969883926
2020-04-16,0.007914733566609275,0.042632714874196495,-0.03531662997106513,-0.0008653689753940822,0.00010333157462688953,-0.008325075952757086,-0.038855041547464206,0.02961684717743849,-0.00407682760455247,0.02957951600794771,0.048172701250043595,0.01807549264501674,0.0013793421334287823,0.004812579920573093,0.010227348529294904,-0.04367233525421719,-0.01770783816615888,0.012106213224294721
2020-04-17,-0.013662175863644065,-0.013877991515518532,0.0832695745834252,-0.019608466717140425,0.017008521998116716,0.03578441416255839,0.08607541913562447,0.030235465984107007,0.016822431291674014,0.008773078836462743,-0.008108587344023614,0.009520880359699788,-0.02512348553991687,0.026656743399253967,0.019398857593252484,0.10095215908963086,0.05131686324108929,0.01319424639330412
2020-04-20,-0.020974705824513072,0.007805217491159297,-0.03407943431328082,0.007100853720992193,-0.014054480094140624,-0.01698364840489974,-0.037138095162320174,-0.045046587977416515,-0.005594757362812914,-0.02002045028276048,-0.018192761392081397,-0.011915127568686224,0.007743833906514411,-0.017774658202762292,-0.015589938682679024,-0.031720376484873414,-0.01757173485253999,-0.016150286161928925
2020-04-21,-0.03139836636329622,-0.027741595250859077,-0.03897170528993503,-0.006848673348053854,-0.03962004280047553,-0.037213642993226596,-0.02943351319521467,-0.09058607895896979,-0.042637824586061544,-0.0422364926756816,-0.06305087281539164,-0.03759749133780911,-0.027009467713088046,-0.03083391949792869,-0.03376184307424365,-0.017791880842678607,-0.032805104525444745,-0.04280198042941714
2020-04-22,0.02839628782300929,0.015078276370104332,0.007366263225166235,0.019479888950845802,0.037445079365620824,0.012407730833965163,0.0032513386351018365,0.10934208978674599,0.06505084257355909,0.03340102339401705,0.05991064768271951,0.02924262960722791,0.015016373416424268,0.021951834301436938,0.02689602521536053,0.03497392787448013,0.010745506833703644,0.03777945164672836
2020-04-23,-0.0038831521715969436,0.015100238852104056,0.003205925941554545,0.009905643795524405,0.010088723103662019,-0.005298787638990827,0.0005593122126077976,-0.029195290181700414,0.015514206763585928,-0.012176322841491971,-0.007506804364553723,-0.002135222389862524,0.008480608053419708,-7.149088170152396e-05,-0.0002553942320683352,0.031767394535786954,-0.0041912561399030145,-0.006888964988917902
2020-04-24,0.02846099806487077,0.004478467862372162,0.014075085820253222,-0.004294729942651925,0.004262576905018989,0.011077873309746774,0.014659062409600146,0.010214334032491664,0.02633422400843677,0.01809453511523573,0.01945673815303988,0.01564730503103935,0.0,0.013842354220112237,0.01469469098363561,0.0023134601548738987,0.014362513806993516,0.020978790418371328
2020-04-27,0.0007067346408563777,-0.014299615622890095,0.05653210849915661,-0.00666258998355511,-0.004506359969077325,0.036282954015324616,0.04220128611250146,-0.008510874504784915,-0.01361357238343606,-0.002868384901502029,0.025535264548583396,0.008011163911742222,0.0,0.014315467079434832,0.00951188698636507,0.021432410138715,0.03347179645930434,0.008538556949355994
2020-04-28,-0.016342458041288085,-0.026406206272373736,0.017737008071112448,-0.004466516323334757,-0.030576267759398857,0.01872929559919621,0.007056059524893166,-0.009729301369424116,-0.024784697321352685,-0.024662816495218853,-0.01944181439965894,-0.01901428372500228,-0.0077711203548125425,-0.004608916082483658,-0.011777944530304662,0.02264250686806023,0.010619840618249407,-0.013401873633468802
2020-04-29,0.03231767641797921,0.025020524430829326,0.03657704754988464,0.005518192454017435,0.08517760193595013,0.01601978793452467,0.02661282894396333,0.06698211269552411,0.05984283006589517,0.04389623521874936,0.02407632525787272,0.034846824964020195,0.012685113773228902,0.025841270308711688,0.031023574040518746,0.0714589293927467,0.028635216795057802,0.04022304324182159
2020-04-30,0.020876576034535705,0.041803503952607714,-0.02990196506050221,-0.018282683683788697,0.0033618315944538312,-0.03540300482793022,-0.021692618701196875,-0.09239286796354187,0.052757395699499596,0.009982003831848423,-0.020923505364902454,-0.00041101731909687627,-0.02123223415046058,-0.009353865800589556,-0.0019567721916698283,-0.02237894532695794,-0.025559192444613955,-0.004475371787395226
2020-05-01,-0.016230382084301723,-0.0790151691799427,-0.04116824161194657,0.0061522933833428935,-0.022057853254377167,-0.035063976684103,-0.026561259314727616,-0.08269035880091848,-0.011990999535629909,-0.026232377517988657,-0.03304300533011165,-0.028589908742258988,-0.004301043674320657,-0.026830278663215988,-0.026297469224203934,-0.05824275412008071,-0.032555546676920545,-0.02784244980371894
2020-05-04,0.014049264773159011,0.013016157575809914,-0.0065205213184709974,0.003498676361159418,0.004226889792166112,-0.006060136063507342,-0.01197482254389229,-0.0021298116336683124,0.014673963546041217,0.024165683690969556,0.029649948843364967,0.01158989537179576,-0.010834314403048408,0.0027540905227819695,0.007013877852536225,0.03400367439471907,-0.009107860741960986,0.013185845265400844
2020-05-05,0.014897518908510033,0.0007812169559819208,-0.011844716657742081,0.004232069630406605,0.019552129076793233,0.012812963745541243,-0.0015204904068358111,0.0347383151554472,0.00877954108218685,0.010678640690481746,0.008375759444173526,0.01127347578619394,0.011552463715411163,0.009197402160384041,0.01141699687104227,0.0008086816407221629,-0.003207196872258125,0.013671929535031865
2020-05-06,0.01026453536882875,0.014332930141282023,-0.013775263486491796,-0.012938939248234135,-0.0026646742116123276,-0.00777005916903394,-0.01898326928556912,0.007181283289886794,0.006738171702852341,0.009799275869347633,0.013693493178382551,0.0061375549033659505,-0.000718149312362759,-0.00680177971508136,0.0004938379712117975,-0.026479019281869156,-0.021805490473659556,0.0077444965597201895
2020-05-07,0.010291876915550675,0.006929629421755726,0.021687277043548236,0.015234124108560072,0.01757137925463503,0.030065987472996478,0.010359015184502218,0.012475149337213531,0.013294475759418433,0.005789689569000687,0.02349690168752431,0.01279472769961111,0.02413177064960887,0.011994680451680227,0.013232209402303338,0.02567033764114702,0.0231814302005013,0.014883932681364995
2020-05-08,0.023522829095436987,0.005055588339379235,0.031461323750950565,-0.006028427741239837,0.010938419375159287,0.01669836432566076,0.016203884988165614,0.06930253866238055,0.005146180023878417,0.0058654407667142324,0.02471880164274494,0.013611290517506678,0.012543673368582166,0.01641027262007214,0.013059402169654646,0.04455712106987137,0.021310917299733164,0.014559876016017013
2020-05-11,0.015612795081632155,0.012275095742505182,-0.0429104494674526,-0.006253147010599243,0.013809786767839304,-0.012101793734607418,-0.02989185107863254,-0.012016086272449876,0.0039012145873933974,0.01109264757904926,0.031870738127194466,0.008899200935076453,0.0,0.0002054554910042647,0.005271981746122451,-0.017690653231952187,-0.01947966015431677,0.006625249377728252
2020-05-12,-0.011494131885551546,-0.02184325689933136,-0.03194869313229954,0.0038815245238018456,-0.020448548244832165,-0.03302472879534283,-0.033223502262583166,-0.02412267323900192,-0.014553475060279018,-0.022912262824568895,-0.0331513977238006,-0.02115909055133965,-0.0013859672577063288,-0.020132990843739863,-0.02052474291493942,-0.01774135493798297,-0.02642101850991008,-0.020864137694375746
2020-05-13,-0.012147485155095271,0.00464352271673132,-0.04680298156336925,0.009576645345897673,-0.01971809993551778,-0.03100424466566553,-0.03507947595914187,-0.03090477689374163,-0.02408575276929039,-0.015237834821983622,-0.0028877562881379666,-0.01259479125274577,0.008974869578781578,-0.01784386347987753,-0.013508498920823911,-0.046481962118337786,-0.030037745254367275,-0.01738036468166013
2020-05-14,0.006124263129022811,0.008800091486279958,0.03946028127324817,0.008811127536123346,0.0063066495855814446,0.015307164359811528,0.04069399733701412,0.08051680489841172,0.008302685069512901,0.00432975786113135,0.03169039846237555,0.011288191085643317,0.01771164988661585,0.011895918188796173,0.009842405047096334,0.01113326288408749,0.02532986836999533,0.01266052415482499
2020-05-15,-0.005929215754122256,0.008723388257937528,-0.012514620360184883,0.005627947839551041,0.01186839152308481,-0.014900030205634419,-0.01868374887117699,-0.06591737956363712,0.019488853272263747,0.014463242267995313,0.055730338671577034,0.006470565730371466,0.04618233533245419,0.004586275736650188,0.006589439722304604,-0.0038825450538691802,-0.006628729295450429,0.005040896428507109
2020-05-18,0.023287866444838386,0.006815562402388709,0.06718784259979332,-0.007592898231851983,0.008788657158240386,0.05660903186548716,0.051613408850372536,0.022109087720108854,0.010894506414681215,0.009509054394322557,0.030104965697064626,0.01846059534102417,0.0178918339061595,0.030005320248371794,0.024033755511535578,0.07852380671888576,0.05003310545083162,0.02420476740476684
2020-05-19,-0.005795075498552304,0.009463506026665746,-0.03190338507485223,0.009603940342589153,-0.00781296832823814,-0.02251923200094273,-0.01987537944444955,0.016142852693392294,0.01716042645279918,-0.0069464492176424955,0.0062941942871823035,-0.0025094847409296434,0.023780852455599456,-0.010324325636532536,-0.005954480146675939,-0.028398298807082493,-0.024703622156578457,-0.0036616856120630682
2020-05-20,0.019261389152010734,0.0196519053240098,0.03103094731149455,0.0023714668825757603,0.024976643525312606,0.02009704590253838,0.0295575074475459,0.0357000471172624,0.05860461997372521,0.013775524529592907,0.01850925013448898,0.01977159402179848,0.011681690174897228,0.01684540229214792,0.019165661155515504,0.039128958657824876,0.02198876242161843,0.021668753092149457
2020-05-21,-0.007483567328778773,-0.020709907813958355,-0.0004367455603327015,-0.014683616168536867,-0.0017117346484038505,-0.00741256351912922,-0.012782473879849857,-0.03937563332880194,0.006155831934671297,-0.012084007010752885,-0.021950349566067503,-0.010950366205615488,-0.02475377407032916,-0.006927983588333563,-0.009182326635869395,-0.01613910620556994,-0.003176535010604623,-0.014046686079187135
2020-05-22,0.006417753659907863,-0.0040379627094452065,-0.010535533334051687,0.005899400714775776,0.004602728982683447,-0.0009447735065630584,-0.0077933302523493925,0.001686272093163483,0.015097828816182596,0.00043611571334230764,0.02820166802163066,0.003445701888797203,0.005000065104307523,0.0018972593069300223,0.0035415474243719264,-0.006217840567309595,-0.003643084761337764,0.0036340154723249647
2020-05-26,-0.006796530896512093,-0.006182687942356004,0.06905155020136075,-0.014316858429627,0.005736469916967424,0.08585322827388975,0.06856809505400731,0.0197919441107724,-0.011603413267645581,-0.010628054459018732,-0.03477611834194772,-0.0027031835888023724,-0.004373680568558697,0.012245103612264748,0.004233329241023616,0.027426967099552578,0.05069989433024167,-0.0010371448676685501
2020-05-27,0.004347448696250051,-0.004747292931811086,0.0676739265825744,0.001800809585778032,-0.00076739081319308,0.0670662510005018,0.056305576233840436,0.035950604415151736,-0.013265919764973419,0.0013208126243536562,-0.022328438389382303,0.005442577610784375,0.011208047100676077,0.014769624284902269,0.008413178289685382,0.012812520210506136,0.042451298575185224,0.005689834418070489
2020-05-28,0.0004400258340999062,-0.0038615979869802697,-0.04406679981320386,0.0033447448656947374,-0.0014373959726088664,-0.04108809265511524,-0.015007799477680578,-0.03422482741507969,-0.016190368162294123,-0.002257308728886367,-0.004496610362230166,-0.0013034949503496305,0.0024737746281762113,-0.0018467543342101736,0.00023268421883919133,-0.028356247408250317,-0.015919820061336885,-0.0019620128733837065
2020-05-29,-0.0009745183804553065,0.017041909136995572,-0.030218767256399104,0.007331471236597383,0.010716491890584129,-0.017556186993591735,-0.025867590062495453,0.02534862429166363,-0.0016425388459109162,0.010146544092677788,0.044758890476964595,0.01454642425773474,0.02861682690333445,0.0044460652919528585,0.006262466106642114,-0.004633350749042837,-0.011467802018280888,0.01253103782706612
2020-06-01,0.012222996281452387,0.011670253098244966,0.020111508615445365,0.004593203918142176,0.0009410976887856966,0.01735589571417413,0.01316951460575829,-0.009915064759411079,0.029849086890122552,-0.0022945718686624875,-0.007832943310799123,0.002995300600585279,0.02606785823702546,0.004033359049449825,0.005533850872590891,0.01739177284641276,0.011467802018280914,-0.0003059799583313758
2020-06-02,0.0046187955755097555,0.0005542421239081785,0.009302490703208526,-0.006497892824854574,0.005171838971159513,0.020838780140264017,0.0033412854116175277,0.0018068728277324747,0.0034865941587451914,0.011312545978530635,0.0021550027369817005,0.006685161219787663,-0.015321467941565815,0.008246285634087627,0.007559465876384541,0.027508610502552766,0.007991367066287716,0.009349447460821142
2020-06-03,0.0054898592556437776,0.002419803318654912,0.045256460989470344,-0.01862251139241922,-0.002123996963122215,0.031011927049286493,0.052571282015060936,0.05528420608185458,-0.011061240484250752,0.002430581673227368,-0.00633694329966292,0.004488659145001262,-0.021609521170815795,0.013220350929621424,0.008634384049051518,0.028931246068388056,0.036607360389479204,0.007758592749889457
2020-06-04,-0.008649475072274362,-0.007207963182428161,0.03689319273517523,0.010471254055873179,-0.01748744108094555,0.01998252436188617,0.02059786508130435,0.017106720408121324,-0.016957322216175037,-0.013250933957168401,0.00011419093063504791,-0.007038222311957222,0.0036342482434585962,-0.002630167583011385,-0.008178459757164122,0.00023954009344372848,0.021574695698584258,-0.00826472045156147
2020-06-05,0.0280829807782616,0.009062306094701045,0.04847013680008043,-0.02048368991541374,0.018022522623647834,0.014327312501253098,0.04401838732107619,0.04384375433121496,0.019604167504043712,0.023128646092369236,0.017358202784247823,0.019633263534933748,-0.02077045561449672,0.025306862901355313,0.022777218407373265,0.07164069774419546,0.036480562256460826,0.025973156811598293
2020-06-08,0.005895230428611912,0.01640122058468097,0.015181401831645009,0.010764002439043798,0.005553805978420293,0.013174779919660831,0.01976219347236473,-0.02433260007949128,0.002726191508256307,0.006177403036879465,-0.012975976306514082,0.0077302141475210535,0.02378882406657012,0.012014674143584536,0.0071095456193262735,0.0440640794006001,0.018875892174800655,0.005016492284578221
2020-06-09,0.03108946535499579,0.029973414532654237,-0.0112758529594141,0.009595645355064148,0.0027861454378827134,-0.012348855116499328,-0.025984880662220513,0.015802401929576885,0.03093403620058685,0.007615937850695859,0.027002633880571034,0.007218526160743556,-0.010300004729249754,-0.0074844893228781205,0.0008852051632342872,-0.038282217801864624,-0.021547026030708547,0.0046984069505831855
2020-06-10,0.02540220038555916,0.01775474019639406,-0.05911967641424113,0.014223142854853236,0.00865327759212178,-0.021223096678802542,-0.04137245057376379,-0.003412984694259974,-0.008161536585068402,0.03642055465040376,0.03484340473448559,0.011930308549019717,0.03235746771150489,-0.005595304280300719,0.005294485468341659,-0.0504768112668074,-0.03816657227566554,0.016561355185487122
2020-06-11,-0.04920142769939133,-0.034386807792203426,-0.10577833915535036,-0.007240232329265166,-0.04382183851208076,-0.09520231291981125,-0.0871312013869237,-0.06467555638892032,-0.05335651533666006,-0.05519417382749838,-0.06284013620220807,-0.05081897560421286,-0.031140154268900582,-0.05937777045600797,-0.05425042062494492,-0.0989550759078209,-0.08531674109374336,-0.059053272031193406
2020-06-12,0.008596655074962281,-0.005071582137180358,0.03490419240454766,0.0014153150353447643,0.007830171089802865,0.0386496913972022,0.026995570464611807,0.007372785914929072,0.018322492977257476,0.00786088751945838,0.015370334565970653,0.007916701429574229,-0.00978001936165398,0.01190471430488222,0.010398478145322222,0.02491870752526563,0.029814814558664842,0.012857815101950429
2020-06-15,0.012291359092914587,0.01080967380014712,0.014820913723036096,-0.0017848491512042477,0.0055192629724208075,0.022201870450684134,0.013723374164425614,0.02300065383120525,0.017003914517632886,0.006371583024426863,0.026649839552718414,0.012093804185038016,-0.00307604942992204,0.009292170700785482,0.009153385347163444,0.0030094015173755435,0.01375319246553897,0.009610734259248048
2020-06-16,0.026157089407386962,0.01641919546995653,0.025516672778109897,-0.0004929560183834836,0.01794804237287042,0.015773300130690424,0.00796831538029074,0.05203808475319817,0.013457494991794468,0.02420957153206774,-0.01153930060637373,0.0170271276828359,0.0018467648743243795,0.019064971997859344,0.020516917674781626,0.02838628020786672,0.015606160903441363,0.021096928451243963
2020-06-17,-0.0013926826491627601,0.009782656419923274,-0.031498668419382564,0.0019087937874243815,0.004187615343227642,-0.01635522707584653,-0.025604366411811286,0.02680768384337086,-0.0005093539138966218,0.0034551611507883584,0.01830240036667833,0.003165630659301298,0.0042957841143243,-0.004162833243145034,-0.0002230909928655276,-0.03466577385165772,-0.01519213066698413,-0.0001951497792453264
2020-06-18,0.0003980432743782286,0.004910408831544251,0.0015987477079458816,-0.0019703951105462295,-0.01276214044932206,-0.011462635287573165,-0.005443173383844977,0.003245386869042717,0.0017392062071890286,0.010651716265181084,-0.0019508763036720986,0.0027053242950427574,-0.007375623041949104,0.00038500307546124134,0.0011154941996410058,0.012270239041892783,-0.0012421648822056053,0.00447821617558509
2020-06-19,-0.005731087230347266,0.007892706403668376,0.00835148587072816,0.010972576221366465,-0.006632286679681056,-0.010900912553550855,-0.011486661866413408,0.0014284467663823904,0.012007015982547496,-0.005977572180344399,0.004680684857408377,-0.0001635195622974754,0.017125843423055613,-0.0057312297568759135,-0.0033500430690959356,-0.01529807597410221,-0.006650148722394866,-0.006920494117333344
2020-06-22,0.025827457842521443,0.014404049034053084,-0.02526692500633299,0.006441427074830093,0.018099385946059268,0.008838605705476973,-0.010896315342150902,-0.009401720987976283,0.0017990581033390837,0.02739502523606673,0.02826468589386994,0.011921097123787042,0.0006062582150659881,0.006394812360746454,0.011020998890277007,0.004622286780325053,-0.004964370526101875,0.018665734937758485
2020-06-23,0.021120341404726996,0.018470070932883553,0.006880984440592161,0.008384398864595731,0.009140299750433824,0.006663157041910386,0.012122670623744633,0.011714669356810422,0.012545362493083469,0.006658623471992211,-0.008088840938516686,0.008475081727680321,0.01563472780383606,0.004592963235559403,0.006413912268752726,0.0010186119114709714,0.0046286724174529345,0.007193932323595793
2020-06-24,-0.017809775470562582,-0.010915222785479236,-0.040334636876485856,-0.0034899960158010397,-0.021597954901147205,-0.033568076801152764,-0.03396171762721725,-0.032813027556091987,-0.03452230062900953,-0.020363614823503542,-0.022959844967109493,-0.02083136945997861,-0.029057705958735143,-0.02583963014279921,-0.023420221131600125,-0.05708360422471591,-0.035901133316989534,-0.022814031310884598
2020-06-25,0.013188083409413905,0.007352966946613356,0.03750714221660689,-0.0006028992986150158,0.0058458297145067666,0.044833794453051995,0.03426798035557567,0.022058634025915406,0.0070683260207597895,0.01255736879022072,0.027183383469511012,0.00947462343846492,0.01886271064829959,0.010663682520520506,0.00988110336443166,0.018951452096017746,0.02619832266126236,0.012727895457721771
2020-06-26,-0.031207784207055573,-0.022657517035347675,-0.06561792908352908,0.0044532193863769335,-0.056055941078763445,-0.09045016536945674,-0.056378375518065696,-0.032777224060098566,-0.08682638760036827,-0.020219079324063815,-0.035938054759892736,-0.023898229794491303,0.00240812933987262,-0.024038465263343103,-0.02534647094279005,-0.03525209620226424,-0.04375839804867436,-0.019891190696906192
2020-06-29,0.02278563506885147,-0.004648937652200358,0.010313688889772743,0.0005403343600226875,0.025097955573326836,0.022370791840762336,0.00441872783163978,0.019445025371448026,0.02088389918292842,0.010690046418278427,0.0049032967821019445,0.010847699603497978,0.0012019507755499145,0.014590780132603703,0.012527220734021242,0.013331870435087786,0.011011025238225012,0.010872287929874637
2020-06-30,0.008312339751550971,0.02884445591830274,0.015274202855725758,0.004431086497931087,0.014833984861233784,0.02122357268992077,0.011333486054684457,0.047483278464920876,0.028725969660335172,0.02522810560368875,0.031851535517959745,0.0194116134530276,0.021391226348134788,0.012728367271283287,0.01661079421778834,0.022713049669944255,0.013487311940139827,0.017766073589687268
2020-07-01,-0.0018929311595882292,0.04253577590541981,-0.02084744678789003,-0.004491160110102202,0.016748446996661386,-0.00025299429403337646,-0.008542007818750986,-0.018660756674674026,0.045119623564762755,0.005830546424716629,0.0033894997690003203,0.011604548968977006,-0.011232783462316242,0.00698025250001029,0.009747573758149062,-0.024606727400751812,-0.008680651541430216,0.001625511420309416
2020-07-02,0.0,0.004021512351305945,0.0012890522202158056,0.0021582779375089872,0.01918346649995229,-0.0008608898221182558,0.003243132864458316,0.019402264706080887,-0.017538775991887256,0.007591838956951522,0.008593834292150982,0.006763706481569271,-0.006561348583064165,0.0054919138983701155,0.0050575781126773675,0.011041075206426611,0.0013066398993094753,0.005811686677056474
2020-07-06,0.02639846430651018,0.056086861548230546,0.015761660116185496,0.005970880083946397,0.020017135120743507,0.04922424083082207,0.024939817550521656,0.03419401415337843,0.028965546591175353,0.021297929983833015,0.023341029788600105,0.024287214991572912,0.020142871164230712,0.015319339810680375,0.02019426519371485,0.0029413341599263897,0.018974396085827332,0.017327565431907162
2020-07-07,-0.00310765649752889,-0.018794894393650154,-0.027857039336849795,0.0062904343270385864,-0.006509442241973379,-0.039344107367075734,-0.028615965745570657,-0.02133305009815727,0.002411139119366827,-0.011695899337213513,0.0032979337036436506,-0.006912816684524545,-0.0023487391188501652,-0.010367131977919612,-0.009286625693468045,-0.03229159970145434,-0.020717177311419328,-0.010511382861722606
2020-07-08,0.023023107980467535,0.026637631211038765,0.0039037780913307903,0.006192353605402356,0.009139874131261137,0.014392274577386194,0.010559111989010031,0.01786404876928338,0.01122945512457117,0.02175435177985862,0.034277724790954096,0.013085869241537635,0.027827856080578004,0.0076193347308881705,0.011433730358855488,-0.0008273399772977684,0.010412420266032665,0.01619043806550885
2020-07-09,0.0042911401155017095,0.032418003431597016,-0.014388976855635761,-0.002708063902871328,0.009966218763383423,-0.027164064666036238,-0.02188829264199989,0.005854519694136392,0.0037698370384564753,0.006976542937618707,0.028276775375459712,0.008388153458904247,-0.00630920439413298,-0.0057091566906797035,0.002356519798178586,-0.05066888691744239,-0.021374696615674413,0.003614152467844361
2020-07-10,0.0017479361743792216,0.005442909266691453,0.053443078277189436,-0.0025972650920347735,0.013311032013605882,0.04339734060578946,0.05322510390460231,0.012490172279753969,0.0023287222921568405,-0.0030375912540234356,-0.0028347863800571404,0.0068042712475780975,0.002872805490642447,0.010158883609660243,0.005122930138240685,0.03144012653884029,0.033813093447492254,-0.0002773269786613261
2020-07-13,-0.004623925402106582,-0.030459227148096752,0.007052534088078729,0.0012403879870823364,-0.01755379056306463,0.01602214485395004,0.014232968476859884,-0.008388730726112459,-0.025080389007902094,-0.03137566617539088,-0.04160044846438842,-0.02078515496880154,0.017065217226942198,-0.008696541386191553,-0.016312737622449187,-0.00536049946245353,0.004253491320787099,-0.02094372031631423
2020-07-14,0.016413132323889107,-0.006464146747407976,-0.002069052469641873,0.004652728164010819,0.005690281596088902,0.024262579706066083,0.005718087662645919,0.02611406425597001,0.003049624430934259,0.006162466687545914,0.03179523824979493,0.007053310915666733,0.013445568317287734,0.012875361577631656,0.011189807484208484,0.034476495416972355,0.00508058303380043,0.011461019966968808
2020-07-15,0.006853436069763129,-0.02466286482562469,0.0188760907047202,0.0008809438623464781,-0.0026203182680084435,0.013413796469993208,0.015358763886657273,-0.008240502227982692,0.00229161100241677,-0.0014892811232703014,-0.014536243030468075,0.002033763659298194,0.011068224022166147,0.009145519637334466,0.006824928007294978,0.021360865926682845,0.01965326436941281,0.005403090665868488
2020-07-16,-0.012381160726123436,-0.002985648858511928,-0.027613549549037844,-0.009496639325154646,-0.0012929856022832222,-0.010334284132940805,0.002803544493124526,0.004824929034465687,0.002701607234713289,-0.02000253179280632,-0.009085656097661746,-0.00684602068764655,-0.021697617902235865,-0.0032990478676933176,-0.005755195905489158,-0.004558217556867277,0.0,-0.01243308886901007
2020-07-17,-0.002022299749958377,-0.012724365220700149,-0.03011886897548614,0.008204262794308569,0.0012732075997116863,-0.015302836982067924,-0.018671242850151173,0.0040220982108618245,0.004555232492329256,-0.005113127136038941,0.0065648527119082575,0.001156797658894546,0.01285290319172155,0.0028947487326002456,0.002348554345829348,-0.01407342552930888,-0.008315833760928771,0.004879293672622742
2020-07-20,0.02085500682914807,0.07630823511693882,0.015384893606013068,0.004808590336846309,0.030508391104059084,0.0014181787657273832,-0.008800008493712971,0.02137199918030492,0.013909332942442414,0.04208328011488468,0.029863673696016134,0.02797634935671563,0.028463905456688657,0.008049278834538709,0.01901180614777368,-0.0167653107820746,-0.00460340202033648,0.025233656626431733
2020-07-21,-0.013897900019012043,-0.018484694634580835,0.03500351758851545,0.011978962477666387,-0.005077321314681748,0.0014632289094729644,0.021453963867306993,0.00920105022388077,-0.015066934961563385,-0.0135606095290018,-0.017491433439074267,-0.010475707144438347,0.05970355892651301,0.002125732322409871,-0.004824023290881306,0.05866606911731897,0.019522990173527807,-0.010090808289432289
2020-07-22,0.0028053144278599174,-0.012305027339411448,-0.004514575515214802,0.015087942737564556,0.00572306941158015,-0.02880439959318645,-0.0072690649147861205,0.013742058408837465,-0.007807067255424367,0.014269018362043022,0.010618002843253533,0.003516731040211246,0.08616372483234123,0.005675447154880927,0.006496758702190974,-0.012360362338925018,0.0,0.007989304367140397
2020-07-23,-0.04658486189213558,-0.03725419917985109,0.009416538430463757,0.008786586410813348,-0.031220170134800343,-0.014571730774128492,0.00293402072016163,-0.01992326908358121,-0.03077661333072189,-0.04446872546766098,-0.030048400856751405,-0.026467267058281688,-0.01930833874663565,-0.01200361170822975,-0.020258108139345952,-0.0018541802575790269,0.0008221725879487706,-0.026319701165250148
2020-07-24,-0.002480342576225414,0.007458986752838637,-0.0077725400253441206,0.008542281441677423,-0.005646068879501921,-0.007664094879001099,-0.007097362896417575,-0.0259815230721341,-0.008158821821537678,-0.006141318204312218,0.0063716268351379605,-0.009540988971712863,0.008522703046329797,-0.006461168277540047,-0.005558040496561203,-0.00558300361767274,-0.002468983759346148,-0.012187680967473467
2020-07-27,0.023423681763954766,0.015270459525145965,-0.008661506264629358,0.019561196964697856,0.013971252401376411,0.007664094879001069,-0.014140811975917305,0.03512763489381405,0.012020451381108873,0.012588218005176727,0.022022958186891674,0.017685814344667355,0.07360273178817667,0.007266091405728904,0.011932985472335263,0.001066156268745584,-0.008274895190564263,0.01565617439426904
2020-07-28,-0.01656355534177319,-0.018126069617507432,0.00907219644284522,0.008306536040413818,-0.01699933989875604,-0.006919986816098545,0.004324932391163475,-0.025885460792887154,-0.014581105257438288,-0.009017614033079263,-0.01996515249645648,-0.012806561965836108,-0.0026315570204211874,-0.0063626045803511075,-0.009577551405406393,-0.017191052812704697,-0.002495686539116508,-0.011766480768541143
2020-07-29,0.01898687547519517,0.011004699826417956,0.03667538080228706,0.007482169283186,0.01312123505532619,0.004750156298641215,0.0239603211897942,0.033535830883399696,0.013681303362663998,0.010047366312415387,0.024177744196350326,0.011459943298232902,-0.008822322871312025,0.012223734601579467,0.012327383240964742,0.020646995033402605,0.018568698906193046,0.014383270639678203
2020-07-30,0.012027240475959036,0.0060308083157400725,-0.01716251134573106,-0.007427778888433271,0.009706411502697096,-0.015170230332904384,-0.027047557516633108,0.04791471956766448,0.005173331770428727,-0.0007846079045724789,0.014090009562065844,0.005222044225410142,-0.03654814480193389,-0.0035744019245036295,0.0012666072885782558,-0.040070190000400116,-0.018152171765108655,0.00558467660480804
2020-07-31,0.09956365911285744,0.036294147981264194,0.0016091254920389193,0.00904688435302792,-0.0333238905514468,-0.007899379677380513,-0.003924591902127325,-0.003652432851377844,0.07857869086970493,0.005429286817156109,7.086462326482523e-05,0.017688104300963306,0.04008640258090378,0.007871263642613537,0.014452079968732797,-0.004707415026320351,0.00041600199295856383,0.024660725037243144
2020-08-03,0.024885327458788287,-0.01682166001089732,0.004411373629973568,0.0011318982444248418,-0.003494079142186732,0.007197338666312733,-0.005603608421533072,0.011205465777594752,-0.006763866678342103,0.05471644329865063,0.03658170159932597,0.013416342517215385,0.003965643170113367,0.006927929552619768,0.009931665437894796,0.0036016749931029957,0.002909107264700631,0.024332788821361757
2020-08-04,0.006655850996683044,0.008619861276316521,0.0007998378645133941,0.021054515412853636,-0.006400552463112461,0.011221512934251809,-0.005739589039012272,0.009264729019691295,-0.008489672251417453,-0.015122620912619367,0.019561889586318448,0.0037051819617194594,0.06429113912626655,0.003855116700905848,0.003288837965308309,0.02404469689782553,-0.0041583371069852364,0.0025595690253398967
2020-08-05,0.0036183543037614095,0.020871316739287018,0.015079727426839908,0.009240417270834574,0.003922220228327816,0.014181652112799115,0.017224233416122944,-0.003877833909109419,-0.002845962632987418,-0.0016422113858170055,0.005241122594720124,0.002474930082881361,0.03245717969071639,0.006191861450555379,0.005933522232504799,0.010474299466593522,0.01365626619726851,0.003695337283242969
2020-08-06,0.03429428610884082,0.0062115284906952865,0.003145859261252569,0.013186741026147062,0.01733255405947174,-0.0013209200758504366,0.00030828473115777476,-0.014870522887520868,0.06285119014735917,0.01588708717950932,0.004310034778240387,0.013158268652593706,0.07050868735925907,0.006662443852630751,0.011359155946045694,-0.008047145078394345,-0.00041095835657517504,0.013954624338873201
2020-08-07,-0.022998101381806742,-0.01800293843304236,0.024817165081143545,-0.016012829047696152,-0.004381701714485501,0.01949045469354206,0.021768616546033518,-0.014315033673668168,0.011841366395229924,-0.01804964374203881,-0.012070240635501755,-0.011610010348692471,-0.026004805522185783,0.0007175939239417549,-0.006272064265775768,0.001345535248636669,0.02115631665056655,-0.015008881958341857
2020-08-10,0.014430110877657712,-0.006111826385309402,0.017087809395495025,-0.0034649534714480275,-0.0010348066475682016,0.005315604005948362,0.012599157356566694,0.0088745461263236,-0.020473403045190974,-0.020108512834227252,-0.0030852461360688825,-0.004281988043223024,0.030459187093047173,0.0029843293432634003,-0.0018282333270689146,0.03046183853131319,0.007220137818600762,-0.0028174327299626475
2020-08-11,-0.030191220100965397,-0.02167112480516848,0.013463321749316366,-0.0551897267189793,-0.010936071156963897,0.007991667568176413,0.03110887845194286,-0.01812697024052435,-0.026468749032547225,-0.023663374844034555,-0.028618838208077105,-0.019123067644935345,-0.14609678324119812,-0.00828904000121435,-0.011452155455733033,-0.003397299695301441,0.011524053034929042,-0.018149868682546973
2020-08-12,0.03269405691488503,0.026133573522779383,-0.0070829280877383344,-0.004679132411383586,0.01787330095282086,0.005056664746385231,-0.008512405137170125,0.03333958713002239,0.01457353277444755,0.028166726577449168,0.052972744554464476,0.024840928980735567,0.003850278664081087,0.013846231662152628,0.017735580200053423,0.009898743949003797,-0.002769420356419026,0.022460785407895548
2020-08-13,0.017542650733181685,-0.0003859062604570367,-0.014318326527158042,0.023343474417206588,0.006223703839872106,-0.017787903254979316,-0.005552594376546218,-0.011865156801501358,0.005410338704563111,-0.0023449653525061437,0.0002402138985828108,0.002278229910142142,0.08312541154729385,-0.0018093552843655132,0.0022204970508389764,-0.01963139324067892,-0.0063594021527844,0.00043875347237664453
2020-08-14,-0.0008913862158117852,-0.004121037907113718,0.004543650636285824,-0.004318527254207777,-0.007956879031532305,-0.0020172330218086016,0.00039068597873336377,-0.00900543389643373,-0.00022967444543086976,0.0009580621487694674,0.010518648074626281,-0.0011754966169766827,-0.03478267194052053,2.9634886425979942e-05,-0.0012104735142221966,0.009470719573650864,0.003979457528670969,-0.0007021680540510134
2020-08-17,-0.00261407809818714,0.010865072977043023,-0.021769075331192413,0.02146194877539166,0.007686403329477146,-0.023843366330267297,-0.026718508068194,0.014454561740334415,-0.00030603987412039063,0.006584038374875981,0.06470589428769516,0.01154385239949416,0.04144022819156547,0.0031717382176786758,0.006037286569318435,-0.0057768600597963606,-0.01682054772166806,0.006651573916499248
2020-08-18,0.008298243561226593,0.04006138810950659,-0.014388807398990863,0.008967673573403242,0.025743621958592148,-0.008704521871906023,-0.014038412168468595,-0.011968430392911882,0.004508105848989941,0.005737890761392295,-0.006199462735024344,0.00957948757189912,0.010097107979273602,0.002157851249336516,0.006798493760524459,-0.012722490149497535,-0.006483086054091676,0.003743823753604996
2020-08-19,0.00125389281600144,-0.015825714532805114,-0.0011755407931832264,-0.03207438281593019,-0.007205611124372451,0.00845849035513793,0.002336682254694257,-0.006374245312524789,0.0009524829198769643,-0.006085554437206238,-0.010021036803916576,-0.0067502148302165735,-0.03940620306509232,-0.004172651114124344,-0.004794110868528372,-0.011535770763746614,-0.0004066186715642206,-0.0012174796929713082
2020-08-20,0.021947052592847023,0.011250743012291311,-0.015810607054539412,0.006890137653281628,0.020277238060596503,-0.005779627989684477,-0.012045994417335127,-0.03747580750197762,0.02415472592597235,0.02300472796499999,0.00020606168270023055,0.013776489763202204,0.02891868990424966,0.003108866367256711,0.009168844584247745,-0.02182337369562767,-0.009397461818401833,0.013224568595070242
2020-08-21,0.05024822908664444,-0.003843813244746528,-0.004792596348968152,-0.008043165542872153,-0.000431602379566057,0.0028692169632401343,-0.0005135988780260624,-0.014215071645959788,-0.007462475404349321,-0.007296595029402917,0.04371352178838774,0.006906525605458048,-0.028115135893389383,0.0035412650723915745,0.005737636040974021,-0.006363175977083631,-0.002054642489211638,0.012628262714699384
2020-08-24,0.011889486737984675,0.006899163550113672,0.028026599117946274,-0.005674470685927035,0.00606194416718134,0.0239659718640135,0.02776527363073044,-0.006870521156569423,0.016270640879060924,0.0031404708845386166,0.0028935631785602014,0.0062243091470307035,-0.012121329705375982,0.010082279565289867,0.008251485079031047,0.027106482911473537,0.023578123623382144,0.008611270523725165
2020-08-25,-0.008237537947647202,0.01173146611135582,0.011994670296340045,0.0012147382641175607,0.012974219935444967,-0.006483830063440442,0.004387889958195088,0.004207233136072083,0.03415730087430661,0.012925449056606933,0.002335948227687594,0.00783179684365552,0.006482998615194865,0.0034928549252506245,0.005852530714536401,-0.01414616875347883,0.002808648299750089,0.005031036700020273
2020-08-26,0.013507275773422832,0.02809711446991023,-0.01706802150264534,0.011739667325137685,0.02355802881371688,0.005904541924232323,-0.01412942801483741,-0.0019876205101346826,0.07901740752893995,0.02138923155155707,0.0018024447662008962,0.021114728982655855,0.032190320307768736,0.009976015239256395,0.018692107077217825,-0.02132158831500402,-0.004819241041192356,0.020120755498623927
2020-08-27,-0.01202637559493437,-0.012233678809977448,0.01898911504183259,-0.011629286747359606,-0.009539638009359893,0.014040553955810232,0.03237005272583633,-0.02986157216508201,-0.03580827830321161,0.024256874844796078,-0.011397381568451439,-0.0031218030185298016,-0.01616435160064173,0.0021837257716452296,-0.0015285234638292308,0.0019572820101692485,0.016766744687211246,0.0008196869414536214
2020-08-28,-0.0016210503915143133,0.0005292501453169122,0.009551246046622707,0.01723092629924,0.006676835870110675,-0.01167847075199679,0.004095192866341826,0.026957777999586152,0.0014994909300053195,0.010230882364137104,0.04031432031113515,0.005072238415422626,0.01772749827644364,0.006438991879395264,0.006289766454299145,0.01771917942457812,0.0039510730750029035,0.008725616310582763
2020-08-31,0.03334983447978111,0.014347795491567642,-0.02152250163364805,0.00238341719432408,-0.006056821552614944,-0.007731210908258926,-0.025425232188367307,-0.042036378804333835,-0.0015676744528017263,-0.014875832797652993,0.01709926068669062,0.00800121550668792,0.023920852382887374,-0.0036289654583795483,0.0,-0.021917970050049994,-0.011900278515598245,0.0031616487957865976
2020-09-01,0.03905968653650912,0.013858994770032553,-0.0011663705744486398,0.001189581722410416,0.015557538694417776,0.0028758454891656482,-0.0004991392867470596,0.012468886506296888,0.007610821125757774,0.00768585967156384,0.033138307400189235,0.01694722737357043,-0.00343709158012666,0.009374347431252178,0.014149954270040526,-0.006754763146501371,0.002789285123757251,0.018921377659937757
2020-09-02,-0.020936067260073826,0.009197048337934825,0.011985396110258536,-0.013218610873058246,0.03695640463811216,0.022046551920139074,0.014966396280668339,0.06298467040387376,0.02361542731048528,0.01908874265567301,0.03731701147466716,0.00942472192771293,-0.022829398057673676,0.014360495463039127,0.012473379063710871,-0.0048124881238244014,0.01422398597953049,0.008855672155820175
2020-09-03,-0.0834478680508679,-0.047389460231042485,-0.006990541041211883,-0.008137254873336977,-0.05252631152804565,-0.011877523561561373,-0.0031528576428674284,-0.060140413159064966,-0.03834569209804204,-0.06394892960087925,-0.0973650146379686,-0.052030664983470816,-0.032215929076216204,-0.03502053364186014,-0.044258437663821995,-0.007405327020378594,-0.015418333114642328,-0.05868282675976238
2020-09-04,0.0006616003195272918,-0.02202820804028703,0.03372003933423736,0.0027564932922231992,-0.03008886934144306,0.016153208040634793,0.02138207045745677,-0.024932853367961572,-0.02924307978447725,-0.014135185879692128,-0.03066023291088367,-0.013415420670430632,0.012851570443911333,-0.008198003405069121,-0.013629465539685503,-0.003149559569506519,0.007541221035107647,-0.014039187593320793
2020-09-08,-0.06966613785943838,-0.04493916629572862,-0.040759193949000926,-0.0019287808618004912,-0.037114416960337196,-0.04093275597407331,-0.03539476885706425,-0.0956945736342747,-0.04178346286476473,-0.05561373046004708,-0.057850692309316,-0.04925783112985886,-0.012447439142064781,-0.02770330234376532,-0.03430032243759353,-0.03710073073716214,-0.02603785436916748,-0.046262234813315616
2020-09-09,0.03911149685157467,0.037013109131374684,0.0011766103144715723,0.009661434230238847,0.015390165791150625,-0.0012845470502758605,0.009462606019546984,-0.005997110419107594,0.00939664351669849,0.04170184559801434,0.06515242097437109,0.028952754355249476,0.017224551721270687,0.019554662207006877,0.025637105433550276,0.0068219435431262,0.01009474884024059,0.03210892186574883
2020-09-10,-0.03319056308703065,-0.029022560577017922,-0.01461037371530693,-0.0032283485242562797,-0.013783595489603426,-0.010989001999275938,-0.010363718538284813,-0.011363309600539948,-0.020783241588179423,-0.02841836581394229,-0.032228368464850964,-0.02013840283268994,-0.012789930101854008,-0.017516174215045602,-0.019367255559770306,-0.03734282248782065,-0.014161510354625567,-0.02284175859032997
2020-09-11,-0.013215561330171271,-0.0187214757293059,0.014218181737560613,-5.4861557792618405e-05,-0.006765658682735785,0.004539151147319393,0.0123444459161055,-0.011902079559542424,-0.005535596418238373,-0.006546214132340488,-0.01203229316939351,-0.006963606157923418,0.0016076775164765823,0.0005090970525718496,-0.0028268556364028597,0.0009202166294060359,0.006903523570649008,-0.0076721811422206685
2020-09-14,0.02955857451098008,-0.004261050710177225,0.009756242109156524,0.00786160327773618,-0.004582431103628912,0.002088329175711887,0.013756661296212933,0.03814202071604975,-0.0017268668731745828,0.006740958213519781,0.05655196464666317,0.01726527894648495,0.015541308732440978,0.01308522945637627,0.01285689076061948,0.0076349430293996675,0.013665695563084865,0.020763732212253878
2020-09-15,0.0015590794616938141,0.016986906487693396,-0.018420940534559303,-0.0023956152677241513,0.017273956511791217,-0.016727576603507027,-0.03162591707084301,0.011427007190285717,0.023285092321678035,0.016273105034903958,0.009182991474735287,0.014074091958205354,-0.0023753523736927728,0.00503969516235398,0.009732786432222145,-0.007328367831084489,-0.01366569556308488,0.009835983481759587
2020-09-16,-0.029957944827677333,-0.02503409881608985,0.012578692827223929,0.0028305733071044763,-0.015115632537211971,0.013444165673039953,0.004221560503879438,-0.007570861871608186,-0.033216024974216676,-0.01802716858333296,-0.037368669233441905,-0.01607483588997634,0.0,-0.003976475881850524,-0.011131109599323528,0.039362045383119944,0.011267846287156255,-0.015575089697896711
2020-09-17,-0.016092183672841775,-0.02279449983567252,-0.009813774645392122,-0.005505121062685115,-0.016705132697051487,-0.02958402445090435,-0.01150026964470388,-0.0023183653716834364,-0.03357163714202464,-0.010491511860555231,-0.0040836925296742245,-0.01574554176187397,0.0,-0.008834266486274082,-0.011256568921914602,0.001472259972179367,-0.010458806503960626,-0.008319130126779803
2020-09-18,-0.032234311892773336,-0.018049831297685878,-0.005537934278144903,0.001310849171618332,-0.02447281550759674,0.00015402877533997835,-0.002133012482023955,0.004305957747444512,-0.009027367255412654,-0.012496828303749452,-0.022249929614601222,-0.012845136146087488,-0.01196183473256732,-0.011579205272868532,-0.013635926991658158,-0.01124258354336865,-0.002023785248255303,-0.01738555714316465
2020-09-21,0.02987499696488471,0.0018798451658920035,-0.02979278113448521,-0.020291789448272826,-0.01454250118770637,-0.00442322610498836,-0.031397819973138175,0.02491410974080734,-0.017496675199663542,0.010671744381344201,0.02655322896792091,0.002395661190127106,-0.0792741661289169,-0.011192257424234015,-0.004425125839815676,-0.03370774688424699,-0.025375226914273085,0.008278631936198844
2020-09-22,0.015593562815762012,0.055362197019776946,-0.02189722320065636,-0.004858095828927072,0.02054075569357069,-0.012343879613559958,-0.010971721029228663,0.011773186958341338,0.026249349289867895,0.0238083615460044,0.009580593685752568,0.018408574051177958,-0.010475860217936837,0.01013311373924294,0.016164152081491086,-0.01037575423502788,-0.008392729187336781,0.015706419665979632
2020-09-23,-0.042851260164912135,-0.04214463095521935,-0.028815477164877253,-0.021843335368817322,-0.035156275442544786,-0.02912279273536543,-0.016362876514973097,-0.0052541082167091024,-0.022749436008136024,-0.03348266735023943,-0.04152219960621155,-0.031010547582216327,-0.07373679467927492,-0.023464253817115085,-0.026322604193400777,-0.04624923409727128,-0.02258798320132676,-0.03166397635884737
2020-09-24,0.010216635651450432,0.0066217097971920415,0.003433525500064796,0.0037119030895910897,0.009512121648536839,0.047172015688596226,-0.0008629538353925217,0.031515444225067246,0.002045803537211077,0.012878544625106845,0.018327862746799147,0.004645483364642791,0.018254632519390045,0.0026618807553317955,0.003536126064815149,-0.0003310689312246419,0.0021527370693296207,0.005587137984762528
2020-09-25,0.036829367425856005,0.024642604582375296,0.006405955400671331,-0.0028540460781505306,0.01132129453889807,-0.0008203513847099134,0.0087035153665927,0.009430223046520962,0.020978325636133333,0.022530570358460584,0.041696269799599055,0.022982651332067332,-0.012132684373409553,0.01603791827602372,0.01912642119280625,-0.0006623889924262087,0.01026977733793043,0.02362271120463995
2020-09-28,0.023588527448655704,0.025178461064278568,0.02522244492450801,0.010010290107421884,0.013527699083651127,0.0209135630816777,0.028372850827319093,0.019014538937410858,0.007818131189657782,0.007764957645133338,0.012447781607530954,0.020556231952824345,0.033244115186449624,0.016472700726202903,0.017166847318399653,0.023252830740688225,0.02355995244971129,0.018952058693605757
2020-09-29,-0.0075965869584211,-0.00923261654532486,-0.01337298628904359,0.008397048385655496,0.005033239605601688,-0.011519645548359474,-0.008459009447968393,0.007132099572907545,0.019167157049334586,-0.01046297840907012,0.014527691955966426,-0.004519479881931826,0.02156415712729978,-0.005461069800841405,-0.003409874332975052,-0.027902662128525352,-0.012552140106373434,-0.003364408794988735
2020-09-30,0.014963471992348069,0.0012233973846267278,0.013372986289043631,-0.006022969047958764,-0.00028643137821168503,0.021018575037597804,0.009602418310620156,-0.017805553894294238,0.00041992976689855484,0.014703489890251595,0.022780632756154287,0.0068257403354892695,-0.03897188343687979,0.007553520273002427,0.0068084795306975485,-0.0030004837619659747,0.013383804612549923,0.00834677772235395
2020-10-01,0.008426488112192793,0.022773457377156782,0.0004146904230058558,0.008880963695329078,0.015100879786718717,-0.012114730425138958,0.007244828107012622,0.022001323008364663,0.017899317488650694,0.010076176781397378,0.006189097039742515,0.015747620771406453,0.02058159856608617,0.006399592877362278,0.009137644244849663,-0.031199511979957177,0.0016603852847424702,0.010484539834995648
2020-10-02,-0.03281285160168487,-0.030338326155417573,0.004553878980291668,-0.0008957769408936138,-0.02194774700473207,0.006776319833132543,0.00944266368108569,-0.03120724135582308,-0.025411211322640768,-0.02995573060419728,-0.041409049841711384,-0.02853414706358615,0.0018090918004937877,-0.009540060681698147,-0.016347904659254477,0.00959899731893444,0.007849442082140995,-0.025680656329658193
2020-10-05,0.030326779177450143,0.023466537334268914,0.01679350779664202,0.004861081696310086,0.0185345847532179,0.009459849191556851,0.02091627080548821,0.04030681161232423,0.01795753312268269,0.02011725727583432,0.04346338877510426,0.021101935883954467,0.021900391649287136,0.017577735936734833,0.018323704638135086,0.029582040229090046,0.016326955258020446,0.021687277017462793
2020-10-06,-0.029088694263596556,-0.03151160525254176,-0.01020623330042674,-0.011830479550692698,-0.021685755736880932,-0.0035245383936215987,-0.010352535739071746,-0.0036590479580827233,-0.02289397547548889,-0.021476177161651174,0.006866646721775465,-0.01800830251422291,-0.040140734587000404,-0.014317834483669658,-0.017319194280893676,-0.015017786300927125,-0.01017299100238771,-0.015615542592068153
2020-10-07,0.01682480225223035,0.030413812448158245,0.02071112563471752,-0.00045132478533539146,0.005580462075554703,0.012404761987388635,0.017295127871072957,0.01395021335943691,-0.0020895146596093695,0.01885855481024638,0.0164261385289042,0.017151096814719158,0.01643125113721944,0.017256827573987738,0.01850258286349743,0.014023669917106374,0.016629959117705883,0.018166464828126012
2020-10-08,-0.0009564505972839531,-0.0016097349459189387,0.014365963320354969,0.0035486272055745486,0.016509747304072266,0.021284524452142076,0.02034707090870983,0.027554106076392002,0.021614942376215317,0.003567871536833532,-0.009010093580932974,0.005308697664911746,0.004065971341692532,0.00882344421629275,0.0062881233319919926,0.03678193400304417,0.013583961702563036,0.005166752517125017
2020-10-09,0.017246352161636162,0.02967554216621051,0.0047432410584555525,0.017998399966815504,0.018050674127761686,-0.0021176544592021148,-0.005714892866896499,0.020275587575731228,0.0026124971529330097,0.024532791700046346,-0.005506924937800518,0.015164923262764668,0.05397227930348167,0.008890458438389615,0.012845326820149801,-0.016108569618442776,0.0011896037349359598,0.015175195904047796
2020-10-12,0.0615848606236098,0.0464540159772508,0.01253925963002901,-0.002875813691634357,0.03521624416889129,0.03121244747749493,0.012178618284808347,0.0201965441696022,0.04184242909358252,0.025572667813222323,0.033105519153546224,0.030403438460922912,-0.0034231922216238957,0.015959844776100962,0.021806494712011352,0.002594936290603529,0.011036654147051484,0.026926606795546454
2020-10-13,-0.026885587178604946,0.0002033158031418585,-0.02883871886147439,-0.01585383405158326,0.0015836579433796101,-0.015579397536548885,-0.016337538792988614,0.010963488088888026,0.0014133238194819675,0.0065725394221543155,0.001562932950679227,-3.395138964594693e-05,-0.03666932696895585,-0.006547568914715752,-0.003981279979539179,-0.015671285245259813,-0.019394844549173448,-0.006419566547737855
2020-10-14,0.0007429584611291835,-0.023481628688544316,-0.05477986567648477,0.0030899939936110464,-0.0023191555206555515,0.0019904534958858633,-0.005572037359803549,0.00013388835967706412,-0.01576784019275633,-0.009014559136879449,-0.010796209393548186,-0.008387798590528454,0.0022207934353489023,-0.006303128321420297,-0.006479958018696956,0.004268495472635351,-0.0096386475474344,-0.0053126136755482205
2020-10-15,-0.003968556592986553,-0.007478033616218114,0.02219034116851796,0.003639489400711449,-0.005110570551874518,-0.012528980427035055,0.01485617016199887,0.003333965328509388,-0.01894059725900356,-0.005448131978596249,-0.008925614193396807,-0.006733254975310635,0.0022157880050531495,-0.0012367960033559196,-0.0040232320435285105,0.012050225803664279,0.00763818682662085,-0.004517690902062258
2020-10-16,-0.014099460337666644,-0.01994812848396483,0.0037199433819666795,-0.0034712263457632483,0.007831873251349436,-0.011523544205813068,-0.0020667542413754735,-0.02844378191973159,-0.002966515635241057,0.0,-0.011410919055902405,-0.005496122797915326,-0.007553916187622071,-0.0006046105241605871,-0.0032690555192120825,-0.0229216203224241,0.0008006982098542823,-0.002885563136601068
2020-10-19,-0.025873875484396028,-0.020216949722746604,-0.021685327687139894,0.0005046193567768562,-0.02437477849399217,-0.0025251149130100805,-0.016989001889253508,-0.0038159786348039714,-0.01718117103139994,-0.02507738204200982,-0.022978474115305427,-0.016459985902691706,0.007111134295732405,-0.015320103807539244,-0.016115112071101473,-0.021427022364177227,-0.015322967234242738,-0.01849896025225728
2020-10-20,0.01310569599001796,0.0030508956211158598,0.01755155261565332,0.004809318137998378,0.013716564337892551,0.01131226345932531,0.005695130483991751,0.0,0.023292015682316602,0.0020051760319193244,0.010886958222733332,0.0021473269377747578,0.01929886783652539,0.0039978017572034905,0.004296698246630071,0.0117745843969374,0.008094175461071563,0.0034422951791895336
2020-10-21,-0.005461278281269683,-0.01001890884724982,-0.0037356530989337495,0.00750319529892231,0.0222572809641955,-0.024919797427379282,-0.010012953331672047,0.008353866243322548,0.04089977389683971,0.000698597441726011,-0.008888430979666512,-0.0007740161749265234,0.011660700026926105,-0.001894741853670263,-0.001560258010497974,-0.01924739813180314,-0.005253721565399944,-0.0015098969213735917
2020-10-22,-0.009629598043633057,-0.002684886825932588,0.033527577022725845,-0.009849030639627157,0.01294881709050435,0.01219677436174741,0.0347128698484923,-0.023764973449965376,-0.00219102397847638,0.0004190581829214649,-0.012181325992802729,-3.5075700246658603e-05,-0.014270591629658482,0.005470408075345911,0.0007804333058505708,0.040426396860895664,0.019659674959931137,-0.004711537599323301
2020-10-23,-0.006152879416182625,0.008776346822349299,0.0012054522832907115,-0.0010630400237792174,0.016248999070792164,-0.0017541400207201857,0.008999002217514747,-0.01149004935303989,0.023699419705423396,0.0062161889576482585,0.017012455244357346,0.0019684400676654207,-0.0008713965946277414,0.003389279957460237,0.00428180112325315,-0.004923661715728179,0.0031729917516152644,-0.0010971647513693162
2020-10-26,8.72394823477567e-05,0.0008235515832760146,-0.014563382364964548,-0.0005039129828936211,-0.03027010261185794,-0.01920397135495277,-0.025068297692158067,-0.017932015705878317,-0.027337557583189228,-0.028854112444571194,-0.03359639790577657,-0.015109568100041096,-0.014489821697212985,-0.01865259864252069,-0.01802917045879531,-0.03652617584043135,-0.022832666711546573,-0.021937639083025182
2020-10-27,0.013382159108348264,0.02442300268945314,-0.028520448559925814,0.002628864176270774,0.009166907270918057,-0.027520776923873808,-0.019046220757380668,-0.010991189089737353,0.0220567382207355,0.014976757122402762,0.019255966833292698,0.007777855265247127,0.0052933044406269225,-0.003453299758558953,0.002764618917420948,-0.013053873996796792,-0.018401612797132916,0.0049930923676103686
2020-10-28,-0.047418795645079906,-0.038319991707740156,-0.0160611026174337,-0.01627516884164325,-0.056664142252762215,-0.030667696709303496,-0.028490342442018115,-0.014442369632738171,-0.05671624470514101,-0.0508367471214618,-0.05917464131605802,-0.03976671889108751,-0.042693468694029124,-0.03477697331488791,-0.03839280625435444,-0.04274026340993802,-0.02592138066105219,-0.043347803928749165
2020-10-29,0.0363807045282556,0.015134134911874026,0.0029782939532820435,-0.004153341326592121,0.030044468400128043,0.0008954047529229974,0.006504546488570881,0.041499138176033776,0.04799449127795519,0.01001466829758523,0.030956339441798444,0.017334899798003168,-0.0032192073118046177,0.010112152562570772,0.013434026988985446,0.03021375638363123,0.007595165371763055,0.016542825216341046
2020-10-30,-0.057648424696794515,-0.055995337191590895,0.006773852152510406,0.004550651041840146,0.03733813504119691,-0.004749533794832609,0.008913760858757122,-0.03215939284234412,-0.06517721646006977,-0.011051380886917435,-0.038348756738515254,-0.02568984589926409,0.012814852438785895,-0.010479469318834336,-0.017746515801283724,0.005586490037651877,0.0029381271548429766,-0.022388829266293653
2020-11-02,-0.0008271444051729651,-0.010485731675678473,0.015906557187674315,0.00965812884851217,0.005067429561497628,0.0061172555601127065,0.02229143067604749,0.025598949752663473,-0.006673487110391964,-0.0006916339962413695,0.003722963336066688,0.002224639334784573,0.01891948684569709,0.011145896513940228,0.006768478813886659,0.03355341563978591,0.018684318908379658,0.0025225822743771458
2020-11-03,0.015236915804949222,0.014515652838803237,0.025016506427793916,0.0056609432999779495,0.013052214390347516,0.039837745191478945,0.03103479779119439,0.054290478554459586,0.014962534198595058,0.020061250307476016,0.03428004983581511,0.017149576028157327,0.0013378234499383484,0.01750217145658431,0.01782880303333208,-0.005740393650704186,0.02196983578477883,0.017481834497294502
2020-11-04,0.04002499541065777,0.06131112770815112,-0.041767359018228326,-0.0005590140649358909,0.0591001271727576,-0.00030356534169884755,-0.03103479779119449,0.026131407720407864,0.07994402586311679,0.04712099776270234,0.05780368640153085,0.043671234092348105,-0.008952645362922272,0.022103112153078888,0.03434314627122028,0.0013537886670955234,-0.011738473247903251,0.0381658344175673
2020-11-05,0.03487814539841729,0.024635765802841537,0.03852222995592674,0.022723771699055755,0.00949153912234362,0.02539881383070522,0.04008345125910597,0.049673542784250485,0.025084761646946112,0.031388909739631,0.02616935202370148,0.025736942515156676,0.059777917857889565,0.0193149914939588,0.022446931517534786,0.0,0.02413603799197015,0.03059101708951912
2020-11-06,-0.0011365043723855198,-0.0032050668056014093,-0.012265284406335777,0.0014203529597109255,-0.0015728096277366807,-0.008411164394123073,-0.013410311781988773,0.024002245764686157,-0.0043189341383447445,0.0019240903858408311,0.02799427073804434,0.0007468869393013731,0.007594985849749132,-0.00022825012815952286,0.0011377663245730229,-0.021881236689494044,-0.007980793029371434,0.003543112508868107
2020-11-09,-0.020170367150828268,-0.0519488297063862,0.13270854917066088,-0.045280856143465276,0.0009597570016633735,0.06571486120014197,0.12697861076313213,0.01661676274794543,-0.05118417625742307,-0.024113006613170927,-0.06608707667927251,-0.020645354939731648,-0.055750053588196236,0.01248724072648865,-0.004939063842237597,0.1334450348848109,0.07893272579506147,-0.007264174302253159
2020-11-10,-0.0030131722731898862,-0.03519509049367411,-0.0036089754404299763,0.0033073065556014952,-0.013546207416193544,0.01174837236037337,-0.003256212219582246,-0.020409789974351493,-0.02300520079277134,-0.0343769375241228,-0.06522958392147155,-0.018077138310234418,-0.003115947072560725,-0.0014676654256098583,-0.011107225300635465,0.03185253880613579,0.005169862671136358,-0.01881742726300399
2020-11-11,0.02990100234961386,0.03317322672809136,-0.011636253778288471,-0.00433598220930235,0.005457869282531414,0.0026634895490896455,-0.01504545359617295,0.038784925278834766,0.014756776756371914,0.025916048565566282,0.04949856056648977,0.022123057146012273,0.004004461460659437,0.007401064213047144,0.014529156278612166,-0.01030799533180357,-0.004059699455985136,0.023446077571696318
2020-11-12,-0.0023460023490790576,-0.008678484699991355,-0.02406204614719347,0.006042387508780373,-0.002527409333628194,-0.01636801634529536,-0.012360407969191162,-0.013152163237346113,-0.005076632829809855,-0.005139102741388866,0.002883520720954058,-0.004704697134790468,0.0013312085169785665,-0.009748319337269143,-0.00781168627195659,-0.03279963028628757,-0.01678223510894645,-0.008946410288412034
2020-11-13,0.0004192881704780652,0.005939975842648188,0.011547874512173156,0.006796565090032186,0.016751216024744612,0.02108043949240735,0.006243086327775876,0.01858548235707947,0.006775126885127247,0.004954525426420495,-0.011942257640457284,0.008734312451905606,0.01540186178667548,0.013749449061536651,0.010086712253923547,0.035755778721368967,0.01641231762726217,0.008451368576062719
2020-11-16,0.008682642153496511,0.0007187867984453675,0.021253774672345366,-5.650286865533134e-05,0.000998158297024344,0.014950855143294662,0.02783474984954691,0.029993201509091606,0.007231435042781943,0.003319765072056602,0.01628035855252007,0.007772459413626804,0.005226529277085934,0.012405386152890564,0.008672786246456152,0.06374516142803063,0.021954819165256136,0.009607237787614678
2020-11-17,-0.007593262339750698,0.001468143007621713,-0.001088094684041702,-0.0036759204841880807,-0.006997205197809514,0.010156015340367945,-0.010196902451229922,-0.016896461239497354,-0.01429742554159673,-0.012833437793635001,-0.006904961478215408,-0.0031771126532536384,-0.012237944921987421,-0.005392790778819178,-0.004893042229084598,0.010194135059094236,-0.0014488549078162378,-0.005572357538039312
2020-11-18,-0.011456497865191755,-0.009677888280344956,-0.020906584057452392,-0.005738783845972931,-0.012003645190600236,-0.0015591075279089417,-0.007434083876849635,-0.0037109511016344137,-0.01107922421789325,-0.013271395329620435,0.0004840637965603444,-0.007417851019506322,-0.008390446141773979,-0.012107919669174275,-0.011573837855113822,-0.02948754296418919,-0.009468457906437055,-0.010740519617967278
2020-11-19,0.005154736268219808,0.003715583547472407,0.0,-0.0018822296869570197,0.010247957307921102,0.001202949921853331,0.0026861051408477317,0.01693555978373231,0.0035601714925107314,0.006328373527494736,0.0008558907776695629,0.007794234919984879,-0.005781611068496433,0.004201514251432919,0.0055190678557751355,0.01624253095842781,0.0032877573947096483,0.008025184531176139
2020-11-20,-0.01101783177773045,-0.0056688516272875725,-0.006321246736326981,0.003021229432643738,-0.012698289856087112,-0.0054474519708883435,-0.008603618413746648,-0.00927332402860996,-0.011941686031986016,-0.009602523037673052,-0.02657720878551657,-0.00686392090996999,0.003117334747219848,-0.006871462879931575,-0.007620688291664296,-0.00529191669431729,-0.008791436960050822,-0.01035339089474431
2020-11-23,-0.030194013282273495,-0.0003259651773973119,0.021403120801255875,-0.019890324232127853,-0.0050925729608377384,0.024239279339143528,0.028396252565350014,0.03422918640774978,-0.0047201345238488835,-0.0013317833208733281,0.003984381462272686,3.465269015743952e-05,-0.02521517944847404,0.0059766690287730885,0.0009558919821550606,0.06826631741937222,0.01858989101675543,-0.0002499263989711732
2020-11-24,0.01152760378166677,0.006328425701275153,0.05642800119337296,-0.015447030279527764,0.02081729471657183,0.03718834982057046,0.04520021657926074,-0.005138841905155913,0.03113846688558606,0.01769035567135168,-0.013966839477308665,0.013952170158537227,-0.013774375180244207,0.01598514356956616,0.01215372184132479,0.050105948056466926,0.034431474868947654,0.013811635782144116
2020-11-25,0.007439417601221522,0.021263218006347694,0.0017240331739633995,-0.0004718480371509017,0.00013038681250488222,-0.004050489114374231,-0.010515722309418657,0.0007613926418759555,-0.004814502457263039,4.665324455148238e-05,0.021151820238436706,0.0061279633589767565,0.0041522622867641275,-0.0015428458823879753,0.0020739012767082474,-0.023595502309312105,-0.003495536269924399,0.0021332399732965144
2020-11-27,0.004814714638010493,0.003219256968037136,-0.0013788534505433108,-0.010198732236165305,0.012891671725213178,-0.0048310351845914324,-0.006659731010863955,0.021609888297721817,0.008023224552497802,0.006339090919521493,0.0020002550766939206,0.009172058776820655,-0.031332939567985704,0.0027810960265160505,0.004510722527519988,-0.011752684164964175,-0.0031561686494854554,0.005313242652246953
2020-11-30,0.020880060449409477,-0.008580433078829422,-0.029048552768212412,-0.006697358920117144,-0.018422420429923404,-0.020688364941468237,-0.027940088844328765,-0.008534967995759575,-0.0030281411638904657,-0.005404249167809678,0.010520382895813767,0.0020376815176179307,0.0,-0.004436888371930947,-0.0005629722387027885,-0.05684100217718807,-0.020941330885474778,0.006662804682560643
2020-12-01,0.030361796110682415,0.0162931356533559,0.01864621445487786,0.02084085881536413,0.023078638491792775,0.011920267770165187,0.015655568398214446,0.032578575599213046,0.034003825683420044,0.00994708138482845,-0.0008585094423233772,0.01273483585402289,0.057686120369305836,0.010877812477067586,0.01230669669831574,0.004613965879454015,0.015305493129919976,0.012714507397594808
2020-12-02,0.002929145067147848,-0.00515287341781244,0.012813916974911453,0.007493385024315116,0.016357955497387514,0.023716891208677177,0.019026255049874107,0.024439890458957468,0.0033793316846625642,-0.0038926335977877255,0.011472456038751973,0.001284500342174225,0.0013444181818687102,0.0021016776001091856,-0.0012981012745878924,0.0319770679981848,0.010890573801504582,-0.0015202472529684923
2020-12-03,-0.0011380678301720353,-0.005257991204430573,0.0010383976966696234,0.007842668530553789,-0.0017165168549764217,-0.009215628083928267,-0.006576855412120383,0.010069922772931984,-0.019917420895886006,-0.005260630440480741,-0.010729028780726924,0.00141431286586033,0.0044682997024040275,-0.0002728939159797341,-0.001485430460676068,0.010435780497460256,0.00034944356607126615,-0.0006410413010626212
2020-12-04,-0.0056282099147165945,-0.007607189417695092,0.013058480282828504,-0.00283945502654119,0.0010532599424987988,0.01730385397631329,0.009031977511082001,0.03233832421695102,-0.007657454251779288,0.0005599668762557336,0.01203905070495121,0.004066722606998864,0.0022266425245237725,0.00858087993596906,0.0066678293593901315,0.053069342328048254,0.012150817250630747,0.009967100454560063
2020-12-07,0.012195234556288544,-0.001449259101838023,-0.006851752421509547,0.014803945459514797,-0.003696904060406293,-0.004727660414573565,-0.0037670517226880236,0.01725114697283993,0.020804537761601957,-0.000326541056738243,0.003570804794380765,0.005646756092538854,0.015011326398420108,-0.0020568874910937684,0.0011070442400699398,-0.02365922294580065,-0.006925297717082086,0.0028520685746182303
2020-12-08,0.0050780502857568815,0.0060897673194401595,-0.0055151360991913196,0.003481841534737405,-0.003141976558571391,0.0016341104131560957,0.0009840905685604602,0.008399917267756745,-0.007662871088640449,0.007994401173574691,-0.01904943719840333,0.003379094023697061,0.0,0.0029219855131875387,0.001842207713604439,0.014759575545125978,-0.0003474759029241945,0.003238375365679965
2020-12-09,-0.021125262316323716,-0.023272568006966705,-0.004503957352085648,-0.017241806434506103,-0.018650907340476263,0.016526671031192895,-0.007817300594103745,-0.035469061823039494,-0.019525867172072005,-0.01968223662495697,-0.031908482138258344,-0.022901329327598065,-0.026194623676810684,-0.00900956291307479,-0.01390055679817716,0.0022323482069309827,-0.0024360840148869374,-0.01934849021714632
2020-12-10,0.011917447611397385,-0.0008734778193995013,0.010706407455534361,-0.0019148863181888906,-0.005759433445548933,0.006485568029382496,-0.006464394432055796,-0.007479696257457546,-0.0028827564782021348,-0.006061868452507418,0.003204300186623157,0.0040074644444440186,0.004040416456413055,-0.0003273383120916997,0.00018651323176989543,0.030260784326089057,0.0017405505006438274,0.0014460192781779453
2020-12-11,-0.006757463007116356,0.004802302959357711,-0.01872457443541475,0.001856945469586849,0.004036748056076631,-0.018208854886917914,-0.005921182481248793,0.003157289886294687,-0.012966105078268758,0.012931427860217016,0.0031557753087089434,-0.00221697801726119,-0.0026917677107584676,-0.0011729966393543901,0.0005594799380208753,-0.011605474897953395,-0.010138023643671406,-0.002089522869331772
2020-12-14,-0.005159984604281137,0.012927776593180737,-0.0123262137121534,-0.005522859199322822,-0.01278142133097013,-0.009209406784345389,-0.010594493594564918,0.00034570349343656097,0.002337187124895752,0.004398025683884773,0.022453529765532405,0.007229144983978402,-0.004502501136253644,-0.0044870226534027575,-0.0005594799380209711,-0.035647233180192577,-0.011662918265887954,0.003613934146198171
2020-12-15,0.04887618520449257,0.0025782705182143205,0.014773328505300424,0.013893989774039692,0.005020880187461493,0.01932524672726776,0.01693126013377885,0.0070096963004321125,0.0049474130237842215,-0.0003267850457386107,0.003880971444935054,0.010632468496497346,0.028471647504789834,0.013428462379726367,0.012977655901032843,0.019466428290801648,0.01691971631155364,0.016535758188047825
2020-12-16,-0.000547728387343754,0.023678659082595685,0.002789367985820651,0.005503920929853093,-0.0022113563710927757,0.005512336390074281,0.0029046259625079333,-0.004086702007750996,0.0004355604662319995,0.023766279084989014,-0.008871215012063572,0.005484878316991584,0.03533334380170426,0.001568458138197281,0.004410945839567936,-0.004955264191949986,0.0017462407890130559,0.006757867148089476
2020-12-17,0.006939353667383734,-0.001506881775001751,0.0038228898039477334,0.01046541004295572,-0.009537594490765734,0.002703509732162474,-0.008321616424041634,-0.014435019269426384,-0.004326177744951851,0.0006379030203385558,0.007429031606843172,0.006516057931003636,0.022190518002891492,0.005576092644162568,0.006398055610643902,-0.004730641623935398,0.0027872924708045497,0.00787858452266554
2020-12-18,-0.015977680221176523,-0.010696397444651836,-0.005565011956012729,-0.0016988680965652808,-0.00824436963834816,-0.009454055019384872,-0.004942430531852622,-0.01089751890726929,0.006970617061079649,-0.0037897133580028653,-0.005204091188391551,-0.003026842163455965,-0.00789862926614286,-0.004000855895228326,-0.002189121069907563,-0.016861884322618946,-0.008736920930672054,-0.003502512689646311
2020-12-21,0.012319042356013386,0.001413904523066775,0.03664166443665316,-0.0031789169989821435,0.004819822470180018,0.05952349152435041,0.03685035990446697,0.0046877641552371735,-0.013146665078776962,0.018133630376893795,0.004529494198996951,-0.0018725755312706,0.017377354593507036,-0.0035818642762768752,-0.003098447080686047,-0.019478654577497517,0.013390322310712861,0.0009998883675836382
2020-12-22,0.028066692262635314,0.00010602891458408637,-0.01798202290396747,-0.007934507183398202,-0.008301655882691165,-0.027177744143069893,-0.015333518875104398,-0.013081045788019077,-0.02111678387848598,0.0060466728442319815,-0.004058751286821534,0.0027155098895084526,-0.039745824085392366,-0.0016867563068456869,0.0027505657633176478,-0.016927211925663415,-0.00979713126075711,0.008629094947368804
2020-12-23,-0.006999991569483938,-0.006649178948489452,0.02835148730165438,0.006625879072275585,0.004645660802197723,0.0251132910608275,0.027561213895696417,-0.01227770587377484,0.003811880577595675,-0.013124799711288179,-0.020466593116475505,-0.005048681450507185,0.01566828307644337,0.000898138043490881,-0.005324638538451262,0.021897683482265073,0.01639083707426097,-0.007614716944459405
2020-12-24,0.007682553682171793,-0.003957235360226408,-0.0029995918108195905,0.003977347328631379,0.003425446854154756,-0.0011316344076451373,-0.004407223093261021,0.01936029362679182,-0.002651779362170884,0.007796851455022424,-0.0011919883677869142,0.0044029937473070956,0.0067001864154418245,0.0038828740037667917,0.005507706849141851,-0.005232770549148641,0.001382595444539203,0.006607976137917578
2020-12-28,0.03514090343155697,0.034470151618254896,0.005658394985815622,-0.003635744312567208,0.022691173771026342,0.013301002412291825,0.006563652266020842,-0.008866374292883993,0.035271793932496354,0.00987253879804519,-0.007241307290192792,0.010027973354559792,0.019426162724903516,0.008554240275560673,0.01201087776183676,-0.00631602735203442,0.004824301275194709,0.011249102872412596
2020-12-29,-0.01340415403260886,0.011517048584034767,-0.003990716190418435,0.003635744312567162,-0.009174148869265153,-0.006104701360045766,-0.0026364159334148736,-0.006067510861772704,-0.0007944473527213167,-0.0036073249785049675,0.003347158220785328,0.0008951335101963607,-0.001638710558330093,-0.0019097781593860226,-0.0021728962383987154,-0.006621579288268424,-0.003443614761842888,-0.004761792627840632
2020-12-30,-0.008563343093387838,-0.01094170357368153,-0.0010002446244960167,0.007626026694655132,-0.012312622303459468,0.005565695365081452,0.002796015827106414,0.023453695667824164,-0.017898940580298846,-0.011080445578504032,0.015524115689751013,3.199376383468075e-05,0.015056269857247045,0.0014257356070537107,-0.0010884380365202568,0.015557262949886023,0.004474541762729667,-0.0005387293494291699
2020-12-31,-0.007732338967748573,-0.008840331459923346,0.010947260751690117,0.0037072651943418997,0.009395694589677298,0.016285745148487678,0.013548551552087597,-0.025463255422364255,0.004733514394190277,0.003332551157046859,-0.00692736259726086,0.0024573398338502824,-0.007703282947990295,0.005067993053425216,0.0034424000658198717,-0.00840777071991872,0.012286661280992256,0.0014622365025996063
2021-01-04,-0.02503011293714786,-0.02182109847190733,-0.00928083787046409,0.02201425891234798,-0.015241332551901717,0.004879955961832729,-0.009488416965126204,0.012101608788305488,-0.01556925579297904,-0.021495319276946465,0.00447115114566037,-0.014220594908486116,0.03125257097288657,-0.013707456959417027,-0.01439141667702583,0.0015818854463201637,-0.01366132317432243,-0.01643962987876302
2021-01-05,0.01228792808378979,0.009954646073317086,0.0076297504332509215,0.0029572490918935946,0.008031823735825937,0.022130564117125603,0.005426506651996466,0.03399607161634352,0.0075196822197974795,0.0009642349803629689,0.021966753774663096,0.00821042884119192,0.012544252769846992,0.006863752208927238,0.006036767133151356,0.04381020881146282,0.00446050886436344,0.0064683984484117645
2021-01-06,-0.034240979263736794,-0.025211776834210834,0.06058594686600858,-0.016374384156319522,-0.009916547499657202,0.05255654410412805,0.04588674394449712,0.003914819088057609,-0.028675897799304448,-0.026271582453097,-0.06076212417652404,-0.013949245096980251,-0.012938816940539891,0.00596081905621548,-0.008608801889395662,0.030053050236296713,0.04321539322117676,-0.01739578263763713
2021-01-07,0.0335539535098213,0.007548565530855581,0.021843672394403726,-0.0023373497260989994,0.029431237260688813,0.02113754878480383,0.0323115210209899,0.03555451417464184,0.020412000700113918,0.028059643425378686,0.056219770251731985,0.023904029431188335,-0.003162054931230928,0.014747994496259744,0.020934322878059148,0.014574083219850464,0.014323229620410455,0.02659740249559456
2021-01-08,0.0085941307150162,0.006474509430722278,-0.01009356154189132,-0.03480879472366203,0.013152018416676384,-0.005397863135810772,0.0011033446808034583,-0.02525497337842154,-0.004362921390693843,0.006074341672682322,-0.005052303990368296,0.012775628997104656,-0.07179625369589579,0.005681753364109722,0.01057287561199342,-0.0012066603466682586,-0.0006465292227211326,0.006444871967744866
2021-01-11,-0.023523401577946974,-0.021754382256951105,0.016464076647529267,-0.001963368081678198,-0.023376841257083256,0.012844598464912866,0.014813896716009186,0.02917368188446076,-0.04092795732037046,-0.009745779978214103,0.0256349479286061,-0.01455530125660505,-0.012842691446526194,-0.006763675657336332,-0.012556412231665098,0.015571166686298772,0.003228878501376703,-0.008293796426728856
2021-01-12,-0.0013967210613629918,0.002123540741920703,0.017683585899316442,0.006453094143516468,-0.01079655665729753,0.028120820785432165,0.015596929407413437,0.03791828681449573,-0.02264177057973327,-0.01184088831953005,-0.010089945349494391,-0.001591548533504423,0.02173536434060699,0.00021111217894883235,-0.0037976660694481945,0.03434534857425101,0.01026309061782555,-0.00479228136636463
2021-01-13,0.016096858413253257,0.014335165650269394,-0.005959677189020332,-0.004316677807613859,0.005636041906738901,0.002412588826337072,0.0009266903255443808,-0.018703506633395213,0.0021879842050934488,0.006539140871088101,0.0034794146930177917,0.006730915370585577,-0.011874557688728993,0.002689399269743824,0.005060691544975184,-0.00783967793591028,-0.0006385416995171347,0.0063334521328792005
2021-01-14,-0.015243010571141843,-0.01220978211670719,0.015715842145943335,-0.0005192346256867747,-0.009390151536600838,0.016142954510694644,0.005825535057451682,0.05773106396477891,-0.0241324910680875,-0.015465128914071112,-0.024803049021105143,-0.0053619110025500795,0.011452873970920664,-0.0035083028436842306,-0.00996491075748637,0.029199274418930374,0.0044601235804035905,-0.008816061808114612
2021-01-15,-0.013825483600451152,-0.007452299659631569,-0.02925606973187942,-0.012485246085867416,-0.0019082670454593639,-0.022534221250609103,-0.018084465844592574,-0.018565075124436788,0.023019183059258916,-0.0017384930341041072,-0.026152930004869103,-0.007952567909238819,-0.0325788917136575,-0.007319229088877774,-0.005294285406559311,-0.03967051551648845,-0.016667021777367605,-0.010306167115921732
2021-01-19,0.005412325214798734,0.005304424924284414,-0.007296993477790961,0.008437377567923208,0.03237661964100708,-0.022883573321108595,-0.0043371683446520315,0.05764525935447955,0.03801733441047849,0.01766581536427297,0.012807038639190322,0.014484152781648184,0.01856295039846396,0.007821317816198246,0.011647031703547292,0.01991736902092249,0.0025823492786554345,0.012943612372510726
2021-01-20,0.03232803021643136,0.044686981065348005,-0.013208461293835232,0.016151154600027997,0.05218769521026409,-0.012759591051289045,-0.015109084978439874,-0.029782915025292973,0.024141433183581827,0.03584921009866344,0.025805636706314444,0.022994665795349038,0.026589499617366136,0.01374363980942516,0.02289483676192612,0.0036620118395773293,-0.004199761261499861,0.019638696267374852
2021-01-21,0.03600241400202557,0.01327491862890803,-0.01778264178015338,-0.0006273739671711188,0.0021676577210642737,-0.003794009132495408,-0.008419542481954943,0.0021114493868279556,0.01995054536985669,0.002804376287466341,0.03685228449394943,0.007967712720245703,0.005813944536800727,0.0009112449322886118,0.0058186333649811,-0.03439797794314825,-0.010740611494464869,0.01283124307248537
2021-01-22,0.015945910853164953,-0.004473303364494828,-0.006948808205207884,-0.007904302060517928,0.004453865140970714,6.882519308016426e-05,-0.007743494903438757,-0.0006027858125738111,0.005955774677466429,0.004346649894919789,-0.011240028585848612,-0.0028843717024406392,-0.020498512201685318,-0.003545683550856292,0.00017597294569872662,-0.00521583245813417,-0.007224784509716046,-0.003832181053012508
2021-01-25,0.027307320172491507,0.0005374909810066927,-0.012438231443352652,0.0008622455288576803,0.0009082635784650854,-0.022186739155227987,-0.012560603436822691,0.0069104446847413434,0.012706030762936821,0.01571997196695867,-0.004330268808804435,0.008232209066325633,-0.004660064035201876,0.003936182339966638,0.008053200142813247,-0.010273698443525374,-0.00727757030250558,0.008321740412687928
2021-01-26,0.001677996977347897,0.009706872588035214,-0.007085462334039737,-0.002473656951145883,0.0071906013277696175,-0.004532899301131301,-0.004095740445285721,-0.026955796401212987,0.014427061541250499,0.012125080987132067,-0.016095725538855084,0.0014620187070172477,0.004237310742297258,-0.001562056769805111,0.0005229462021845613,-0.021605165807839628,-0.008000226330815739,0.0006716751076181927
2021-01-27,-0.007713199893155993,-0.028528919404602372,-0.036535168105360616,-0.006355778295441206,-0.047775434505416485,-0.03037562161294434,-0.028679013431602757,-0.07049841929639346,-0.0357675619999601,0.0024504377506415526,-0.03927943802147748,-0.028272719663013333,-0.009772737380931727,-0.024744209251098857,-0.026131352358789023,-0.013588701924701744,-0.029893244673401983,-0.019056698105069117
2021-01-28,-0.035611968925133776,0.001557905206109897,0.016292957748632476,0.000926931727635592,0.01865988963939147,0.0061640092902624,0.01744439724060734,-0.015043424635916984,-0.026586949834620323,0.02556141858369652,0.010262176167224957,0.0058992165052152365,0.054022243385355835,0.008563548832827388,0.004996361307721638,0.011623552826614678,0.01844924411157957,0.0040981006924213055
2021-01-29,-0.038138861674824415,-0.009752051571646207,-0.02234546489514545,-0.0004054103376829626,-0.014041583797737792,-0.014097984664560817,-0.011129366302595936,-0.04721966286752802,-0.025492017952993454,-0.029605602853684937,-0.004703902390942376,-0.02126223173232293,0.010863130875356132,-0.02022273559086937,-0.020500601266631682,-0.03375746573998638,-0.02017509290653321,-0.023835475366935654
2021-02-01,0.016385214209118107,0.041746274050055085,0.010400850810464905,0.00934152297824149,0.035327546174351056,0.01304305259953208,0.007356113201036125,0.03552239504352908,0.01414479734682269,0.03261446267998487,0.018855180962771185,0.024679780286810903,0.06843250812523653,0.01650866930693702,0.021567984723860737,0.007095811780982263,0.01304068578921061,0.024743961633992177
2021-02-02,0.006316765593720823,0.011043015400718599,0.035091404508325784,-0.012242430084677477,0.013666910979413775,0.043588660961763386,0.030318162839184547,0.028738761400474457,0.019165548190949074,-0.0005843715119143075,0.02386893531942562,0.016182669482809036,-0.08660376722284319,0.014040918229048653,0.014650341499893959,0.010799868181128661,0.02391902027279551,0.013453036178585929
2021-02-03,-0.007808790567940143,-0.020163489626646183,0.01756960753892498,-0.0015117720158050482,0.07029539561534559,0.005491044245448506,0.01138598724841348,-0.02301177529229451,-0.0016113564850403716,0.014466421481542927,-0.001938362068280152,-0.0039751151117321725,0.015767433186456025,0.0007860904738586358,-0.002280388804306789,0.04183090600333525,0.005643092702587635,-0.003439759602990307
2021-02-04,0.02543158371431199,0.00556035766663457,0.028716063300456014,-0.021765636924135134,-0.00255315950974263,0.01786010360551335,0.022752457877335975,0.029693706282563737,-0.000600211095709443,-0.004082475705425851,0.009836594472275865,0.011757074544605613,-0.018215470832144615,0.01130161274892552,0.009786917008083262,0.010960482918013064,0.021935785548931053,0.015830047119908264
2021-02-05,-0.0031030978121599118,0.0063293425623789645,-0.004008088795538361,0.009823748692690917,0.016995014081752174,-0.0008513778044174169,-0.0019550067320718394,-0.018984473138059302,0.006023361109929169,0.0007847949144454892,-0.005375359394448226,0.0033856386650572947,0.0190174138316341,0.003928214915038275,0.003298815264243429,0.008494640519547854,0.0003237017923329591,-0.0022142185459897777
2021-02-08,0.001096560132674602,-0.008751967758836224,0.02199904829715272,0.01001975221091292,-0.002065378915434998,0.022404878061185185,0.015533201241407273,0.04416847773901087,-0.005685597087217783,0.001114217968508232,0.06050786587201751,0.006677523105097719,0.01748151890127076,0.00719572392781358,0.0044967034727877025,0.04097222190684367,0.012866166685323662,0.010438769633476933
2021-02-09,-0.006595625662713801,-0.005413479034808956,-0.004239907336515984,0.0032595928083516256,-0.004389533105192233,0.0010323814805744346,-0.004003750146327477,-0.008860926239180484,0.010708470180180027,0.005346933912721823,-0.012229192902949354,-0.00020985484267505982,-0.0043417752372669535,-0.0006658280452261198,-0.0010358017267299994,-0.010656649271226839,0.00031952770017278136,-0.0011708191665322403
2021-02-10,-0.004568647518228449,-0.005588994815406755,0.0009102583401019409,0.003654430629279855,0.005329373299747238,0.012633651564613987,0.0005726705463569688,0.008335233068612261,0.00894126705480395,-0.003904393399154129,0.03452235275555856,-0.0022812226409002078,-0.008341696443011618,-0.00043598002912332597,-0.0020749655259845842,0.018966655380050476,0.0,-0.0014651048566562655
2021-02-11,-0.0019222259912095284,-0.007467083315264711,-0.0030368078594494503,-0.008723013798522866,0.0010873119721020498,-0.006462216466793445,-0.002796106580921277,0.07192315541989193,-0.005458532304751214,0.0068537970064101675,0.03241995824370206,0.005484380160030632,0.000797466462697754,0.0016139143377694373,0.00345577331744397,-0.015553242940857736,-0.003199947722592078,0.010938566429996644
2021-02-12,0.0017743153560666794,0.004764600739063575,0.014792524643640231,-0.003041852351548402,0.0030020547983765386,0.013144291611249791,0.014116884058187638,0.024086806867373096,0.00040657616746595074,0.002042946332044035,-0.01916502497279503,0.005573514900926318,0.008730186996423231,0.0049276193094096536,0.005676506604158953,0.014658070847437707,0.010203982114157887,0.00513592227756944
2021-02-16,-0.016235069729464525,-0.002676197092374675,0.026613133835567362,-0.014457496034195686,0.0074517661868593234,0.018244391157868738,0.023785568804753323,0.009558970539264371,0.012746443887955638,-0.0052792931615617085,0.024364436076518194,-0.0027084093445915738,-0.0019774274729922863,-0.0008661706787414035,-0.0032643115788084,0.02476375697762634,0.016987090855790112,-0.0032520671232517547
2021-02-17,-0.017801347200764834,0.012068471325383062,0.0040768654587604375,-0.011417786234196115,0.003745284718339054,0.00249702270129817,0.0031062480382809173,-0.009985490535955708,-0.001461064745097336,0.004349902108714613,-0.028064129632286182,-0.0048098883901886505,0.005527033022613976,0.0002291028660997213,-0.002584751878006453,0.014741134881984762,0.0049781060412231815,-0.008871078502840822
2021-02-18,-0.008674011206373169,0.005903355134450001,-0.006414032292289626,-6.0090224343136566e-05,-0.006064636906025699,-0.00912210578014408,0.0033709616703807917,-0.013990528581247694,-0.015397188437222478,-0.001680158400486878,-0.005179120552548125,-0.004381470973970376,-0.013476230849233542,-0.004264877555816684,-0.00466915268486107,-0.02285434405312553,-0.005914384394955807,-0.004905332457165094
2021-02-19,0.0012327385639399006,-0.023816428691007405,0.010185199405588242,0.004139970385631239,-0.008105743358534047,0.018289278458430137,0.016553019326798573,0.0351003374814768,-0.029496710054236038,-0.01163490790913939,0.006553437209291393,-0.00437097923089245,0.007949197826619452,-0.0017676709510500237,-0.006259690612394186,0.016594412180529955,0.01179412340159331,-0.0014688895130234073
2021-02-22,-0.030252030837707704,-0.02151030634661799,0.017506188959845095,0.014858231751961605,-0.01667900491573785,0.003952847639856135,0.009346891796338125,-0.052506804389572975,-0.004713550003785891,-0.027174107398194983,-0.03898771930265448,-0.026261555855095466,0.03920549513940439,-0.00772123622548221,-0.020085566779484993,0.034060249934508964,0.009213922132169655,-0.022297511049836523
2021-02-23,-0.0011118256158298794,0.004316729031036398,0.010471523076374526,-0.0023033964742125187,0.002848676121755333,0.007357290660543159,0.00799954715263684,-0.009111632722171038,0.021019786124015893,-0.005301700022607959,-0.015001298545302176,-0.0029815833876603395,-0.021547635454766602,0.0012134466599232124,-0.0021377393477953425,0.01639877405265246,0.006095552689977637,-0.002784915130975428
2021-02-24,-0.004060198502777592,-0.011007327640787778,0.02392310985112618,-0.0007097783269727351,0.011433780815856394,0.03518110408625856,0.017442216353234802,0.05909179444112139,-0.005847322567343051,0.0054723604800078094,0.024930410412081445,0.008209217666418255,0.008906213808465088,0.010959027850948844,0.008347487735473972,0.0348002454580136,0.019260260044910434,0.015184142477352412
2021-02-25,-0.03540206961371195,-0.03293690001850802,-0.012446342801117125,-0.018995808065307287,-0.03310749515315589,-0.008748486034901507,-0.013664954731164494,-0.08611316848298768,-0.03707539974748708,-0.023990622707115616,-0.08575181364548815,-0.03548514853573508,-0.02103704047048877,-0.024390849831868924,-0.029617280773649845,-0.019476583612938313,-0.0183491963549444,-0.035589829490596046
2021-02-26,0.0022291399477264713,0.011632467716052848,-0.034544986120369346,-0.024480114534154506,0.002952192338004354,-0.0255868482022135,-0.02688259420622676,0.03505813315257773,0.011438431586372876,0.014695662379388096,0.03012590871434219,0.004179314893699657,-0.029566667457467246,-0.0051658914758731505,0.002365817019780585,-0.024008518078931028,-0.019310787246696774,0.005293731830750162
2021-03-01,0.05245112830491641,0.017057488725899683,0.030640505172149262,-0.0017319159550744983,0.023341791783782935,0.03607571758883489,0.022374711646504526,0.054249962869954704,0.027904374537633853,0.019433131230638202,0.009235587559110203,0.02963842978793009,-0.002436033103313816,0.02395117867758918,0.025658465447255877,0.02562928819224157,0.030780886156622285,0.03170540097864328
2021-03-02,-0.02111470930876833,-0.016540301818484742,-0.007290752004130756,0.005433148366520264,-0.0025060850082294903,0.003086729011111372,-0.0032612116146948458,-0.04343073415167525,-0.02256197216444921,-0.01304166726592101,-0.03196811745109187,-0.016169032067106286,0.00809716396203186,-0.007833903531937901,-0.01301623950104155,-0.005480565648485911,-0.003607930114717593,-0.015990597572981585
2021-03-03,-0.024760681812551196,-0.029358478249911932,0.024740522897756797,-0.011082728374520621,-0.02604244463682351,0.010490281027052174,0.01914757873753805,-0.0393615971289389,-0.013957826923139125,-0.02735155294592514,-0.04590491049341545,-0.029449550410605024,-0.021190627935658526,-0.013334242915315717,-0.024710567253240303,0.014548586537081111,0.007800961923149933,-0.02547998776782985
2021-03-04,-0.015938246333901618,-0.009170074897274566,0.007148623436185029,-0.00988559566723337,0.011133969616134979,-0.015488348333535937,-0.015487790954260809,-0.04152313650074932,0.008693263330002246,-0.0036540489401148076,-0.034521950081372765,-0.016502322892229204,-0.030102658356184486,-0.01245211500920985,-0.015759827987195028,0.023591310142311684,-0.0114217667863285,-0.02234644327127479
2021-03-05,0.010681094533751831,0.007658083796422065,0.011712204101990075,0.0006286134207733884,0.03057122591666062,-0.00584790092776466,0.002321539758484737,0.035098694782791456,0.025445664728471415,0.0212519787299485,0.007349490018480254,0.014948347952536618,-0.008525152027315925,0.01822964218445314,0.015943738148442178,0.03673826655158947,0.01886544188212002,0.018708336809612473
2021-03-08,-0.04256671172547593,-0.016299583149453855,0.0054010904955510575,-0.010422315048141234,-0.043650957233343134,0.02061827464140617,0.013166251195776019,-0.08591308111455981,-0.03453061811572248,-0.01834522500403981,-0.07222071247062693,-0.028722152562679643,-0.001713835692237878,-0.004991254803574584,-0.021190207633926216,0.0018869086809187427,0.01267532241212554,-0.02449301149763954
2021-03-09,0.03984512051985666,0.036879873274693574,-0.02205696668706875,0.02104806019448947,0.016236020176853147,-0.010830483288421401,-0.0070879926762931235,0.07823350514999948,0.04003976939745828,0.02771378933529244,0.07726946805375556,0.03868283747295177,0.03082361643286398,0.014176483724260044,0.029979806425137534,-0.017686200034431096,-0.009121818113316344,0.03344838840117956
2021-03-10,-0.009208936961539658,-0.0017024656850275469,0.02849993352081904,0.005085327698430273,-0.0020458111987514617,0.03399054435314233,0.021502297874772976,-0.046722320260278595,-0.0031656663903563346,-0.005834248953011011,-0.0041620834612146225,-0.002858400953499148,0.011164079720904349,0.00620539035132515,0.00018241253585460932,0.0250107990866445,0.020190911058078565,-0.004004790982335942
2021-03-11,0.016368049532638665,0.018133028189585527,-0.0034850033814105875,-0.0008663865026826478,0.03111410130746441,0.00023370121511776486,-0.0052352961136011315,0.031669762310824225,0.033337602286317616,0.020062391311096384,0.041263683880255336,0.022770168143190064,-0.0028824271661277443,0.010088057045061903,0.01967393443392255,0.0003742738291911172,-0.002901086409126808,0.02115010643229162
2021-03-12,-0.007654685230268331,-0.0077703841773409145,0.018622633737136428,-0.00018574519969141986,-0.024354746592170688,0.019424541098317503,0.01178864919622064,-0.01994013371553629,-0.020211709791306674,-0.00583650745854774,-0.010638403713813582,-0.008145361075338729,-0.009113539060603745,0.0013459141580837183,-0.006095341702961021,0.0020551833119543473,0.010117193380653722,-0.007203160290113661
2021-03-15,0.024162387945769487,-0.002531144890792291,-0.005020496931850368,0.004386867610048303,0.002163552126720098,-0.007944602108792114,-0.005008079955387899,0.022477292927041845,0.019736899789225444,-0.003995342623472018,0.02574300717534585,0.010626090428577463,0.012407075336745513,0.005945815421911281,0.00770284884845694,-0.011452297626509601,-0.005768895178759761,0.010597180264500917
2021-03-16,0.012662596911745415,0.0032979661178309406,-0.002918286173986446,0.0009244132771239594,0.014233077753107204,-0.012620592047175262,-0.01204341798929531,0.021669937855750363,0.019999569858541743,0.012274799278944966,0.007552339040634679,0.005473893175625474,-0.009498297334405513,-0.0012620815641627263,0.004806297042308119,-0.02892626296887609,-0.010468223236493062,0.0075014218225476015
2021-03-17,-0.006471461578996461,0.014089129048404545,0.008202478181414787,0.0071195808075622735,-0.0008017960186715388,0.009437224568880362,0.01023956224479645,0.010598226676819133,0.016794497356846058,-0.0028224449992580434,0.003754672482195994,0.004108808330531005,0.013190615481570307,0.003404103416780349,0.0008875359953555731,0.0077444983889794206,0.006700852426302818,-0.0008224797651141627
2021-03-18,-0.03449315609008355,-0.03496292546552067,0.02575236432707675,-0.0058269675795917875,-0.02967393076443682,0.008802997113011352,0.016371978602646102,-0.02534510658974404,-0.019160349799409452,-0.02702414277159846,-0.04748857046417973,-0.031109339224258976,-0.013190615481570208,-0.014656548928452263,-0.023517985848079927,-0.04597844722114534,0.005212913840260406,-0.028140840101670134
2021-03-19,-0.004490417823261093,0.015392830040768038,-0.010584758194513948,0.004174394816826358,0.002776527772807606,-0.010979840540222337,-0.01604940626682086,0.005807012983243965,0.040410912209325536,-0.001604844814348357,0.009640857522700023,0.003519006372148095,0.00867591003416399,-0.0018519005749382694,0.0030833895582584184,0.0002018276223827107,-0.011621141370918258,-0.0030048177314598856
2021-03-22,0.027941567946825268,0.011610547696605156,-0.022838676225087354,-0.0014713433816878438,0.0018384616339621807,-0.01424969404213714,-0.027246937069412173,0.03215249597267247,0.011753956319281415,0.024189245222357728,0.026161641072727466,0.018579477421209953,-0.015337043921394618,0.007953310485974419,0.014324023794559363,-0.009635819459953142,-0.012969446814341003,0.019472430961219433
2021-03-23,-0.006912491884459514,0.008523856571831514,-0.020387004046049154,-0.007327408483150656,0.005225941599766625,-0.022531158258521006,-0.010051818053751651,-0.02828760868535813,-0.009962891934859537,0.006715028451863775,-0.008797634567229389,-0.004372177171646254,-0.03053677573954964,-0.007902137049708024,-0.0030457454172465007,-0.014735252558700784,-0.014074309558559915,-0.006237401574759557
2021-03-24,-0.020196125067819974,-0.016203881085462144,0.0,0.003454859203276189,-0.004320163265408231,-0.00944858459239189,0.007730855365011015,0.014660304437832887,-0.02964745165784,-0.008963249052327166,-0.033273300659790755,-0.01700941367571545,0.0008609754366461416,-0.00509645431123626,-0.01100603653836236,0.024779472719903564,0.0036121208752445786,-0.0122071333768501
2021-03-25,0.004154834652481382,-0.013307791454017294,0.020387004046049106,-0.0036402714825327686,-3.451676640921195e-05,0.005764603160317555,0.012732594503874208,-0.008032941742999455,-0.012124204192426264,-0.01333900079241308,-0.008558950044450436,-0.0017326395269917174,0.0021492010710447793,0.0056098054566563645,-0.0005444856863073982,0.00366420292625832,0.016687251539181595,-0.0006180198702285022
2021-03-26,0.005128376163839636,0.0018923206745425616,0.026724029906943725,0.002839374216722469,-0.0038103671399188064,-0.009605754734156605,0.016512732918453375,0.06396472713833387,0.015238225737342176,0.017661630575774436,0.023962157486608945,0.014888612493750559,-0.002579596129532767,0.015986256504004228,0.0160263435060461,0.024489400647984525,0.015540464265586234,0.02511074777893883
2021-03-29,0.001483841338705413,0.007735312514846097,-0.00961146165888091,-0.011967328788777756,0.010347554678944175,-0.005083353302677232,-0.015660968314124744,-0.024149870685712914,0.027186921844362843,-0.005257214973835403,0.008453652705380545,-0.00028475965248700213,-0.013871037271520498,-0.0005050426581158885,0.0008928220444109168,-0.011968880733946828,-0.008767127926994736,-0.005214318313991377
2021-03-30,-0.01235033771899936,-0.006667777807782873,0.017594385234548298,-0.01723957501602924,0.00033241607805872044,0.01909629898280021,0.011720296116365445,0.003972644382765587,-0.009744118401442632,-0.014515758147513446,-0.005925479391323268,-0.005045838157943868,-0.028782133675484278,-0.002656432474333552,-0.005368643325787187,-0.008666765502015873,0.007019852694521018,-0.009516198879638864
2021-03-31,0.018591698036686054,0.012616087083554913,-0.007724384002140441,0.015053975494509144,0.007812024608185363,-0.015204774746422444,-0.014671931367568369,0.03884710184122667,0.022420391844673034,0.016766078520347293,0.03635035069041595,0.015187318862682936,0.019573601967422374,0.004045160538915744,0.01195047296916575,-0.0069064172540594234,-0.007606699086010164,0.015785344952211497
2021-04-01,0.00693442199116664,0.021397878158709596,0.02046628205934166,0.012549018493591777,0.032090165235121274,0.0019550648446375824,0.009675178500101867,0.07140920101602359,0.013925031014546245,0.027526281423793254,0.03413431053339896,0.01690259858174075,0.01962980595704512,0.010741322865197878,0.01513307253483927,0.025159701998656244,0.012259392772885003,0.019904380046721445
2021-04-05,0.023303682379917468,0.020580800847156144,0.007819170720281035,-0.00037046965366193687,0.04101991890646182,-0.012592441637504597,0.005286449313835216,0.033077108720110895,0.033744091183989064,0.02735089653135725,0.01264433163135166,0.019767915505569934,-0.0025951340792679154,0.01425097163069176,0.019371099704123703,-0.024140987343204353,0.007802472717914455,0.02045675847315147
2021-04-06,0.0024592906392143826,-0.0009022971624071701,-0.0027673309390100487,0.007996616729269289,-0.004381012375928764,0.010820787123802323,-0.0070548655558531,-0.012670396108530447,-0.008615450951402065,-0.004869802348920975,-0.00904890157915234,-0.0006949262351748698,0.01076900342122182,-0.0005907724414697516,-0.0017142653279967064,-0.0026508197690617197,-0.002017198341890732,-0.004275955065568231
2021-04-07,0.013301534689911505,0.01709045911872312,0.009029234300151495,-0.0028223021365765604,0.013385161468511812,-0.0015606407152945797,0.015546386419294133,0.009609071154158178,0.022056292187814873,0.008196714307678075,0.020140009695410424,0.002415575696216105,-0.0004285506328921304,0.0011567661245403137,0.004109514156013471,0.003464858192644796,0.0048912981869897445,0.005287723750889505
2021-04-08,0.01905101015338093,0.006052887214350471,-0.008777164529854473,0.010694635856861524,0.005078599014831143,0.013958021290152445,0.0012258496288862749,0.013898360657599973,-0.0002237109549836179,0.013316174102298692,0.012192584722222014,0.010379315640596678,0.012353763536711119,0.004735551212906431,0.009693167194629681,-0.013106985145656065,0.00028690243985044357,0.014345446010673316
2021-04-09,0.020049599099625802,0.021855051421528913,0.007277996250179294,-0.007566026934120144,0.0089536639108556,-0.0009969933509298757,0.007449902692171981,-0.009022586481035778,-0.0017906056871567402,0.010214329227236706,0.0057804972436944,0.006039969883012975,-0.008930571315087328,0.007243676389976181,0.008929266730874253,-0.006618340154522783,0.008571506022579145,0.009568128543201803
2021-04-12,-0.013321475934293883,0.002129852126864464,0.00174897258032873,-0.006082067490100263,-0.011538642371243647,0.0031088226332713718,-0.0021138458735458533,-0.01787778113546939,-0.002948934561205261,0.00023453823574803972,0.05465925871172021,-0.0013060099635785886,-0.015931399420635328,0.00036432650869580444,-0.00016776474183702664,-0.007916609826493054,0.004258299057830207,-0.004808012775038964
2021-04-13,0.024015681380092968,0.006080225513606812,-0.01864520389808379,0.007061488473290135,0.004360735404533041,-0.012615516863836126,-0.011998692674750679,-0.008152806689483257,-0.005729750998000637,0.010031119956285183,0.030466724570808512,0.01160570419438502,0.02019399672336827,0.002959387766734558,0.009184263563195788,0.001045239262943378,-0.00939219074536206,0.009382445463811331
2021-04-14,-0.018014183277151416,-0.019902668921269934,0.01414185121548966,-0.0043537794872208335,-0.005568955824944133,0.023137525510776583,-0.01886698186151183,-0.007094998975848246,-0.022659212722632237,-0.011282377812589934,-0.026005710245135767,-0.012080887196895176,0.003397027600425219,-0.003420911609441143,-0.010359138531482754,0.027410258774441823,0.00598700338351302,-0.010659195864944319
2021-04-15,0.018535218268717894,0.013733669660684043,-0.029002333953173066,0.0160335365383925,0.019147332446126687,0.009496424752230306,0.006328627918186322,0.014062949139240099,0.016376699002211968,0.015182099226382856,0.054782027295811705,0.015041573586125602,0.018480178434975476,0.010685204403087447,0.01582963677162799,-0.0081649097987932,-0.0008531116959813132,0.017028537788881727
2021-04-16,-0.0025316853399734193,0.006004280530908502,0.010527463135522138,0.0060295628147861114,-0.0010946588569716767,0.011045457568752052,0.0073985269341925765,-0.008954366629910402,-0.005342224377696184,0.004766901352866844,-0.014025659286868171,0.001170275794201985,0.0024937446379674766,0.003336926290384726,0.0021467594263223475,-0.008025571766517938,0.007087398725859512,-0.00020939127114007913
2021-04-19,0.005055930817413636,-0.008101740463144907,0.0005110271878455175,-0.0027691247303623773,0.003066209426132531,0.002275914045026281,-0.004249169205983124,-0.034742595177033035,-0.012951797536389472,-0.007699715006909156,-0.03522435559070336,-0.009193725160085158,-0.004576692450882173,-0.004925053158945344,-0.006620285140056609,-0.0010335714263172058,-0.0028290996680293418,-0.008338962353256691
2021-04-20,-0.01291276400140896,-0.011129268476364956,-0.028222002497530735,0.003550241996940974,-0.004705958544372178,-0.03321920736487169,-0.022390870427647716,-0.01409200716767928,0.0013557945198957257,-0.0018571046490326204,-0.012478180614603075,-0.007315438630269346,-0.0008343954733830826,-0.007348810776086152,-0.005996002639675759,-0.026830668118618565,-0.018873852300777202,-0.008906205164108668
2021-04-21,0.0029256846677457424,0.008162267510845943,0.016667033788934985,0.009862362310853667,-0.00028957928329785207,0.01016259473410442,0.008472027724377176,0.045005520074392805,-0.0039064962041925454,0.008942975530375506,0.012396895032666177,0.008524518215714068,0.030417539485577294,0.009417902486811435,0.007655352032004127,0.012666554202059055,0.013761831633796068,0.010031460027393642
2021-04-22,-0.011754330904224704,-0.015883879438343667,-0.009341170383514242,-0.00650425423162094,-0.011401916874585145,-0.013271249913778647,-0.021282409517948242,-0.04254540069722409,-0.01655577233195406,-0.01317249666175612,-0.033782595898909744,-0.012127816932651076,-0.02003754138828357,-0.009175271971350254,-0.010332047852295674,-0.01181686062734079,-0.011166897199643953,-0.011807488953947004
2021-04-23,0.017877528728022923,0.009576191314045886,0.02115144485182911,-0.0038387727937765547,0.02082921640658268,0.025367181211873667,0.018955197224000117,0.020853777932696736,0.015427468871478158,0.015357849782835631,0.027562304849504393,0.012510815312346563,-0.0028955427483254646,0.010784111194253078,0.012815624938558434,0.009086048968203492,0.018542578741802363,0.014824914831365027
2021-04-26,0.002973630271560655,0.020184691912166108,0.005853130486828845,0.002640755671589698,0.004338480653854555,0.012213360178485198,0.002460157265621347,0.02468130321768871,0.006322382912635807,0.0015303760858911295,0.013840863088363062,0.006489733626002395,0.006606128564257937,0.002085445890185908,0.004784070817818876,0.006708719792883154,0.003949381870003156,0.005102995726363762
2021-04-27,-0.0024525187364749924,0.0024698649221989518,0.01185540738325738,-0.0025205449092440876,-0.00823763452500237,0.009012634480623715,0.0045726064294667156,0.002655307432943066,0.001747536941021651,0.001604523919743708,-0.006238061025021956,-0.004341344042642919,0.003696868253347248,-0.00021550182821748835,-0.0028015882192777195,0.012045752186603689,0.007852044146555992,-0.002443258882720772
2021-04-28,-0.006045454211088017,0.011946146532530181,0.0037545057126877435,0.002940064461277065,0.02927510181195509,0.004260212675611701,0.006458330952190296,-0.010647716449905528,0.011561464080725878,-0.028693613589457597,-0.0068496972705866365,-0.0033865048676864815,0.0004099294619866249,-0.0002874863130176469,-0.0021478889321934376,0.03389469505622098,0.0039027903702805737,-0.009338964013616814
2021-04-29,-0.0007486249870732525,0.003697092085053035,0.02662213558873029,-0.004142547462168167,0.014192761339295335,0.013864796998627868,0.0192576430576432,0.004566094295924017,0.07043325234415662,-0.00808560800061886,0.0031370969722621157,0.003592373815865494,-0.0061664992816587,0.006352513510926626,0.004126449068412384,0.01111332238642523,0.01765106419198672,-0.0008468353574751862
2021-04-30,-0.015249146146057005,-0.0011212645540177846,-0.014209125821628971,-0.003374702192485256,-0.016543849418055957,-0.012888489687339532,-0.00893212431058599,-0.03253775211102424,-0.013535588057894036,-0.001307716018552837,-0.020785802508514497,-0.006576260655903882,-0.009946197617559169,-0.006592083338612944,-0.007605921385584082,-0.025585873829049574,-0.008786644984179578,-0.013720889299744252
2021-05-03,0.008181583172635655,-0.02361686640013657,0.000739824787490559,0.01289485518814097,-0.0044373615093821605,0.004895495511058105,-0.002929898435765716,-0.005186911076575637,-0.007720029867823724,-0.0012697139631624784,-0.011576116749924684,-0.00533989878498354,0.03880408705551184,0.0021543776032909036,-0.0019934831073818464,0.027163586204137405,0.004952041254015398,-0.002795635986118461
2021-05-04,-0.03602667136149653,-0.022280927908247625,0.010789537300038406,-0.007356686965198023,-0.015591976100992144,-0.0009142865645425471,0.013728560421607888,-0.017899581783317058,-0.013168517244384345,-0.01629184181284755,-0.033270180476978696,-0.018159454198803326,-0.015748332709023857,-0.006188463549624311,-0.013731004369536991,0.0005908202261666986,0.00792666159493359,-0.018108549172035932
2021-05-05,0.00195353718134644,-0.012557955081461925,0.009467398760736758,0.00413361336698124,0.0034361069019809213,0.021995280232946158,0.013036054518971066,0.007738361872720246,-0.010546598237121278,-0.005341194547093809,0.007445427878479581,-0.003368070416260109,0.0,0.00031268826005824684,-0.0020255121579578197,0.03178578245091202,0.008134558136043375,-0.0024146914556703305
2021-05-06,0.012721389407534329,0.010895826077640012,0.014868285436056701,0.016542002735280385,0.009707394941633675,0.023080333902804628,0.019924285577054605,0.010485091543592907,0.01574733789945089,0.01313996358036653,0.004451049350460004,0.00750898156056107,0.03204123257852464,0.007954104059147142,0.0075739255315893615,0.005137420489943986,0.014743584973005971,0.00998778432888993
2021-05-07,0.005313266321844851,-0.004474051509126132,0.0040387281114587685,0.00895658735382193,0.006218443745904918,0.013353972010218972,0.0034167455761246624,0.020994574448736262,-0.0029416306892491653,0.010872552119758945,0.019720938070134985,0.008081787496949116,0.003933855341428456,0.007251468922364392,0.00701755169282685,0.017682910761318088,0.005307883097084109,0.008523499270791676
2021-05-10,-0.026143633232692677,-0.031202294199865952,-0.0030869766690064413,0.0030259218728549953,-0.02592050404677622,-0.005976448479316877,-0.0001240312076995056,-0.07248914465162418,-0.04195474299472858,-0.02113610068068278,-0.03759304632429728,-0.025578893415750897,-0.004722516947066487,-0.009951606506557744,-0.01984248348050088,0.0003728830077005747,-0.0007943775943917893,-0.025570250946727647
2021-05-11,-0.007437677302278912,0.010420336143649124,-0.011480620291717572,0.0001742848474817966,-0.009509362222980019,-0.024047188327868712,-0.016763297477206243,0.01014548117472414,0.0018285518518216502,-0.0038507312097473437,0.002835041819788695,-0.0013821881187759508,0.012544252769846992,-0.008964731395611556,-0.00425497289442349,-0.026058763047625548,-0.01790768477761962,-0.003030166717716824
2021-05-12,-0.025254879744726393,-0.022576744303825176,-0.009425897171688076,-0.009983483413452903,-0.03123544223728076,-0.015455796563498275,-0.006898409529915232,-0.06046539840257567,-0.013069262823848932,-0.029802534210090888,-0.03903958714247342,-0.02622356286266163,-0.022853631395201756,-0.02147428160551609,-0.02521719357442788,0.004771537694091571,-0.010301059589512971,-0.028528471447761036
2021-05-13,0.017760967560732723,0.0030189822880309276,0.015900175155624023,0.004098917859921596,0.013000044213702084,0.012367192889092255,0.025396745555275196,0.04738294394183727,0.00891753850631054,0.016721383169837567,-0.006800988492472854,0.0077013891499610135,0.0027860593075855755,0.01194093997493996,0.010266948286620163,-0.012260870555763075,0.015948562115830796,0.013164133500116209
2021-05-14,0.01965052031794968,0.019244482527551766,0.0123516337058579,0.009074563611959028,0.021893664503540838,0.027379937800712552,0.015422552634496189,0.030750253305127578,0.03438822357750377,0.020848396107100726,0.041409742094575513,0.021836491038593767,0.01185313140228154,0.015238512952115415,0.017675385717637115,0.03056130301097487,0.015698083408469732,0.021783278511216492
2021-05-17,-0.009301662027049707,0.01462764646007257,0.00893084383152096,0.011572105937362132,0.004615445408943573,0.0013008255953445079,0.004016104349960061,-0.0182757907462329,-0.0015202196782440882,-0.012040540388678906,-0.005456374262286442,-0.006084535069672395,0.028269121741462164,-0.0025477692775303954,-0.004603114745485615,0.02291732814901344,0.0018463611468589802,-0.0073816340665501965
2021-05-18,-0.011309392107955547,-0.011721487581113643,-0.013663505385033603,0.0019442812059788442,-0.011622968212878193,-0.012782740062394807,-0.014189141130037502,-0.012303682326766338,-0.017588662366470956,-0.008602159596946055,-0.010627566470573635,-0.006773611598983285,-0.0015285029881025884,-0.008653039650162744,-0.00771944169153002,-0.023478292672505174,-0.014064430824073994,-0.00803327794320425
2021-05-19,-0.0012822951053574096,-0.00014852585753418506,-0.004516834166059208,0.0006853819629941132,0.003983275991147827,-0.017097385621751674,-0.007666732500064625,0.02926844592923712,0.011642979612141871,0.002471062497173123,0.003561067958755916,0.0011473664723957494,-0.01619156742057497,-0.0026251734139698243,0.0005164829310833056,-0.02519319317050843,-0.00616530727772222,0.0035040317876839436
2021-05-20,0.02079420015292619,0.004901676923524499,-0.002385468685307347,0.004556871795741219,0.015485986758748316,0.0038989445472586023,-0.0017398871591256665,0.03991035156238328,0.015881527647702686,0.013725650335504026,0.03813459142164395,0.019158916356537357,0.002329246889963728,0.010700546377783641,0.015541300939054812,-0.0015357384619155874,0.0005374792910655635,0.018945703328347743
2021-05-21,-0.014877172369806315,-0.013828021471269424,0.012578855504379748,0.00045446916842239933,-0.005572723089255418,0.017850579187405805,0.011314499613527738,-0.020342239164734176,-0.007497929311674404,-0.0053290399208345855,0.02562274464010751,-0.005550409593981375,-0.010132597243543148,-0.000818854042938022,-0.004926499241799262,0.002111186864132445,0.009894491004011454,-0.005491910351124972
2021-05-24,0.013226303335224837,0.0129993563234214,0.005409722484412223,0.001759487487714246,0.028748587363707882,0.005527162969126012,0.005395345523073514,0.03290018168973751,0.0262162748490712,0.02262418940423209,0.040539850896523594,0.016679488911542497,0.008580368960720267,0.010142389826020075,0.014539496468790426,0.009920061611783354,0.0047781844514855005,0.017613304357071657
2021-05-25,-0.001574647216190603,0.004323491452926749,-0.014650656424441303,0.009031903514378268,0.0007747312684368508,-0.010316465173600667,-0.010387579551067515,0.008988392812671251,0.009687028036891645,0.00374135781224069,0.002287265992343157,0.0013823130053775947,0.009277212737119046,-0.0022211804685710176,0.0018445937440430772,-0.020520495630917967,-0.010114280236179576,0.00028839485365897096
2021-05-26,-0.00039426549346850177,0.0018730010825371592,0.0007140777910227995,-0.0017435678186662285,0.0073538217030097676,0.00789713703157599,-0.00012356369919652198,-0.0036452489614956667,-0.0003967049050431235,-0.0009141244840159823,0.003333553980561168,0.0034777521412097403,-0.012388841991709757,0.001982778307633699,0.0015066500984819,0.008873535149859025,0.0029384700618944426,-7.214808815551524e-05
2021-05-27,-0.01245384242310988,-0.010792589148289969,0.012058205084071282,0.0003940189892895408,-0.007434172009552913,0.010747639214911916,0.015451704993698887,0.011933907348240685,0.015414932056195629,-0.008706228434431746,-0.0135951670362385,-0.003748091342040189,0.006987617856332976,0.0005247526370129398,-0.0033512438425249884,0.0007681332414759779,0.011404576011457761,-0.005279080799728049
2021-05-28,-0.005362497701272018,-0.002181807353604432,-0.00376746682482492,0.0037630876338542248,-0.0024706323186249888,0.0051203172129270025,-0.0006696035752457119,0.006406552551022688,-0.012154649350637009,0.0014830319212039628,0.047688890184997175,0.0031493248959677538,0.0019323382654436645,0.0017871739208129666,0.0025145184466591184,0.0019170524364258577,0.0018441959455535474,0.0035465359459326126
2021-06-01,-0.0026517324197345214,-0.0013723560569097765,0.012425406521513773,-0.0026945732480542135,0.010270178352068983,0.027624425443292744,0.010960249796853672,-0.0012472439935183528,0.0012161445178031321,-0.009173544370473867,0.0012303817940970733,-0.0033294026643517945,-0.002319269157425875,-0.0008813532271739627,-0.004530642105069769,0.03777550293503427,0.006035650056208193,-0.004925145156431096
2021-06-02,0.006256544422829795,0.004754641593085972,0.0004660497403064664,0.004878526963101577,-0.0044572474384076055,0.0026113319821797674,6.037003706566231e-05,-7.68148032360953e-05,6.064694216282824e-05,-0.00040427959649705505,0.03109849636676315,0.0019509720313600017,0.01192549110367404,0.001571418208845968,0.001176721804173572,0.018456681508917258,0.001568719429418401,0.006874232979188452
2021-06-03,-0.012228677709071671,-0.014633490299348802,0.011394083625496937,-0.019772420864664846,-0.00975397601554415,0.013675995051312893,0.0006622670725010479,-0.020564922604923618,-0.009493408527694454,-0.006450315458304303,0.011349085856599153,-0.010460183004729104,-0.0267406187533596,-0.003718241453268449,-0.00724966387764467,0.0027122632251954685,0.0023484203867805086,-0.009346220402059069
2021-06-04,0.018843625905770912,0.0060095641643640885,0.00046224141901264187,0.010725633264657355,0.019400939442999636,0.006998506923387733,0.0016235846070612138,0.03025581263841079,0.013132493502972234,0.02046408437556232,0.035229972970788996,0.01682715873236442,0.012490466976035362,0.009104323120702517,0.013779396417667912,0.006658711968077482,0.0026028198081097438,0.019034739725055573
2021-06-07,7.933013045201585e-05,-0.0025639767739557943,-0.003472626877419253,0.003999619209610979,0.0036407046873544553,-0.00843988882974149,-0.00469764759387515,-0.008782447707803512,0.01868315700973291,0.011969998225332268,0.0023154116840852783,0.0029753956908810373,0.004643929831076067,-0.0009708141560687487,0.0015010038112141261,-0.0043142070702769314,-0.006519959624308741,-0.00021456813546243662
2021-06-08,0.006649762799030076,0.02045844509486988,-0.005581148536534945,-0.003096867753862795,-0.0016080517172448357,-0.008953998121796166,-0.003991846521046287,-0.01869325617706255,-0.008653295042342104,-0.004897434227909555,-0.009236918907874259,0.00047542959321038644,-0.011260029932949197,0.00021319573325577474,0.0009991985007227085,0.008609963653795214,-0.002619649490490451,7.145233902720077e-05
2021-06-09,0.003072475425454549,0.005206770515708458,-0.013145885024105743,-0.0019193434836643904,0.003953093931831489,-0.005003810860276742,-0.0125635896616247,-0.005441808184784459,-0.010332590469775244,0.004030255715062226,-0.005444012503502819,0.00023734998019443414,0.006616100101873249,-0.001493015546771587,0.00033286646578528374,-0.0062706126556784465,-0.0094889623484439,0.0007140164280362129
2021-06-10,-0.008055523238615133,0.020661910893956897,-0.014998573064044743,0.004285131517665339,0.011228551784510814,-0.02336467288244163,-0.015711236039340545,0.01047978584303182,0.006669663554717571,0.01429059973148356,0.003838142936051976,0.010366303920485145,0.007342975088851299,0.004637764543895548,0.009276279371638227,-0.001258970474176954,-0.011721022949304756,0.0073251439624214595
2021-06-11,0.009784614148073821,-0.0008421810689315857,0.004069547082704896,-0.011316177890912231,-0.0020266225168107635,0.010930986609348659,-0.0006863147748132825,0.0020890209206787373,-0.003615761256379047,0.0025238769542086682,0.022710393876122264,0.002611712141187069,-0.003857970596359521,0.0016509971386928803,0.0018118843289385144,-0.0034248854217403418,0.006410763285083294,0.005933951231606361
2021-06-14,0.024280504605687342,0.011006334685231454,-0.012016378652618493,-0.005878166410042197,0.007669486145819295,-0.013662364527982872,-0.017114409088249967,0.01258192480740591,0.01649655931344184,0.007725337374773693,0.01079669011260362,0.009537174666218886,-0.0011603438188416777,0.0022363867774953324,0.008848334712378591,-0.004343259139002657,-0.010437887356557285,0.010092224756282209
2021-06-15,-0.006458481703331499,-0.00021872359760794925,0.0007249508580960536,-0.0037848631237422004,-0.008414572230128098,-0.0043536371199838836,-0.015284579848042917,-0.008449442421843874,-5.954865409933525e-05,-0.0059049146579995375,-0.012860655941801647,-0.006552629885749361,-0.007380128074840898,-0.001835724802185789,-0.004905963998276587,0.01886327780854434,0.0018815962780723069,-0.006155432926057605
2021-06-16,0.0039261353211942195,0.009449397061352359,0.005541492646163651,-0.01703600368035545,-0.005342981301117608,-0.0008081831520754051,0.006999858138641152,-0.007393570838753843,-0.016980880467942164,-0.003800044052869839,0.0012220386902225668,-0.0036588966872612093,-0.01532143076128068,-0.005599157928835935,-0.0036130875519332704,-0.005353227144936483,-0.0010746044846206843,-0.005416842016467527
2021-06-17,0.012522130223586484,0.02143330072900694,-0.044713807378059654,-0.03122282591641038,0.008007911731258434,-0.02594018825059912,-0.029285022672652015,0.0016271033135342803,0.01626793929513336,0.013583672534602197,0.046460665691429634,0.012617645843691619,-0.049087161154668185,-0.00033136088747440765,0.010311934705906732,-0.03458644899649808,-0.030015859059631427,0.011502521661840466
2021-06-18,-0.010142880616967404,-0.000670883305820527,-0.025962494468754708,-0.005562705142465907,-0.013500054380346462,-0.035677300224264775,-0.025628603913708654,-0.04331414059244271,-0.02056604041591935,-0.005650553903012847,-0.0009920469450928632,-0.007878343209944893,-0.007093711448091927,-0.013582461492859476,-0.007847000123388277,-0.03008329486195869,-0.02439506557324287,-0.00917744003631971
2021-06-21,0.014005385353057146,-0.009491708765252797,0.02470542382094521,0.012173251058176099,0.014066606609439841,0.024662567394603527,0.016826126901169112,0.009680981807517808,0.007946278863885547,0.0122592279666899,-0.011412458565672173,0.006196008675023465,0.008340363891643427,0.014214352257088048,0.008936546260773897,0.04173161127877644,0.02307122867616961,0.010660003619078394
2021-06-22,0.012618388292361707,0.014794678093753032,0.005519136085297467,-0.00420166857422807,0.004243437356579754,-2.810598874057852e-05,-0.0014633654239635879,0.005111319115080703,0.02008054907793402,0.010906607296395423,0.02462999728730393,0.009278517514584816,-0.009597383943379131,0.005332188909041378,0.009406589131079163,0.006636223222761823,0.0016694187552290644,0.009027952376692426
2021-06-23,-0.0020921946040934154,-0.00046229652298874693,0.005738120305885877,-0.0006618767987564016,-0.0016649425831689426,0.009797332967840792,0.00603980015705154,0.0039003406701687794,0.0045908036262749564,-0.0009044838802795988,0.008987009625330986,0.0004888901816131062,0.003348681344247447,-0.0012060495557048507,0.00016140361897345985,0.0027519882082890803,0.0019438901032131938,-0.0011067846848951703
2021-06-24,-0.0021710877259946137,-0.015746270765313524,0.015549975412638736,-0.0006021199876096117,0.0030494744632398796,0.021102294721154775,0.009155793184049701,0.0171537722085158,0.007575566511835555,0.0053386478652174335,0.007749284189742611,0.00616372026305373,0.004586233077371019,0.00589823747148532,0.00466947227335161,0.00857433270747296,0.012408992155939874,0.006278135841440133
2021-06-25,-0.0022511917418487036,-0.013902758645549816,0.0191636462220473,0.003306999189259349,6.944944177622455e-05,5.431488516569492e-05,0.010047070831193484,-0.007238703745652102,-0.0052880438906673785,-0.006281544643247387,-0.009127651769927702,-0.0012297624138212146,0.005806710057140289,0.0035457069251495854,0.00016043471087153423,0.005253930773969449,0.0119860600616586,-0.001169821104410193
2021-06-28,0.012468215374584658,0.012396928694551673,-0.001442819388946812,-5.999643961855651e-05,0.00022451600602737892,-0.00016258143640417887,0.0018160564753727376,0.025866528443593183,0.040951923116252634,0.013864748337365559,0.048913091757536505,0.012088107044164766,0.0012398753262378706,0.00201392487646576,0.009591208662991225,-0.03437500915869866,-0.007338133982720703,0.010411843749225609
2021-06-29,0.011434240410398503,0.0012332733462509843,-0.01625254523057288,-0.010561034647227364,-0.002152744042415283,0.010548447186278157,-0.0012320164366366026,0.007437926118799402,-0.010600251753701443,0.009923753141814162,0.0020866966304493675,0.0036122518505398208,-0.013305797344578572,0.000537971585941287,0.0031764837952417643,-0.004874411546039066,-0.0035520909315663405,0.007264785594553468
2021-06-30,0.0046106959202646056,-0.0023169853895690052,0.008280547846576952,0.004841763592293601,-0.001497743167159654,0.018374578615922,0.009041553734576038,-0.0016736813217967583,-0.011949850794973306,-0.0018442645923364075,-0.0012116211457259352,-0.0015784779164390802,0.01371877398528865,0.0008412237240719149,-0.0014282605348934444,0.012327364389031361,0.004369902516857591,-0.001083036966068224
2021-07-01,0.0022608518743263434,-0.002092189192267082,0.007490732285492535,0.0034354496150826534,0.002903475011538428,-0.012034284828335736,0.009852531077079228,-0.02746777654164492,0.019029213450298853,0.002580902286694397,0.01041909820788964,0.0003950081582709104,-0.0045519922662285005,0.005521369607546699,0.0041205398582584854,0.01729880922562458,0.007873313360109815,0.001691623208662225
2021-07-02,0.019407120587391528,0.02246941064938596,-0.009432930670185156,0.0065369291506959725,0.02271374145570381,-0.002215779668562164,-0.0009608382273895627,-0.0025781470203560565,0.000874534849162188,0.0220311045835591,0.013514268892430195,0.011413285230402708,0.018085105655199565,0.007614601904725157,0.012260405706622825,-0.002191672029036783,-0.0010823809532062628,0.013097656652202059
2021-07-06,0.01461071666130159,0.04585930904650017,-0.026596082491660622,0.004949187883217545,0.007416983377644197,-0.011559122379969405,-0.016934158523992344,-0.015223576463942592,-0.005427755255577253,3.6112531680978814e-05,0.010270464749259467,0.004312333151980574,-0.013120307227565317,-0.0018232736369957548,0.005452932859153816,-0.033088724297500365,-0.015825452864008348,0.0037964156270671487
2021-07-07,0.017795991456573557,0.0056535525885647525,-0.008017780376573403,0.0037995736126820853,0.0022482095864638234,-0.005938674826380155,0.0011725059002686922,-0.013452242707037517,-0.006512593716280935,0.00814187722661174,-0.01591195056268795,0.002107747264809133,0.0004126358227933784,0.003527868697584172,0.00465058517845356,-0.016387348567915683,0.0013741864899850015,0.005436084477412166
2021-07-08,-0.009242036033346357,0.009378115281815287,-0.02470542382094517,-0.0006520293887520076,-0.011371229405404424,-0.02403046682856455,-0.017404508359299707,-0.012397465254621364,-0.013905542018761832,-0.00900665058448106,-0.02329111824961329,-0.00605789965030362,-0.009533731992860707,-0.008181401905186804,-0.006672529639205297,-0.005780423635200376,-0.02025333828237319,-0.009499464629668785
2021-07-09,0.012970192711314787,-0.0032399471675578434,0.03197446976675059,0.0033150614410246745,0.003787614917173389,0.03509323409214787,0.03149835585325672,0.011190770075761018,0.01370588067007384,0.0018725410665430477,0.007383256557647842,0.006224361271386375,0.007468926933622296,0.010618302627448116,0.006517804905669456,0.021033270204005246,0.028459035640729775,0.009169024510353055
2021-07-12,-0.004212501634182366,-0.00021237069203446337,0.01462779249120314,-0.0012418718351821449,0.01154090726671782,0.02323773774786262,0.014214529239214551,0.020303287905728752,0.007788843750343857,-0.002233122269686685,0.022793284824356382,0.0038979555176359153,0.003713647772034672,0.003575404888188731,0.003397325651303688,-0.0015148751451995678,0.009758864374100376,0.0007931657193725755
2021-07-13,0.007858238083333722,-0.011138754050319735,-0.019133408987153187,0.0013009357869861221,0.0028782929408385813,-0.011950237834118822,-0.014985216113447077,-0.0012001204644575287,-0.0030346702171668532,0.013111352991807818,-0.012879844253991062,0.0,-0.008271377199322834,-0.003414715945780677,-0.00046274276395703043,-0.007608990828404293,-0.01084921043476944,0.004089211004937916
2021-07-14,0.023814848163046385,0.0011740849089997769,-0.025407971243921943,0.010697757313475486,0.007007731167220969,-0.004211128731229746,-0.0034109251034130754,-0.010929303653082475,-0.012747923778952364,0.00543027059945233,-0.020379074872438084,0.001791948041790531,0.010328536387366949,0.0014908798177535318,0.0029261792912188217,-0.030240529736405692,-0.0046468823677101295,0.007343929042254415
2021-07-15,-0.004502083946245876,-0.013806009042966375,-0.000772388354168467,0.00017546425482688882,-0.009653657892043983,-0.0028083010697766307,0.002189390262170898,-0.011622931061268917,-0.0091609222408134,-0.005252537988325033,-0.045114792182437996,-0.007048249433690949,0.0020529359704638925,-0.003421153059874291,-0.005860762178565479,-0.014072282777893888,0.0032821060276895793,-0.008265919441828478
2021-07-16,-0.014176080260387861,-0.015981254351190455,-0.023714529453341956,-0.009751038308664079,-0.00027568340779483255,-0.02316728175863575,-0.02310020936079779,-0.03712833982903975,-0.009626180540345381,-0.0009967947280393405,-0.04338465269923631,-0.00813239458926952,-0.025338788999952875,-0.007874537883039745,-0.007140807830088472,-0.028752773055102585,-0.013747638570462063,-0.00993074131096982
2021-07-19,-0.027283507324380764,-0.006749758546577603,-0.02645425905019756,0.001179853512608669,-0.01901873954215875,-0.028020556349803216,-0.03305962905502304,0.00515260694906011,-0.01241710286314804,-0.01341089668062697,0.033503058182573785,-0.00822723605144019,-0.020400177424005798,-0.014877980761044232,-0.010964885471362693,-0.03597200181625145,-0.028360590612607473,-0.013868221321065608
2021-07-20,0.025642654569158558,0.006626609097477396,0.02037041253151245,-0.0012979424872485647,0.013011196116270716,0.0279110234267531,0.018471796780220467,0.02598155622331466,0.013881489240979265,0.00830427830110715,-0.00897280055505142,0.011549559424442558,-0.006461427817080981,0.014228582221128851,0.012210379994142281,0.013326484451462055,0.024477199552897854,0.014732931949203014
2021-07-21,-0.005145033493470083,0.0033554749445127334,0.020223951996850717,-0.003726190289074976,0.010557394819904295,0.023678260719381086,0.02082212937665993,0.04848507883326313,0.013287226072169632,0.007419051781989289,0.04198180388777371,0.00769069430179032,0.012027666038153903,0.008063719341033542,0.00651376207074295,0.034286591395217114,0.01708500489624796,0.00959292689084422
2021-07-22,0.009582671797142875,0.014628121323517897,-0.013085764068529028,0.0019535411866020086,0.006817105238530146,-0.002117512584332736,-0.012706258980425518,-0.002073540141469629,0.014224114132403728,0.016704143088387986,0.009435243260652655,0.006588500683164224,0.005959974688193254,0.0020921222382103244,0.007852713619218476,-0.011230332604665426,-0.010988958245738922,0.0073472342125157466
2021-07-23,0.01191767843759073,0.005102345801164877,-0.006872604984149444,-0.003139340880551927,0.03514409241216427,0.003589112706877451,-0.001923146345427435,0.0068013225635232865,0.051607878831272026,0.012261192840345124,-0.0018390619407565234,0.0116096227384752,-0.008953335663465902,0.010235122936510943,0.013860706654655067,-0.003702854146735711,0.0016557130618629074,0.009885278376703398
2021-07-26,0.002890800658076759,0.011739458318775495,0.011341139294589431,-0.0023758261058627853,0.007639198648972105,0.004933638432182121,0.006682030940260679,0.00018744821359008263,0.0071944282694880015,-0.0021423772321152897,-0.013590173482321657,0.000787098918674334,0.00042818363615008384,0.0024520738340476165,0.0010580761441796001,0.02443125277394581,0.005775093545838919,-0.0005175845440024832
2021-07-27,-0.01501270603954202,-0.02004647134574264,-0.003941780176251007,0.0016636888817755746,-0.016057084496464268,-0.002823887211840765,-0.0013195854689010613,-0.028189151688875376,-0.012563166693646361,-0.00872178389838323,-0.00446733524141872,-0.011078749948818124,-0.017271652511608816,-0.004568122124942566,-0.009107194051700905,-0.009295051098036782,-0.0002744389990719553,-0.009498634597809589
2021-07-28,-0.01227119076258063,0.0010831503488784933,0.003941780176250928,0.0050335632022407,0.0313020033081916,-0.0016286799180947195,0.001649408523979901,0.01973689877003206,0.014762363089032409,-0.001117291811796652,0.01524109859454249,0.003833970335398962,0.009104810160594322,-0.0004100323378997461,0.001066622532741969,0.009093731866970156,-0.0013719595866339075,-0.001242618298144314
2021-07-29,0.004541948201591882,-0.008409199103878962,0.014321403128008526,0.011044023020098688,-0.002328520068059153,0.008832256983364546,0.008533162015247576,-0.02450256721502975,-0.0409024204222284,0.0009778647129785052,0.008119709134134998,0.0017754314390271704,0.023460203444493854,0.0041388977083745586,0.0019783136865286926,0.00960965804879427,0.01092569686104096,0.004636364041978019
2021-07-30,0.0015097677259929918,-0.07866330887549154,-0.00830732760175062,-0.007918108309762988,-0.007770636920893196,-0.007096897994696623,-0.00800585276179862,0.028290612873452803,-0.005653371739735993,-0.005565353400723739,-0.008324791672242265,-0.005225489064996613,-0.0038014894983430816,-0.00486848228254328,-0.006252375102913044,-0.016067663672434587,-0.00790925353203161,-0.000652019336606432
2021-08-02,-0.0023339751021393593,0.0011683541547145397,-0.010482609836697961,-0.0012374082182159806,0.0009495255283306533,0.008790893258809619,-0.004027318254472214,0.006863548344896673,-0.012283871409393169,-0.0003158955877745236,0.0127904542356936,8.270936588347183e-05,-0.004240823762250366,-0.002100106922133313,-0.001071679499222371,-0.007519588777730008,0.0002739881212531375,-0.0035918102276299053
2021-08-03,0.012565074622000402,0.010379692962522098,0.015423279271691775,-0.0007077270423842932,0.005734447988735831,0.0057213879135476955,0.01131383320821801,0.005779537436519613,-0.002019445706768931,0.008042674044458683,0.003285655035071019,0.006042759228675945,0.006354590982320281,0.008102674533011367,0.007172205705847691,0.016990766466121347,0.011160834923761003,0.006391155112409142
2021-08-04,-0.0027864620782080143,-0.003428109147843768,-0.00728999987192125,0.00023593466942563418,-0.0037268535611569608,-0.006594439134944834,-0.010850805010386232,0.006577642895382587,0.02162987955978985,-0.002126871016263103,0.02290022354479089,0.0014438427733307407,-0.005929682178755231,-0.004931277747403957,0.0006076791988209292,-0.02744931075382557,-0.008427224940725267,0.002012974283813572
2021-08-05,0.0007485990739202033,0.006320347457217287,0.01940836294673747,-0.003959922253451811,0.008298508293540282,0.01689962635329554,0.012549887641366237,-0.0063608076871135314,0.01122057174511317,0.010450994668317708,0.017746157279693545,0.00632288825667534,-0.0102478128970686,0.00631285257785168,0.005606427529897188,0.011274256741921281,0.013018772115770964,0.005499690127508339
2021-08-06,-0.00477839227257055,-0.009239891315900388,0.028547964006694806,-0.025308704477345147,-0.003772272606496563,0.03475223022048832,0.028007618456757134,0.00355601177385118,0.0014865408830796083,-0.0002071594306381397,-0.01321870865664183,-0.004391727543206039,-0.034049504228998745,0.0016510022410127056,-0.002571755613008603,0.00913054139906472,0.02000858263267785,-0.0008394632565462517
2021-08-09,-0.00034210497372170383,-0.0009181548153357011,0.012868191056480445,-0.017894816057729707,0.008615326924677863,0.004988794996215369,-0.001080135913201755,-0.01157992361059065,-0.005240487767322671,-0.0039114098864678586,-0.0034922586726031353,0.0018458326167947064,-0.03479006606377996,-0.0008138532355403773,-0.00015168034993921412,-0.01423929941159903,0.0026380348981027606,-0.003233900468448249
2021-08-10,-0.003359760101299934,-0.006361004973165342,0.01851469756263098,0.00030914743149373187,-0.0007743038537847347,0.020029213116207693,0.01219274056622436,-0.03710464518428848,-0.0013281789523637668,-0.006576765759596451,-0.01784738737328142,-0.005139145557954373,-0.005994906506175655,0.0012433754507488696,-0.00425140807144375,0.01746559776486924,0.010482120602250025,-0.007217111000419085
2021-08-11,0.001783796481208951,-0.008640868502137664,0.012473090149540487,0.01369082807188368,-0.003866877972157491,0.014406646999987876,0.011859594393202057,-0.01411463102408361,-0.003245257126577246,0.001779239573502139,-0.011959049497983997,-0.0017187056651316098,0.010124306834811792,0.002481682215354046,-0.0004568169381216797,0.00782122158360844,0.011405181670357152,0.00013071010087630663
2021-08-12,0.02056068552404464,0.0034538388189029033,0.004756555365030775,0.00024383177142714218,0.006691739718006757,0.0026781315207592225,0.0039015764359659,-0.041968364078837264,0.00744521863810364,0.009917637444342263,0.010403130520069248,0.0035980562894265497,-0.01569022272971224,0.0029926090897319556,0.005465736197810853,-0.0009993414222498945,0.0018021273432795078,0.005724746368400857
2021-08-13,0.0014094245771009055,-0.0028889970825907705,-0.012413739253994955,0.014224167163591615,0.003881129006639125,-0.010220843688759616,-0.011250205527969142,-0.005326952782898648,0.001460582629797086,0.010434779549764791,0.014117086730037535,0.0035037410009832433,0.021624920009122958,0.001818124435387809,0.003928769915742043,-0.011867739944130956,-0.007488404768478392,0.00543501825613651
2021-08-16,0.013457142203492476,0.0015227871766333222,-0.008200758789062764,0.004975891262677384,0.0042167992819058826,-0.005933166582745232,-0.00658512628123562,0.014470828396368858,0.009263600791992366,0.005958181923053063,-0.01185919158329607,0.0004337431084412558,0.005899770642040399,0.002351686749738258,0.004213420925565781,-0.018585236711483797,-0.0025956930397460524,0.004506064867174947
2021-08-17,-0.006173098953444182,-0.017438191452478862,-0.00485565916502659,-0.001496155150116038,-0.011986861653632047,-0.008311378698901998,-0.012154508485613816,-0.016920208359261623,-0.022373100759185725,-0.00517327348238912,-0.0249708325994049,-0.008847101882526817,-0.00909100638103462,-0.006576662291041862,-0.008899702029553109,-0.010360686648635115,-0.007041182452499243,-0.008320314950016143
2021-08-18,-0.0258319126788481,-0.012646113476257194,-0.007327721800679626,0.0007783092556947036,-0.008911762553923208,-0.015353230564188004,-0.00914914708883923,-0.016508757563580508,-0.008404625473204714,-0.006137968040041483,-0.02171631660319732,-0.009671244164283263,-0.006413186897537406,-0.011005243422296336,-0.010203331859661886,-0.02104888108577394,-0.012376622453213113,-0.013891335998762884
2021-08-19,0.002320217469261316,-0.004216696494284563,-0.014818951410397387,-0.0029367165231408677,0.0017037910768574645,-0.013201036719878826,-0.00839117183971288,0.013308589221640224,-0.0009288109019240672,0.020562560854656305,0.03903898997956226,0.0048199126579784,-0.011555478585852314,0.0015472670628151495,0.005951923788218173,-0.02629457440410993,-0.007447074697030688,0.009737645123075527
2021-08-20,0.01010546552012302,0.0038198497898503034,0.004468810260774498,0.0005400158455303154,0.012811956554697409,0.005827085039248499,0.002848281801554639,-0.019543899368014008,0.011896769300707481,0.02525355010326434,0.05014105693275477,0.010304958431698378,-0.007466196378288356,0.007925285493119494,0.010293698994358395,0.0021814915543942556,0.006121238048070097,0.012795121000483854
2021-08-23,0.010205158550353857,0.02039103748353467,0.013287739373574558,0.012104007439095057,0.018827766983920347,0.013996961889120599,0.012715784107797256,0.03187336905849497,0.011014044582062779,0.0009523678009556138,0.053409569340837,0.014845820990319097,0.02452118165552351,0.008758144210485094,0.011083087234338566,0.036795502681429004,0.008191621839337668,0.012823473107859865
2021-08-24,-0.0006012453384743896,0.012146253464241655,0.01383634844532847,-0.0004742535717267673,0.008674027297746535,0.017555977306414935,0.006171179128351936,0.0021882568620097834,0.005927016941171354,-0.006685596019518826,-0.007542737097984569,0.003049680043329517,0.009099278755961289,0.0015860783524199314,0.0004464218020591221,0.01645711303021533,0.006034186259231993,-0.0011418539026483926
2021-08-25,-0.008457299567696641,-0.0019985098458953207,0.016023932339483914,-0.006961609676564189,0.00577029442354481,0.011099309827135462,0.020403086081498194,0.005432903357116252,0.007848686533747491,-0.002017739627946809,0.019088825818224596,0.001147983001087597,0.00045280638602794376,0.002096113894543268,0.0004468128644025491,0.007615548339121594,0.011701963472167037,-0.0005711650606285875
2021-08-26,-0.005542408656179484,0.005085305152845157,-0.0026136061713602607,0.001133835388463418,-0.004504028386841018,-0.0017201222601362569,0.0051446269009777345,-0.005825716035688263,-0.010945001745607686,-0.009715566850175007,-0.006549193451434707,-0.006370255568663411,-0.01092408533941312,-0.005920540136223223,-0.0047732832714379,-0.015289822376982997,-0.004923988046022253,-0.006306362757919169
2021-08-27,0.007158841946462377,0.010090674197310714,0.010647307552887073,0.014917723322635659,0.01796179433303465,0.017498133164962053,0.008004982006847924,0.04057660412655419,0.022388686846160112,0.0021040952773222366,0.02541288475784911,0.009673262286886364,0.021730123435242037,0.008901208003751857,0.00863477346728682,0.026301356858307964,0.013163098137914267,0.009602690491056243
2021-08-30,0.02996397438516699,0.021249618004886027,-0.01972718991635939,-0.004947859047149437,0.004064767996090086,-0.014616927909045818,-0.016136898684995352,-0.0026281128717127135,0.02132068087860933,0.012829580381158721,0.002294535366809977,0.011159818585422867,-0.003139706305808204,0.004388084329557091,0.011349660060637848,-0.011832099440412316,-0.01420299413427342,0.01070215037485992
2021-08-31,-0.008460618136150844,0.014282714711431693,0.0021579530228709076,0.00200564206756742,0.0007395483561379068,0.004629824616649874,-0.0030587688714831924,-0.0052275726411123175,-0.0033682099541365437,-0.005648666314547751,-0.01326836514618722,-0.000815635049296904,-0.00540545641693235,-0.0014826259055902829,-0.002200872181067682,-0.0067949833800342715,-0.0013011226444273013,-0.005273705058868092
2021-09-01,0.0044688586016025204,0.0023626160329893353,-0.01350379287142226,5.88968847449306e-05,0.0035734506377292155,0.0003626926091192123,-0.001439018936880249,-0.008367974049057172,0.007013122197554049,-0.0001657694834348665,0.0024985346970194658,0.0016566041379469834,0.010334913305389716,0.0005309767818809932,0.002347595416664243,-0.014778097276739673,-0.005745788896673268,0.0002519738629789954
2021-09-02,0.007447034921661699,-0.004574927931495782,0.0009753608975972477,-0.002655242464544409,-0.013369003987480312,0.0020284041966871914,0.004622780747497899,0.0038605892685246615,-0.017878990707002038,-0.0022554096274453703,-0.0020074258024699006,-0.00047287035243573084,-0.010334913305389715,0.003072091351318465,0.0002929170243975727,0.02505553913852777,0.0033992770253408115,-0.0010706797018597677
2021-09-03,0.004221462320729469,0.004301820154126882,0.0007309748377319355,0.010637446088029513,0.003152919510281835,-0.007725674244403695,-0.006063765508522241,0.014198707452255318,0.0026079305089133967,-3.302173019438207e-05,0.019762576380588176,0.003070985000158038,0.03287723011914585,-0.00024285843416881062,0.002779367954898777,-0.005742326621717634,-0.006284490475071149,0.00396094536566438
2021-09-07,0.01537055654798514,0.008941925919554996,0.006556388841729879,-0.019778020504279115,0.0037568646467510173,-0.0024099130849540257,-0.0017571200679653196,-0.029107557291411627,0.015611217884497064,-0.003192898288132488,-0.007955215555339065,0.001414007063617297,-0.016303464745167345,-0.003581869913296787,0.0,-0.005982464508810522,-0.0060597336052282715,0.0002513819817034854
2021-09-08,-0.01013491551594724,0.004608538783881409,-0.013155419902903065,-0.002507544166051433,-0.00409429030417236,-0.013050226107200339,-0.0044695102683785844,-0.016401552369630826,-0.01213577993045162,9.96951807488708e-05,-0.014355499538174277,-0.0034865140448073688,-0.01521963801711299,-0.0012192518253118418,-0.0021937911816593395,-0.012911481795818993,-0.0023810600577944276,-0.0038345791249205633
2021-09-09,-0.006727181131062477,-0.011795296134862758,0.0036717117646520255,0.004413734414974538,-0.001044471434980774,-0.001037266996733785,0.004343752157936652,0.017109338297835338,0.0011382521525409464,-0.009908553615372039,-0.007278530129927719,-0.0034465620651964466,0.004500474754912914,-0.004289245369641946,-0.005578858401229731,0.002093793370445983,0.002909305974406263,-0.003785519305566959
2021-09-10,-0.03366199437765165,-0.004317307606338972,-0.016256413684302137,-0.005071495164425335,-0.018740663023762243,-0.002722647914922185,-0.011562336352571624,0.007552301638739238,0.0018238246237118321,-0.005194321897326021,0.013481442281977932,-0.00761835547726082,-0.01265270766622886,-0.007915692968124428,-0.00827944312659632,-0.0004183890902731473,-0.007423163450726659,-0.009910692210742365
2021-09-13,0.003885873024987798,-0.0034592661286029646,0.016500562913025565,0.0033441618437189445,0.01028582787900898,0.014223458978582036,0.015762609232775712,0.017665757061735978,-0.005773237036334684,0.0043192230597754264,-0.014609324860652634,-0.0006905322762797757,0.0,0.0025559567737338013,-0.0011883259815177812,0.028263954583904356,0.011377065341808802,0.0003191884398462342
2021-09-14,-0.009608428782740685,-0.0020761346389200496,-0.027236015338667492,0.006417907636002404,0.0014881737884665253,-0.013703277010570022,-0.01760699061347633,-0.008694520195014785,5.293364727717869e-05,0.009384056732675717,0.004054575104270575,-0.002847344372740987,0.0049898316265617445,-0.005411127903994474,-0.0020829744468385362,-0.014548148683995616,-0.013507829652054812,-0.001277062136735887
2021-09-15,0.006124965099919027,0.007447589064120205,0.00750197053283994,-0.005881528710091136,0.01313740684709065,-0.0043195908719444506,0.006915721767796497,0.013169112740261004,-0.0069556448374543545,0.01663887064383884,0.004441160857544053,0.007407403286411589,-0.00135841934376503,0.008318032179774561,0.007567124494483753,0.03667729213840936,0.009553927760972783,0.008716832912008358
2021-09-16,-0.0016117654468828116,0.003575505609499879,0.007693533393811729,-0.022902242747818987,-0.005690153134609401,-0.013197994899661992,-0.00044309129951471246,0.007088319467184105,-0.0023028485227209734,0.0013114607554037135,-0.004441160857544181,0.0006874746864671148,-0.03786231107058967,-0.0015865427041755647,0.0,-0.01140589206311587,-0.0029093059744061288,0.0005702274871068054
2021-09-17,-0.018518597126065538,-0.007400637151307249,0.0012350415952946878,-0.0015862999324902439,-0.019760674026902687,-0.01324651392111711,-0.0025965164981626614,-0.011218112441240425,-0.022609227906001783,-0.01768394271037721,-0.015495823957171159,-0.011912983286643157,-0.024292703604813032,-0.009788836885653487,-0.011746135098515529,-0.007473928472724737,-0.004513857476320489,-0.01569827259392779
2021-09-20,-0.02159249558904547,-0.03132736193754281,-0.034923964478550486,0.007118755657039398,-0.014886756582705205,-0.03464520301330981,-0.030391396432138396,-0.03181522447395572,-0.0250422599712209,-0.01874938028563225,-0.036597566457250055,-0.02087963211233736,-0.00725866331513817,-0.01681472994498171,-0.018521107571063414,-0.031012789882520198,-0.023470756643030357,-0.0183820116726084
2021-09-21,0.0034225037703557964,-0.0036122637458179565,0.0005114988352446381,0.00664689654260444,0.0022575038490331655,-0.006074430631996943,0.00013076732303036396,-0.006274784417087268,0.004991919591876256,0.0016976241484150767,0.006279839568525565,0.0012297555363815025,0.012068695756567108,-0.0009451097749132758,0.0013724603903107024,0.002325793225697947,-0.001368895130875913,0.000393210297641209
2021-09-22,0.016731210988169078,0.010833453848678572,0.025483890654199367,-0.0037409995549623856,0.008953951575552494,0.025300020092525452,0.018971568234537252,0.02506600504755713,-0.040737311085251034,0.01274079902123942,0.03218825700186447,0.00929728363956264,0.007171898721172171,0.009707459306114951,0.008648538910636083,0.030368357677529798,0.016574337689109896,0.013617400216103324
2021-09-23,0.00669713153756763,0.010579777062858911,0.037887851799943834,-0.011613566243419594,0.006625218082329625,0.016441023644890862,0.03324275737394754,0.01888583548976155,0.007980893602536033,0.0032766931770300766,0.02435791765058029,0.009184300145189181,-0.0038186167850362274,0.012076837311343435,0.00962288857585976,0.03443403111770743,0.024225912072957063,0.013306765590477741
2021-09-24,0.000612666442516622,0.0027829969154169873,0.010736151801753645,-0.0012850982867509395,0.007049387401668828,-0.0025806767518391075,0.01147411327670862,-0.00013079218880492023,0.02003140044683297,-0.0007010714390618515,-0.01799739491490678,0.0009382900746118054,-0.009610874942703969,0.001645730908376241,0.0017940907589849978,0.007493594444795833,0.005246484265795432,0.0007018888923115178
2021-09-27,-0.010606280192555337,-0.005773469524888403,0.02623091710847313,0.0020798706668898187,-0.008069532214657489,0.022665526807066395,0.02387845230008326,0.00926984918002237,0.0017551218000065917,-0.017455776921895424,-0.019250301587991722,-0.00801438632549999,0.011044599746100855,-0.002864738441648781,-0.009153362404497307,0.034942257372857666,0.013513824265972528,-0.009746766352370118
2021-09-28,-0.02408899174165079,-0.026732621677354657,-0.002314331880379706,-0.009763940911599527,-0.037866447880703286,-0.02612570124726687,-0.005404350185854715,-0.05106565498003602,-0.0372542826162466,-0.03687503876513558,-0.04538195353001481,-0.028705773628841837,-0.007670212231918003,-0.020357707442865174,-0.027662584982530148,0.0034090665335145607,-0.016658497272783485,-0.030089360090514678
2021-09-29,0.0064621800561232715,-0.004485396155336227,-0.0020870323297578286,-0.0045149330127863515,-0.01092963810643758,-0.011906270430624949,-0.000783197900254449,-0.03201026823755843,-0.003057623663483545,0.001691416941438661,-0.008831568587346938,-0.0016409112207467036,-0.0407618371362059,0.0016818202439599992,0.00015513719547244887,0.0,0.0007873123351837591,-0.0012624450052438336
2021-09-30,-0.009355230716072587,-0.004882981617736262,-0.014499926328460132,0.01781698430701417,-0.005055346696663209,-0.01798390295910348,-0.013712124574697563,0.002885920266848799,-0.0006478461742817133,-0.00735082427764499,0.009652610908562606,-0.003680778239833198,0.028170861032288816,-0.012297938501592354,-0.008089815792929132,-0.015241025228892256,-0.015860950317509077,-0.00720678962679589
2021-10-01,0.008094072704832048,-0.0005420246980202862,0.01473194597132087,0.0022505110921036547,0.02122056248184033,0.005197571752713262,0.0207978395992734,0.0010185560045381581,0.01060975324833018,0.025149289410448073,0.0012541220377098366,0.006182994975943497,0.01499420899944549,0.011814129156981856,0.010411235321117849,0.03304351869329424,0.016385300723508245,0.01495600292830431
2021-10-04,-0.024913519959476875,-0.02888485808454832,0.0060171386088771015,0.004667408258473528,-0.021344062732306976,-0.015514270007072483,-0.0010779796615259726,-0.03498982807513043,-0.0501569674084016,-0.02093725024788305,-0.04991848953798609,-0.021212775097759668,0.007175329538915473,-0.012979957929626541,-0.0203007986426708,0.01621283894035104,-0.008688065664645351,-0.023429938042205344
2021-10-05,0.014059242926591544,0.009739950346903852,0.02010102109402282,-0.004667408258473519,0.01752839698143291,0.030688198256851106,0.016198494878252194,0.010415570539190497,0.020419658572285202,0.019760798028831805,0.03578991457199117,0.01340828864035576,-0.002863938305440504,0.010351356857639814,0.013164325220689705,0.005830572164293538,0.01937790234401878,0.014150388528047165
2021-10-06,0.006287486113607629,0.012651646071788683,0.0004523076062087038,0.002669757352534067,0.011272642216070642,0.005788987571202181,0.0021321582890351273,-0.00752963720604588,0.0020401362306381164,0.014951670535462269,0.012101796490035547,0.0063873789741055315,0.0019101729294404908,0.00414725881658883,0.006208429634420322,-0.010593427790456881,0.0010364196979555618,0.006504537353558777
2021-10-07,0.009043337127188997,0.012315060502089633,-0.0027162424106168146,-0.005285683868044846,0.011994908979454313,0.006601296817910651,0.0063107839379230955,0.007385866047971498,-0.01333627047930041,0.005919124114511189,0.01795387229446748,0.009132975258231367,-0.0028666750544756965,0.008608861876777594,0.009240692968501734,0.007682432043703686,0.005941181992611614,0.009088669773218415
2021-10-08,-0.0027254582278177656,-0.004190573462060326,0.004973850605479065,0.00042627404378714777,0.004017684693080472,0.005590622813357865,0.0007638892752175135,-0.010235465337566075,0.002517875225738617,0.0,-0.011645479547330423,-0.004998598080033341,0.0023895420666786636,-0.0018256528559350573,-0.003378225646747886,0.03032959074631075,0.004880933515282668,-0.0037439084677781073
2021-10-11,-0.0006300166017198307,-0.012952121105274618,-0.012710067027792078,-0.0018893655741350408,-0.0062542406160462334,-0.019459541031029322,-0.021256022249763057,0.004135554071514499,-0.014035305274068542,-0.002105624647396225,-0.006550068498599038,-0.0076996140764611365,-0.003346959964037014,-0.007265995050510743,-0.0063269963074388275,-0.0037190523966383455,-0.010044890646681539,-0.005543025061160409
2021-10-12,-0.009144670783167969,0.0003172241904451794,-0.005496806596031736,0.004504271350483098,-0.01790389455135966,0.0033431506077949333,-0.007710868513697733,-0.010297975587982929,-0.005175586021384675,-0.004598341178484691,-0.0011602470488149942,-0.003493737577709477,0.0023918282174241793,-0.0024645980915466614,-0.0027902391351461073,0.0008868993785841293,-0.0031113514637425774,-0.005175217593648433
2021-10-13,-0.004249304214923665,0.011314351840536129,-0.009229619864217286,0.01763773443447277,0.008269114112477043,-0.0005696097673602415,-0.026720640500900374,-0.00434406958218067,0.0023755125883609257,0.011643132672347765,0.012881717584922512,0.007976104385980554,0.01893097786773079,0.003591233797249718,0.006498549532170756,-0.0008868993785840685,-0.0057292474213730595,0.0061011914223557204
2021-10-14,0.020024011453831054,0.004732543058962018,0.0437660909177444,0.0024434808580754102,0.02560995455588629,0.012578962220877603,0.015225159273273886,0.042295474332896925,0.012219429134938958,0.021500963501927046,0.0378163065989701,0.018249106809958403,0.02179540589139836,0.016680668299492916,0.018338280999869574,0.012168566081686264,0.016576409923284234,0.02229365761597426
2021-10-15,0.0074845278183882395,0.03254486320029431,0.02843612216805461,-0.0160204917648545,0.0015363179428744132,0.03730689586143607,0.019026427797386045,-0.006110951681775075,-0.011541759974399055,0.004811011867780411,0.005319953005283098,0.006280816462840735,-0.010142978503232154,0.007587042155991711,0.007692668215163658,0.004895903845653775,0.014788752855198907,0.007985102913524278
2021-10-18,0.011737114896053575,0.01100400576947037,-0.0019428760566849005,-0.002482990902389477,0.009924634006802538,0.01859103150522668,-0.0003602492569335357,0.007465629769150229,0.03205858506523395,0.01007373530337456,0.01633295067423892,0.010005587929784596,-0.004179256290789545,0.0029559642926683164,0.008826535292502524,0.0006974398543234262,0.00025320898651139226,0.008430618804185655
2021-10-19,0.014967255113661041,-0.0007517249304827118,0.004312214106480543,0.003208519186409284,0.0032095769557601256,-0.003705299526759886,0.01205545902481826,0.003738509246178116,0.013771100750056142,0.003054100475218352,0.0030554121127450763,0.007539026401620312,0.018442183648306475,0.007685364442480169,0.00727189932214923,0.011266309731270244,0.009819783535152218,0.009872916729557937
2021-10-20,0.003355637798532755,-0.00848206698962188,0.013038712893727359,0.008725778175468667,-0.010301605095899221,-0.010414137846484603,0.013376285270075823,-0.009381039908522099,0.0023209787187463827,-0.00266377883926256,-0.008424626154011303,-0.0013058074321425956,0.02881790126898971,0.003919999909115455,-0.000443976863798474,0.008067941453858083,0.007985970956912544,-0.002774747282925229
2021-10-21,0.0014730672452936092,0.005824760045406363,-0.00553663604802417,-0.0008991093021597419,0.0008250696667998823,-0.0007355326231684412,-0.007874466974249926,-0.01798555255581414,0.003222857720397198,0.010838765863932485,0.02629898982298301,0.006088242110829335,-0.008021446793520353,0.00260479847158685,0.006634737611606283,-0.01863729741416131,-0.004234643583821038,0.003844833661550808
2021-10-22,-0.005299226000752364,-0.029382296136388146,0.015678128215240873,0.006098334452755203,-0.03091656065125214,0.01637665156895376,0.01336175460758604,0.0023735558718730758,-0.05183570478629785,-0.005162043502086446,0.0014972723180725924,-0.00843806940127903,0.00846521110194954,-0.0010365343262005498,-0.0044183416660756245,0.009362066685566463,0.013882162397259203,-0.0034659464414895608
2021-10-25,-0.0003361318593754404,-0.004561377086082202,-0.0012621772115693677,0.006890365329616705,-0.0008690085240799981,0.0010375008335629975,-0.004902015144757263,-0.008604578928664987,0.012490836530792127,-0.003337369830637366,0.01917587001107537,0.010185949923668133,0.008833929027701717,0.005348211207295746,0.007939152130457823,0.014561332014514013,-0.001231651531961101,0.0032769277698175177
2021-10-26,0.004564232442124737,0.016636110939323188,0.009427057370866252,-0.007427027125168416,0.013452371806992776,0.0068718371084365,0.002687550739612449,-0.005504518734004966,-0.03997432940897574,0.006405501177405836,0.06480548662856546,0.003143637875486269,-0.016404665239166717,0.0008997963599902156,0.00219402568753812,0.0057656627209053644,0.0007392949411974947,0.0028277693860753192
2021-10-27,-0.003152649209297689,0.004851848967382222,-0.01936884717477915,0.0026206236403640355,0.048404278424121115,-0.015978973514650777,-0.021048481224160948,0.008489439722606261,-0.011432782897348169,0.04125164630204646,-0.010819886497201683,0.002318583800019521,-0.003582624546825828,-0.004439944003896337,0.0033549971696242736,-0.02916660606910628,-0.01663995630303627,-0.0008789754558396545
2021-10-28,0.024684767610483088,0.01581542696620515,0.015608860445797524,-0.00023791366260843256,-0.0025232884894890663,0.009275656437045221,0.01496217461868847,0.02202719462888704,0.014941365862237791,0.003644441283093197,0.019841982230734082,0.011044084461366547,-0.0008976866467854491,0.009602511429441223,0.011438337534121802,0.007112380039872711,0.01219647661112568,0.00999759556548166
2021-10-29,-0.01832269965940449,-0.021745984346714802,0.0,-0.008544299301700552,0.014951369507921813,-0.003549935017090262,-0.00276249757446508,-0.004214316186908484,0.02076614663938181,0.022166463735554823,0.024789199294165683,0.004906946192496582,-0.008115477484866844,0.0020269511030430913,0.005455923648283647,-0.006590197505059384,-0.003966346907808434,0.004280845361533295
2021-11-01,-0.005622971983652606,-0.01623822909338356,0.00146393708413604,0.005207004497418708,-0.031209171979382666,0.008071991847914026,-0.0005302379570786183,0.016175394550176272,0.019616627658947138,-0.006807947055669572,0.01011819815174048,0.003413206000885295,0.006317683044366185,0.001718819528895694,-0.0007161146053046435,0.017079585572309628,0.0004967186027301908,-0.0014867076886063964
2021-11-02,0.007090211990637254,-0.0016167159617979095,0.0006268480062341886,-0.0021513131388870075,0.013398023405899294,0.017012829822590152,0.003938279475925783,0.0025804371359379992,-0.005774525085577025,0.011351260341341169,0.021981250809449324,0.004172568630323603,-0.019532772586126904,0.004034972370514132,0.004717336233587174,-0.009452846353761089,0.0024796943569065947,0.008765347066189057
2021-11-03,0.009751076694700177,0.021279781969291613,0.010181812632759033,-0.0083501482773226,0.007982076376501607,-0.014137363140355646,0.00035176599183052676,0.012391785903145332,0.010732205461301625,0.0026080998945683656,0.007434075924772415,0.010559474895923408,0.0004586209288939264,0.006086645222384712,0.007530141827310637,-0.00832312136850775,0.0037077448282373917,0.005821373754877107
2021-11-04,-0.003504525790986695,0.02711146442608225,-0.02173533597789819,0.011277125295739413,0.01132387889269741,-0.023803285464255575,-0.013222403536410725,0.02937150781244383,0.012674860948891482,0.007279029788476238,0.11370600678662841,0.012737092362992615,0.008673897631601823,0.004701299135676439,0.011959386119818135,0.001392045540657827,-0.013162917756670113,0.015521146451857886
2021-11-05,0.003575820039041307,0.012004091021206855,-0.007635104421809424,0.012978359326946427,0.0039345741847428796,-0.002429154178960813,-0.0014272713567998095,0.019909799291794084,0.015599195321947286,-0.0011303188215230626,-0.0016455987231386183,0.0009540221013373403,0.015783884769258634,0.0034638045073161956,0.0,0.012956916375672596,0.0004999463636729754,0.005160440767328203
2021-11-08,-0.005567764307200426,-0.008564519878774466,0.007846333202069813,0.003585184846901929,0.0012018366251767788,0.003090521569646992,0.005992194142494513,-0.0027871888093999224,-0.007385348077176352,0.0027634955771769273,0.03474823020853551,-0.0013558594625429363,0.013333496959537956,0.000853349069212219,0.00027934607061312183,0.009056087233914113,0.005482258458994549,0.0053724451413544715
2021-11-09,0.002456012550733731,0.024699674045048896,-0.009764639642713041,0.004916006634195484,-0.0007550206362803528,-0.007349392849038523,-0.007600070943490579,0.0208622156770203,-0.009644155005644913,-0.0030906513929282913,-0.004783608161133941,-0.006907010741560434,-0.005312050166017576,-0.0033108004580741507,-0.004905645434868053,0.004073983364885328,-0.005482258458994473,-0.00411613312393291
2021-11-10,-0.01934891817458944,-0.026687971077505174,0.007438304043339224,0.010800248284572371,-0.020522655318819596,-0.015488525372148537,-0.0009541468943700795,-0.026278604328878147,-0.023318827166969595,-0.015448535218001288,-0.03986142706065612,-0.01480627346875386,0.014978259809414094,-0.008077434723677786,-0.012868549096289051,-0.02678265036517034,-0.0017505969175519787,-0.016635695504804572
2021-11-11,-0.00033802268450875507,-0.0027463665972794556,0.005489784284998838,0.005586453042738802,-0.0008705768690931968,0.008035348736499099,-5.951766295592883e-05,0.012989324816754156,0.00030523348956206983,0.0049152021295382296,0.03111404918865233,0.002769043698756942,0.020770955721430607,0.00032338439445608603,0.002274643836486158,0.0038206404855406872,0.0027494313158982426,0.004669155885327112
2021-11-12,0.014234980060165587,0.015048234458080111,-0.012288183236674381,0.0018934614978916627,0.019776764339552416,0.006367327523975412,-0.004484821070371386,0.017317019545303226,0.039339132465303156,0.012822684194191664,0.0,0.010467582905737769,0.0029933609752726452,0.007518484509073334,0.011436927145864396,-0.002429563329388051,0.0022442246646331102,0.01208625896273497
2021-11-15,6.680372184548939e-05,0.005806911669058077,0.0029799144572919406,-0.00154894492430588,-0.001521455588471412,-0.00024700589778403007,-0.0017995343435361635,0.009309283154632099,0.019377577136063428,-0.0019325105601815727,-0.012083212338301518,-0.00022825309957055675,-0.00771543929211752,0.00034252814374456116,-0.000561824356632492,0.008305914541774505,0.0,-0.0010166539700995553
2021-11-16,0.0066442918908994454,-0.001405473377029005,0.0006375936749678529,-0.007260156004477963,-0.0038874543153927296,-0.004258078952039463,-0.0072306965012112045,0.006326465786016977,-0.013323744285469083,0.010184051337816608,0.005910927659618419,0.007095865628850825,-0.012121390558613868,0.003950068685962978,0.008671405410598855,0.0015496691679169504,-0.0009966970964924377,0.010475022029021041
2021-11-17,0.016355853787184262,0.0023413880700420314,-0.012181135912864922,0.009095692432078762,0.0011558317233071793,-0.02904677454234646,-0.005396571418827014,-0.005739610488728403,-0.006405865536146428,0.0006784823814766237,-0.031685722046452626,0.0005282718494650643,0.009104810160594322,-0.002432298410245081,-0.0006966828294042907,-0.015431540731580264,-0.011534929007235526,-0.0030241897160665225
2021-11-18,0.02813644427529574,0.040601497259703,-0.004093453794781394,-0.0032143154449525086,0.012028119525387177,-0.0004596557162027341,-0.0086714135215558,0.008164832051652752,-0.006122460344268014,0.006319726779246952,0.07927207600528989,0.010308119267180673,-0.00910481016059434,0.003390653597726139,0.009293431578228917,-0.005958582218725089,-0.005056787845235784,0.009927443165367027
2021-11-19,0.0168336335709933,-0.005287066211290259,-0.020061726594025404,-0.007675708262916443,-0.006105163205471864,-0.010221491652006975,-0.013149546388604981,0.013590675528998007,0.019328190328166045,0.005377259251933653,0.04052528245745346,0.00556015365814696,-0.009188386179521153,-0.0017898809605256664,0.004545566273013923,-0.0398045394303546,-0.010959803857110444,0.007264756973967148
2021-11-22,0.0029229564461950032,-0.02869509488188082,0.01919773959722965,-0.02267561664312034,-0.017779675156821936,0.02238616742995376,0.021091159968047158,0.0034075790259955707,-0.01250178849619603,-0.009605411278007202,-0.03169311936954295,-0.011677180830755593,-0.018186344925650046,-0.0028190398267802035,-0.01022217368368498,0.01758712421908648,0.013996818882522138,-0.011212147969679167
2021-11-23,0.0024192794655807904,0.002088774763957146,0.026019769036443617,-0.008690053468478977,-0.003560689326721251,0.02537194551579121,0.023630650240251922,0.0223554795693938,-0.011087185227434503,-0.006346963727276564,-0.006592910364911658,-0.0045683442668649306,-0.018979334910931348,0.0013251252179732672,-0.0033379383031833473,0.03027058738005403,0.01554720630875374,-0.0023048843390554045
2021-11-24,0.003278152903323073,0.00010331000315118602,0.002733415448759345,-0.0009569597921073518,0.0023156791496325626,-0.017752578056303755,-0.00787492216217833,-0.0008018298534920556,0.011233829958380584,0.0006809127675651986,0.02881263123554701,0.003215177866550628,-0.005948274587909813,0.0026662249719752516,0.0038929598882872056,0.009717029134223483,-0.0022418855203840448,0.00725133020546487
2021-11-26,-0.032191184853549534,-0.021412317856405228,-0.04005282461266302,-0.0016168462526691021,-0.027313219556383946,-0.024856090837496486,-0.030590234147586614,-0.02887908449856014,-0.023555621666967595,-0.02465718057262841,-0.03649687361168628,-0.019140587000407806,-0.019463082369845064,-0.022555645634815567,-0.020327066297937645,-0.04106630823793748,-0.033729579390557075,-0.02528144868202247
2021-11-29,0.021637953307817957,0.016136535670027943,-0.003721961212444964,-0.0013795005365548109,0.023270892640083966,-0.0073459114225790136,-0.004332018526372236,0.058329575108734,0.014631760788079297,0.02086180476118212,0.0577545436962099,0.021470081547755485,-0.009875508823672384,0.01219216128642719,0.018521678227372794,0.005740934840484185,0.003090306006133236,0.024693759163783607
2021-11-30,0.031089280082586292,-0.015420562086679022,-0.024873499656146342,-0.006744546424564762,-0.025280761992828422,-0.014462367773312041,-0.014997697749353925,-0.0010143665884771193,-0.04097225166100799,-0.01810511908147575,-0.021196365501928334,-0.014795280179177799,-0.004737118431982799,-0.01964964405601296,-0.014705132683124074,-0.023713862029514327,-0.02420397476024857,-0.00838077065261647
2021-12-01,-0.0032115067499708726,-0.018228623739821467,-0.014268170047435249,0.003980006790395922,-0.005979896504924384,-0.006644893291274125,-0.0059361264595258634,0.019922378384854434,-0.043656329891571415,-0.001544163754655884,-0.03859643940615833,-0.017159366406402535,-0.023541792518066297,-0.011169323546637926,-0.015067761982133816,-0.010681469325201821,-0.011126108094909328,-0.013785758345038295
2021-12-02,-0.006148513630172031,-0.001848596514633391,0.028470161719253786,-0.005552205835401061,0.013481855452601962,0.028954238775099377,0.020809642639557684,-0.04725451704460301,-0.0006763691085462689,-0.001789064430768297,0.02174368804201255,0.007181160479789297,0.0058168287409043,0.015200317549369687,0.009408495660745376,0.028654396514232152,0.029398306557692794,0.009151834278687498
2021-12-03,-0.011793727434134373,-0.013935728778151546,-0.0229843411956002,0.008376819081740972,-0.006769398716736815,-0.012489312142268614,-0.01827900111389433,-7.539405889305402e-05,-0.01150336816856001,-0.019862681259335102,-0.045631020528048905,-0.01754142482297097,0.0077034489709144165,-0.008739652496491114,-0.014002539135575337,-0.007948304878452696,-0.016430130559133258,-0.01687357353558968
2021-12-06,0.021274505247721558,0.011025217696555534,0.00636215817258395,-0.0024635953850727986,0.008090327791846656,0.017020089688449456,0.011744447251638675,0.009164775157510904,0.03531617705827121,0.009796780353998216,-0.021604761759778705,0.00798095551316746,-0.006737335340246666,0.011773852460465861,0.00945172693867986,0.014761840007261723,0.015136316592750134,0.009462589589025234
2021-12-07,0.03483295516323319,0.027602038798318594,0.012604252804147408,0.0035432060613326127,0.028336439086289793,0.027389562356023696,0.014935545978101027,0.05619822992980689,0.015421373017051073,0.026411576164315595,0.07656145805202023,0.029669369365979897,0.004816983541560178,0.02047376170673793,0.02644334688312747,0.023139890517900014,0.017712979849376524,0.03431748381992393
2021-12-08,0.02252731793807206,-3.689939734869626e-05,-0.012377934352730822,0.0005393685677794685,0.006207177270907056,-0.006997416122565928,-0.01150735954699902,0.011096935512377943,0.023724214425398432,0.00014930866905185918,-0.018707672459030378,0.004464387279045649,-0.002405545419209538,0.002644625200387425,0.005950828248658332,-0.00017463835678028036,-0.005357972313378301,0.004568601850404703
2021-12-09,-0.002974434715236558,-0.011343741238858878,0.0074451691114015926,-0.006130129283900702,-0.0037047584778343535,-0.002091468293396074,-0.001556489872453355,-0.020716126207626875,-0.002240900792663403,-0.005598064987902686,-0.04288494433432296,-0.014823685211288028,-0.02240722085830783,-0.006774589217387602,-0.010402985024085834,-0.007713885635342773,-0.0020483144089832035,-0.010848633653101864
2021-12-10,0.027627974143193942,-0.011311296797986634,0.0006740929749657122,0.004211020685246302,0.0024555283059504046,-0.013789554413245305,-0.003996553939401061,0.009350036918991894,-0.00021236209542325392,0.027945621770798994,-0.00962294775693565,0.010811821825108122,0.009804037679845936,0.009369757912068207,0.010954998241839436,0.007364517399475479,0.0010245759503345452,0.019866701249293073
2021-12-13,-0.02089096435412064,-0.015475202151186945,-0.021340203764168158,0.002518126917516811,-0.014804918808340882,-0.01655313842497943,-0.01195994008880948,-0.030183648730156203,0.014272198261880614,-0.009208866280231992,-0.06983784117977791,-0.01455243404906209,0.005351538372345495,-0.008898030999373844,-0.011512983204863296,-0.028170843359111044,-0.010813435746650946,-0.014978878679283191
2021-12-14,-0.008055727932946514,-0.002811076756339546,0.012541543893237715,-0.009385206339641532,-0.013250071387681542,0.010808779631594101,0.007633082662731738,-0.006252173734802186,-0.0022448622300765236,-0.03312996574545088,0.006230579257169148,-0.01040427771856097,-0.014663075219718592,-0.006903812794076431,-0.011787837826056555,-0.004141814448687756,0.005935942507223829,-0.016563087528209283
2021-12-15,0.02811059137113025,0.024670732493370397,-0.0043146680599104635,0.004282351988516796,0.017455366074325237,0.002799114911338967,-0.00750642247553772,0.026299760500642373,0.02345395340559131,0.01903557880616721,0.07221300497422804,0.022541592438681965,0.00491162004863038,0.015504288934837518,0.021229855153079753,-0.004883469748818188,0.0028268668260578228,0.026152405536524703
2021-12-16,-0.04005552386521484,-0.02597563931621664,0.023837188267892332,0.012024970840539904,-0.01372384864198533,0.018951957456052985,0.015517754235360256,-0.03804383317196811,-0.019983936313403516,-0.029567751694735276,-0.07045037216209235,-0.02605102110257394,0.018447176561210255,-0.008857817414355935,-0.021229855153079753,0.006326128258540753,0.012495374640625289,-0.02875255461724641
2021-12-17,-0.006523039923225507,0.006766260845510533,-0.025203449153789474,-0.002143116686188639,-0.01901017555886962,-0.039970792838598265,-0.023016871813123767,-0.0031484014926677017,-0.003319993865030352,-0.0033915078038637735,-0.02085922485561539,-0.005001509005473433,-0.005305081509552227,-0.010699937992393991,-0.007225233311410155,-0.02057030606493984,-0.022294439814726327,-0.006708248750355512
2021-12-20,-0.008155178995355948,-0.01743466066061881,-0.016544968450819833,-0.004240244730917084,-0.0008332865478735973,-0.027052254789611103,-0.018152873938809603,-0.012163095743408802,-0.025303284628442235,-0.012086284056128282,-0.002953880788195593,-0.00974773649635696,-0.0053333755683760975,-0.010690374674946367,-0.011705368890372271,-0.012466896447509195,-0.019614971798232034,-0.011965365123903032
2021-12-21,0.018906917835184726,0.01978169533389277,0.023584616124822832,-0.00041897618344674124,0.013087956324255093,0.0231682232903926,0.013869748343000303,0.03272240063503241,0.026530731010639748,0.022807054842288642,0.04776069296648689,0.02213358477837878,0.009675971098775943,0.017603199157116833,0.01912748251590189,0.028086992761421972,0.02050002023697424,0.024991458996571816
2021-12-22,0.015202869750745692,0.003631503982249459,0.002034431059273387,0.00935611880010715,0.020301684375987554,0.005271007338054843,0.0039002357554810243,0.011860859864566026,-0.011284142118802173,0.01789634637684043,0.011115978063888563,0.012105063915036447,0.01576339863347711,0.009949180544826795,0.014038761376299998,0.006399108217946205,0.004671831035818693,0.012992537750131402
2021-12-23,0.0036371877269815367,0.00018411946479317587,0.003156541042692766,0.002251481491211197,0.003419459088969108,0.007063488831420071,0.003567405987585624,0.01079209561946179,0.01439118535569658,0.004461536286754962,0.008130122661934741,0.007510712969295857,0.002839541217796124,0.006202835968977542,0.006808109759885672,0.0005465897658659492,0.00516506470904061,0.005566548979649346
2021-12-27,0.022714759087948747,-0.008211646321395375,0.004940710957802369,0.002364450476828884,0.0067158355645275895,0.0077609928960268,0.005706805691704823,0.034712025656004036,0.03211212294444095,0.022921175862652278,0.04308662866875421,0.016391986898783135,0.008001929127470933,0.014052845029774006,0.017296210496510343,0.021622479551878224,0.010251511387559082,0.021225639784774257
2021-12-28,-0.005784052523597818,0.005826710732445391,0.0013432062774109573,-0.004319380340024978,-0.008279355150175709,-0.0011087362231369975,0.0030302861987772417,-0.010142298371576472,0.00011567215574438142,-0.003510290149690067,-0.02033808441434352,-0.00464526992829396,-0.0028168781727118,-0.0008174666659465982,-0.004501034013098725,-0.0007132040633979202,0.0005096544654165224,-0.0052217734255411785
2021-12-29,0.0005020857901057523,-0.008591725101779567,-0.001567090904974712,-0.0002965516280151311,-0.00021807456400840182,-0.0036443230595037527,-0.0005043924597390181,0.01476266708111235,-0.009518801676503869,0.0020492280740052314,-0.010642619094366937,-0.00014935389253053311,-0.007550759960569532,0.0012783574551544997,0.0004097971842295007,-0.006442227970129204,-0.0012752000493589607,0.0008532923003336752
2021-12-30,-0.006600111840979466,-0.003294427727342962,-0.0022434195263449364,0.007151581744182501,-0.0031038225460720413,-0.0017623348501234041,-0.0005047549730160046,-0.01165368343558197,0.004132004470031231,-0.0077208880081792,-0.013929430588941211,-0.002992945897616506,0.010836362250789723,-0.0027685364349113928,-0.004656618861742929,-0.00612293460856767,-0.0017875753512930199,-0.006617227273242048
2021-12-31,-0.0035415858810771746,-0.011495217795266778,-0.0008985307380907422,0.006808358432551388,-0.009266555578667492,-0.0077337303652975165,-0.0008206085201581608,0.00114116334955514,-0.023535248213980047,-0.00888065097308168,-0.005932713426336999,-0.006264125122194994,0.007934700896425981,-0.00252322270301423,-0.005092918646261756,0.0025256470228512858,-0.0017911972962456465,-0.004876830897953119
2022-01-03,0.024696848776329865,0.021877258953900566,0.037282364338162864,-0.015503300973700684,0.0009626595453383624,0.032861630820032156,0.02093490568544241,0.008735895454546646,0.006489954716809191,-0.004679132863995441,0.023853999048495073,0.009580642931927005,-0.015460599338418845,0.005773295538908142,0.007697895764854363,0.03052053253511537,0.012217155534844053,0.00944538122693339
2022-01-04,-0.012772864534176169,-0.017060289689663746,0.03844598752505563,0.007339514803169255,-0.00409121942162532,0.03027094379857649,0.03720891209001673,-0.018728343896863967,-0.005954878385274683,-0.017295780170031968,-0.027976281556401923,-0.013055436212884635,0.006588230401645197,-0.0003349307881095895,-0.008249793509823333,0.03401802852364416,0.02596898461737199,-0.010653652108234213
2022-01-05,-0.02696019023793571,-0.019073846316683307,-0.017022869551844316,-0.003012197052209778,-0.046962118726466204,-0.02195817861491836,-0.018451239536925002,-0.02876613714438442,-0.03741932748904422,-0.03914423850413188,-0.059285819560395074,-0.031202699313732443,-0.015123147260159663,-0.019388922452709102,-0.0322700643775828,-0.00016895574795723015,-0.01165261785164727,-0.031232749404871724
2022-01-06,-0.01683410345899139,-0.006733601858714689,0.019935828082173743,-0.012319703780209438,-0.00019956862197546897,-0.004273858571871507,0.010567863392017984,0.014493676518468529,0.025251428136230887,-0.007933085518327557,0.020580898094680947,-0.0007030676642059758,-0.02360985447960987,-0.0009399156122363079,-0.0032847119924223054,0.022056016194012373,0.014605988324532524,-0.0050624499241395055
2022-01-07,0.000987795845948869,-0.004296997177475961,0.021581194541816468,0.004540812572282988,-0.005317224640442826,0.0014604731093706854,0.009859506071109284,-0.047587986421170736,-0.002017349289488194,0.0005093805317047344,-0.033598108327981116,-0.01089189725477107,0.005348936044970844,-0.0039613191592866945,-0.009775891825549185,0.013623591689517116,0.011727621834923476,-0.009238326289814802
2022-01-10,0.00011630177940790404,-0.006591854785116594,-0.005096100005903648,0.0030355936239956378,0.01198834310983814,0.00416710436342251,0.0009567659419421078,-0.007498379376546608,-0.011275161651955004,0.0007321511573112176,0.005599755136113947,0.0006580868219353757,0.006766550034040491,-0.0012450550057210971,0.0012994121255871357,-0.003102349029410405,-0.0034064639348624546,0.0001807034900071346
2022-01-11,0.01664444615588054,0.023718602439306714,0.005706101054724393,0.01199245713664559,0.007661501580744615,0.009673256721027554,0.0010152634831317028,0.013338323786748058,0.019021164094518497,0.0022566734388546365,0.015104426947078182,0.014910156282461427,0.013872454561410808,0.009067015574249491,0.010334391393016866,0.033449058232245574,0.008735860023456407,0.011919580511418164
2022-01-12,0.0025668946828553596,-0.0009377696670975312,-0.00713779349943573,0.0026391371424113854,0.012053454516976536,-0.0321193012121851,0.005656083924552017,0.01928691690057778,-0.003325080828059309,0.010390895224990798,0.006521260102191217,0.003957796400052897,0.018824157058062944,0.0026997413733131762,0.004985594008269138,0.001895867894957261,0.00072437338943846,0.004692847909475716
2022-01-13,-0.019211340838735904,-0.024466534551061184,-0.002048911812941099,-0.003402771341298051,-0.020309917521298376,0.0012545069591058389,-0.0012475174548518021,0.0006554422755269965,-0.020554539132597187,-0.043244259207883315,-0.05219784826172848,-0.025334460871253094,-0.0056101520358766135,-0.01387424676439863,-0.024888182639379388,-0.005063938241697627,-0.003870232029753992,-0.026239313165702337
2022-01-14,0.005097530562079971,0.005715124523055335,-0.017586029502604784,-0.002883829150556528,0.006426251986169413,-0.025553916006511843,-0.06343391870636098,0.06079838138662685,0.016465337223640124,0.0175617135975966,0.013715462505735602,0.006203325427075506,-0.0061133112407454615,0.00040898907579180074,0.0016010515670144936,0.023209418869255757,-0.010476179578269644,0.008420911767969216
2022-01-18,-0.019075021053714,-0.02006265472349509,-0.03504655534570317,-0.0016516182679313014,-0.02528437305547276,-0.07221559922442013,-0.042831901518075116,-0.07216197308306155,-0.04231076289733077,-0.024640500525370257,-0.039327718136265746,-0.025209095686841904,0.022850131795403312,-0.01786846325488268,-0.023693531214730952,0.004022134536180591,-0.02253977935183924,-0.024303406888200447
2022-01-19,-0.02124877353394752,-0.016614359071245203,0.003883474050208922,0.015755750605134237,-0.006502988452135803,-0.020179881787148076,-0.01559001773363764,-0.05491119215263834,0.00451580822549599,0.002244214345638314,-0.03280635234457475,-0.011044385401594662,0.03086946355697941,-0.010437911233220964,-0.011381997837103605,-0.007282776463100697,-0.016925956089381952,-0.014067895853866511
2022-01-20,-0.010401096096151127,-0.030080217077818206,-0.01496952744016359,-0.0025020112544038944,-0.013478902953759107,0.002243449039439617,-0.00856399403246122,-0.03653771794136134,-0.009526034230927917,-0.005719576306998207,-0.03726796779404281,-0.013073788312802597,0.011113694771302862,-0.011129679737191756,-0.013038709858849884,-0.009218079992975064,-0.006389742412690227,-0.012997914840102506
2022-01-21,-0.012847368759068587,-0.06134555364691525,-0.01830856776100682,-0.003267771913809988,-0.022423677030180472,-0.012109760036004027,-0.017627040082822804,-0.02265362356924787,-0.04321907280690771,-0.018640739712863237,-0.03266009482832361,-0.028120169305407873,-0.01066684240484155,-0.019825864859266244,-0.025345096114929327,-0.019975297574341234,-0.020726248535220884,-0.020078177890444637
2022-01-24,-0.0048759442249345425,0.01323896043083007,-0.00827076748773576,0.005479160681096094,0.0034653772998998918,-0.001513565817593794,-0.0008964905922611326,0.02611731390595802,0.01810859583608338,0.0011477228398519017,-8.577389997059243e-05,0.004567339363236349,-0.012137642909939074,0.0042376056988649565,0.005618858258870356,0.006702912142244136,0.0028754569390138903,0.0051699759165360504
2022-01-25,-0.011450170364646677,-0.03204163984338447,0.01956041459754283,0.003192034576976311,-0.030025017402255678,-0.005372551155975859,0.010841263411471761,-0.05553251972167925,-0.028120069336217336,-0.026948207148710223,-0.045876161017334306,-0.02345436550943049,-0.004078870391506586,-0.012284010988462095,-0.0205997779099807,0.03807609589222098,0.004167739208855725,-0.023413769389724313
2022-01-26,-0.0005634002240820686,-0.007986135126473034,0.01029230181532513,-0.01629856790431354,0.01794186763730706,0.003302908362554232,0.009441812482554927,0.01424593627836859,-0.018561916587666257,0.028094933856088678,0.01986944413295361,-0.0015659031849246218,-0.013717688630853663,-0.002511844266526341,0.0017459861621873388,-0.0016858521805437304,0.0025962035209300158,0.005856089380615712
2022-01-27,-0.0029475327512252865,0.005493528624727967,-0.009412261159670542,-0.01298211532059733,-0.0017657271659971495,-0.004826642045904646,-0.017802479724622663,-0.07185562169057565,3.382248581802726e-05,0.01049365895462397,-0.037038068272865994,-0.010121349244839586,-0.03275907622588649,-0.004950270661349893,-0.008121590308923683,0.010830800854701774,-0.009115817607338381,-0.006912426993875469
2022-01-28,0.06745089803067163,0.030610731040560255,0.008758441567626282,-0.002987752337666492,0.03313350045925425,0.01738347611894358,0.00890657218530681,0.010461930368070992,0.02371202974105593,0.0276945293770402,0.040019764459702976,0.030886977161037468,-0.01485775602586064,0.024531914482504115,0.033491020419150495,-0.004257296081930865,0.012997210172200475,0.04280178168737392
2022-01-31,0.025790363831954252,0.038127433338896885,0.005869135871917476,0.005907056331230696,0.014535639062647317,0.021862125657749334,0.013482295283945631,0.050016666325927175,0.03756727510118146,0.008785296859854038,0.06958821782097245,0.03147770130846133,0.004336318827016421,0.0178509342115092,0.02579687617633206,0.004409161317053723,0.00874257074293088,0.024816152779241776
2022-02-01,-0.000973127135542542,0.01077253018259915,0.017190013642840417,0.0008325368758188378,0.01715027716642363,0.026102943754257795,0.017014461223219018,-0.0007630903780327386,0.018157508344427486,-0.0071643758386165015,0.006188176596924975,0.006780388576472575,0.0067082809190844505,0.00673404810645174,0.0073570162659989495,0.03502839836867041,0.013730183728854876,0.002589552795012345
2022-02-02,0.007019697311324771,-0.0038501180924552735,-0.0010659261564353489,0.00361943388995412,0.07254169063674748,-0.0027507854548407084,-0.008037598790487972,0.03713242603261054,0.012461370585838715,0.01510720860379624,0.024219416265818045,0.0080925372152156,-0.00047767990788377847,0.00966732795789661,0.011304706297973774,0.003217164356999844,0.0067949356481207986,0.008095843967424226
2022-02-03,-0.016861271823639102,-0.08134849507057183,-0.009858646421974837,-0.0014224174555621005,-0.03373867926537048,-0.011580148620086859,-0.008304144098455242,-0.038337895700554174,-0.30639078879332154,-0.03973110104419987,-0.05262443300221433,-0.041388621344851134,-0.010566919838217162,-0.023785602153832963,-0.03752424479649676,-0.009535601433210401,-0.01109706074054584,-0.02944395554978403
2022-02-04,-0.001680810234534785,0.1269489157684572,0.03907151074143366,0.0015408910869810946,0.0014178161756459623,0.024007410154781635,0.02562695614233499,-0.016595242009379313,-0.0028218662889549794,0.015448480059469954,0.01537333865986197,0.012536153209914662,0.0038555147063560956,0.0046911674735265595,0.012513345401747464,0.015504118202073917,0.016849336746645106,0.0040183033316535405
2022-02-07,-0.004243666703210891,0.001875974577811346,0.004752530069246142,0.007375317353577323,-0.02897243932835704,0.0014951116795364919,0.0033374804508224643,-0.013386250799203673,-0.05273941375787321,-0.01644481982716167,0.016678060387577343,-0.008077051743858851,0.0228255048268801,-0.0032144670700940173,-0.008222541509288918,0.01269122774781693,0.0029882410137206947,-0.0066643036923264036
2022-02-08,0.01829838770073119,0.02178265381683596,0.017775650429000582,0.0030522079460774463,0.0014213089245085563,0.005282693783719449,0.018640119840479537,0.008573948612027236,-0.02125509329256496,0.01192395944319024,0.015250430256603748,0.011172442720986287,0.008427030208588307,0.008194125815924349,0.009586785041253829,-0.021730487721792934,0.013827216247622424,0.012287457661823663
2022-02-09,0.00825961333739424,-0.0013886979453967615,-0.002027227799791768,0.003393414275398407,0.015609320701983339,0.011899004244687412,0.004159377382263951,0.052642399662735845,0.05229198811549128,0.02159959485228754,0.06166429214217614,0.020969472185897616,0.003722662326472144,0.014530184471119222,0.01801027717679649,0.00831327448148632,0.006355357267624562,0.021937975912777647
2022-02-10,-0.023881592282910237,-0.013654506185153747,-0.004678010927691617,-0.0038037857675304026,-0.02121337372908829,-0.010629816947232909,-0.004159377382264073,-0.020910510144976243,-0.0170845681062677,-0.028783395425184804,-0.03354653570739269,-0.022892488142059055,-0.0051222746873588075,-0.018129107386271825,-0.02210764207613932,-0.0062647843340360825,-0.008810590705929221,-0.0264970008589574
2022-02-11,-0.020425718639178143,-0.03657177570139793,-0.023307334923600116,0.018875607865561438,-0.03179033331872855,-0.020474254295405343,-0.013102544416477636,-0.06042402222235127,-0.03807266289825798,-0.02457364339969989,-0.07537792890447026,-0.03223554472519491,0.01896009848552831,-0.019915576592703436,-0.02916210601045049,0.028670048881115722,-0.014110802650435928,-0.03102002155857805
2022-02-14,0.0014220926052832504,0.012147601490993106,-0.01048857462260033,0.005336451777182292,0.009217486533727793,-0.007797569044078903,-0.009333850157244467,-0.0031119758235996107,-0.008462058786806354,-0.00013522591051916922,0.01319105215568532,0.0012379289648670377,0.010027400225485839,-0.0032748482268590744,0.0001564660656890774,-0.023858431885197373,-0.011282582953559881,-0.000322720251480732
2022-02-15,0.02288853261740102,0.008621083638872947,0.0077721353096010005,-0.009545260370239185,0.007955758959545657,0.010218633373311713,0.014517873688605536,0.06176936124250616,0.015044743218124754,0.018372393917226396,0.08783861154194327,0.024560194941747483,-0.020156368529690622,0.015998232466999097,0.01999304092617353,-0.010528255570522354,0.013523863102815201,0.025945655038168956
2022-02-16,-0.00138989029911553,0.010107783346743868,-0.002304399096171897,0.01023173130733765,0.008234144522560695,-0.010746272179325762,0.001808165618035275,-0.003965279421102768,-0.020387435750621193,-0.0011679702959001158,0.0006036376870361161,-0.0002528300278033003,0.011959674299667183,0.0011202890483588894,0.0009202637938432911,0.008052071032370952,0.0007459103986727719,-0.0010072223162252082
2022-02-17,-0.02149864231828558,-0.022050230393006458,-0.0343499581786457,0.013575508168976262,-0.03847642339231594,-0.030998874438883516,-0.023301625268154845,-0.0185316389489125,-0.0416324080815282,-0.029719102197198356,-0.07860109976332133,-0.030195305169424452,0.007743152761663879,-0.021592897407145,-0.028929070141875245,-0.0016050156487816575,-0.02517142731211764,-0.030378118066327283
2022-02-18,-0.009399679411158761,-0.013350682834785058,-0.0023906277998671562,-0.000733724019731723,-0.01624723855684605,-0.008689700737287089,0.004677892833013807,-0.018460644510728617,-0.007490320463971876,-0.00967792188276896,-0.0359338570615623,-0.011471041190838313,0.0036231887700944195,-0.006496253044343785,-0.009991278418465087,-0.006153071379177515,-0.00025438847750063623,-0.01018169121476565
2022-02-22,-0.017972848033797312,-0.01587889987657254,-0.008741214288844092,0.002086858856896338,-0.004530875730360596,-0.005128319021270497,-0.0017765523988342077,-0.018182094553419324,-0.019988914652166248,-0.0007294146609341456,-0.01071621045561376,-0.010094319433502192,0.008552769912243036,-0.010789532190358853,-0.013156174161703175,-0.016296667124278665,-0.005112776985479004,-0.009292351885877514
2022-02-23,-0.026204597909988456,-0.03641116014436802,-0.01726853569338452,0.004497100140272996,-0.017292385976168563,-0.008986462394854391,-0.021161293641129633,-0.03145127915275592,-0.01812645328126448,-0.026234438438337317,-0.04382825120513434,-0.025948887508089335,0.018650633218863337,-0.017897932232419738,-0.023530454845270127,0.010253307629134609,-0.017580411072182417,-0.02534675642224566
2022-02-24,0.016542520296434767,0.04410800497645022,-0.026704558831963893,-0.006471023453826176,0.03921669681490949,-0.0029351428513012296,-0.028238180366609505,0.03708102396931638,0.045075876819891086,0.04983100819346396,0.05901814119167215,0.0330522947459781,-0.01865063321886341,0.014936999993675993,0.029809310124524795,-0.007866261273318548,-0.012070575371926597,0.03358890690231896
2022-02-25,0.012882055721642593,0.01593036537376894,0.03204977846322256,-0.0033362372759372606,0.013239995465851048,0.028771554435592556,0.02338424111773434,0.018168317636017933,0.01377755563252342,0.009190787843518728,0.017075507655972554,0.015388050055197475,0.00402595732469225,0.02182406185322893,0.017026609710986938,0.026032688478542867,0.03169889895660352,0.013502067851878076
2022-02-28,0.0016365077932699527,-0.0014673390183547882,-0.018382006185218312,0.010311993951243732,0.004433898394761428,-0.025543201456143572,-0.042592196682473375,-0.020890182874975766,0.0026096563869472877,0.0049657824053164264,0.009394147041508483,0.00297449350938122,0.009773565958266223,-0.002561680395372473,0.0009460548711630673,0.02438110011947451,-0.014944762668402433,-0.001815727702196521
2022-03-01,-0.011695759883519664,-0.015891148369833387,-0.03992689507470526,0.01800043176575384,-0.007398456923264047,-0.03323232422794302,-0.03845933639447894,-0.03772037170008666,-0.03638329863889296,-0.012935345881587356,-0.03794702124760462,-0.015430082849779562,0.03986663293517854,-0.015347439143275656,-0.015408224933213695,0.010009146591030874,-0.03756050532333426,-0.020193153101822243
2022-03-02,0.020378793766308436,0.006006111112644554,0.016115973175414144,-0.010460864384517259,0.00379707752857361,0.024618576617747277,0.02052812601565326,0.024576569454063658,0.022449639284957176,0.01760990987754952,0.03132788544858173,0.01664042107088349,-0.0072479562630599565,0.018228988726774965,0.01714071097221241,0.022606832146576324,0.025547102946909598,0.021425569706780764
2022-03-03,-0.001983123263801422,-0.02769967430173762,-0.010767854054129606,0.005935763844875876,-0.005006116657512772,-0.008838704092436369,-0.007133570569271218,-0.01915258707121483,-0.025008516930767746,-0.014326398564453597,-0.021113019861354134,-0.014388061239527553,-0.0034290612553413355,-0.004990778851994823,-0.011235189326591222,0.0027389792302981025,-0.0031579907875839233,-0.011999498700715835
2022-03-04,-0.018579648309532838,-0.015381483821486462,-0.036916999936449625,0.015803608419049087,-0.01499611249369121,-0.011310824197875439,-0.0285323136665502,-0.03316535156757821,-0.014440800974537054,-0.020691455229469337,-0.03335779682201364,-0.014598010417301703,0.01491604351316408,-0.008157959952490917,-0.012812541074467939,0.028448374182215137,-0.018891347474289413,-0.017672704018236327
2022-03-07,-0.024003144737688054,-0.05786267214586164,-0.06585770564549961,0.014753495270293054,-0.04281198840661419,-0.02388215143260707,-0.03938133033876673,-0.07221359058562046,-0.06499851210681355,-0.03850849671879326,-0.07156249405708315,-0.03757827157446084,0.002534913613319958,-0.02992245448355753,-0.03744276702939183,0.014646751911090739,-0.037213546660496526,-0.037280639648975246
2022-03-08,-0.011745095182487283,-0.010520594620232346,0.00649927348390287,0.026991429368426304,0.0057281957988180214,-0.001616738195797549,-0.007067832441881276,0.002490991016988337,0.014930350941019481,-0.011032156408476471,0.007558536668905903,-0.0046590854824187745,0.031155166792324992,-0.007610570174308666,-0.006379066185843852,0.015596895525843495,-0.005871854911691927,-0.004863770015868548
2022-03-09,0.034399086373062625,0.023717698424230754,0.06155420861657583,-0.030161495266205762,0.048492424376345836,0.0373195869358022,0.03928088089637803,0.053482107128863754,0.042239870874782245,0.044837863869617585,0.06739902590724345,0.0353652568738276,-0.026944698503799158,0.026457778743473725,0.03670435088091313,-0.031041744209516404,0.03607759488860939,0.038799915771721545
2022-03-10,-0.02756277256561767,0.05271118653269622,-0.009056773576310548,0.003116366878477797,-0.007451584387744393,-0.011123202003588472,-0.011911172609415412,-0.03991142077218448,-0.016713152363359858,-0.01013765204944376,-0.015589790124889725,-0.01116669895117848,0.008784871144783941,-0.004525786567840809,-0.00749557540682091,0.03013885627916883,-0.008420743436875202,-0.017642081509477967
2022-03-11,-0.024199179331533077,-0.008845856240147519,-0.008395033476364827,-0.007052696024243029,-0.019512640248315512,-0.00882956290066512,-0.022781684198634786,-0.02790705469364689,-0.03971052917749611,-0.019517835620265593,-0.0249352896571807,-0.020956615823578932,-0.005847944256694762,-0.01279642247359379,-0.017988769691882046,-0.008035563084147924,-0.007117154008267702,-0.017750745788105107
2022-03-14,-0.026921356469193507,-0.025553208143987614,0.021342735170576107,-0.01518847505814139,-0.030644949715607394,-0.006196283647098543,0.009882156821884853,-0.030220901491804602,-0.005237358892108435,-0.013045632526071797,-0.03546332898276384,-0.019391451816722374,-0.030195829392867347,-0.00733528044746749,-0.014762922724616136,-0.030385389791736266,0.012558062720443432,-0.018707816117480586
2022-03-15,0.029245414544415902,0.03813139923769891,0.007254947429934311,-0.018882610033681094,0.025453223371364055,0.012780047129593585,0.01759021323695438,0.036171938235945784,0.0285236566011459,0.0380110467793289,0.0742052745667709,0.03088506674189288,-0.006932430187221161,0.021752017986443772,0.029803357849329824,-0.037307255064991905,0.014008785444468161,0.03304323133543072
2022-03-16,0.02860250693524175,0.03819476755459102,0.030844664881729402,0.006241285995487705,0.031109871775048703,0.03463486745096829,0.043716389580473546,0.05960452529316818,0.05865298977167151,0.02490084836570938,0.06419002234227031,0.03641549555547172,0.004771234767851567,0.02193187622476039,0.0305329638508487,-0.004605158700257524,0.0277026650055678,0.0319856880562559
2022-03-17,0.006433143115576681,0.02664947618554765,0.005359522561283949,0.004876733952655098,0.004181560497554745,0.0073386151149256,0.012565183784442442,0.022733498817957432,0.020463838647092343,0.002815085773589636,0.01096217651227576,0.012033630073607133,0.009474632066129642,0.012433475110231951,0.01327658321447831,0.03383191618101962,0.012412930963953163,0.007066361500214654
2022-03-18,0.02070324865351912,0.025192147663773066,-0.003025739369498341,-0.008828710707897394,0.01693970147332975,0.006128064495510128,-0.0003567014278474346,0.03421557284443375,0.04077592001258256,0.017493877661341823,0.06589756508995058,0.020261331381284185,-0.013376659583917882,0.010893266974117197,0.018819976843312422,-0.0009473999533775665,0.002310322018615537,0.020259345273292217
2022-03-21,0.008501304446982477,0.001493436589994942,-0.0013995964976384553,0.00761175501954624,-0.00017643977473015427,-0.018645262620992836,-0.003217452154689894,-0.014387534113071249,-0.023366744641568352,-0.004236162602572031,0.010566720205053386,-0.002784004637871301,0.011231229179105674,-0.0002924223167942731,-0.001312498214974144,0.03952018521227351,-0.0009786093611240916,-0.0019012029748075115
2022-03-22,0.020587382185488987,0.020820051155123028,0.030800174951018052,-0.007277189924242526,0.027298311640905383,0.011759403919453591,0.02104475995933627,0.01827253267295922,0.02410545672647452,0.01624661482701897,-0.007886295453044043,0.019462151027124404,-0.017331522526503503,0.011633357548998156,0.01670662179576632,-0.0073830293372270945,0.016102323888808286,0.014267496689874957
2022-03-23,0.008199968390594552,-0.009022396175222974,-0.024981418282782657,0.013567209576051467,-0.011450986040771693,-0.021809747818610076,-0.020114017986146173,-0.02926672505235048,-0.01483361365839612,-0.0151439927789907,-0.03413036586210779,-0.014475919843361261,0.015611792303279297,-0.012961944089703647,-0.014391162072434434,0.017056588686777275,-0.018682636734618424,-0.015498151918793411
2022-03-24,0.02242437181748728,0.0014768099843156708,-0.00046432331549356724,0.007234137513108609,0.02356040333520714,0.0018457790466857476,0.0064891762771547646,0.04642078357407144,0.028221548694340227,0.015275541394797166,0.09362773806722982,0.021983240434331336,0.015795454813727194,0.014961856756714936,0.018032282466699377,0.0024686887068051484,0.007976440121155372,0.025656220953482915
2022-03-25,0.0037272793338611015,0.0068448147304497955,0.015207744222467135,-0.004103860537691329,0.0007130681993792006,0.0037402766240751495,0.00870439037544298,-0.0025203059595738397,0.010195233899683988,-0.0013822281940477673,-0.016403687763448145,-0.0008344559650982021,-0.005521401484823548,0.004871792366976133,0.0009082272669096125,0.021693701731582537,0.012732821193525293,-0.0005686613468757469
2022-03-28,0.005024093997551806,0.02527066880086216,-0.004124709594522953,-0.018371517706821095,-0.0015364882503350525,-0.0065101236921354865,-0.00742594970299113,0.004477941213116299,0.007947671201101585,0.022853329577485416,0.018851834537957364,0.015353924556708066,-0.023702865285167136,0.007087846073966518,0.013376877132786283,-0.02507366237237371,-0.00278731850782399,0.011812186106391093
2022-03-29,0.018953553600017835,0.0019184362663260243,-0.0025290730898992874,0.00044668806848975184,0.007395337781963904,0.0129195121832205,0.002198135699933439,0.02063566736660507,0.027656464724300837,0.015045551525625677,0.015367437620002472,0.017063163956794986,-0.0008726203737450021,0.012294947276921929,0.015260348210762017,-0.0026075807167978637,0.0022809695869786635,0.021014363180517127
2022-03-30,-0.006671828995317595,-0.017961531171231216,-0.010180547352245847,0.008006283379257595,-0.003986588733055633,-0.012054983781809536,-0.004543254043253488,-0.03646067859862537,-0.00878286435375668,-0.004926514704966188,-0.03429158954021264,-0.011106951186373653,0.0013086451767669184,-0.006194102920672661,-0.01079152892536964,0.011551855721559348,-0.007113851561498072,-0.01342290847404542
2022-03-31,-0.017935709300723288,-0.020064520292900095,-0.04227625357599361,0.00038752078804877134,-0.020434381912385637,-0.01649438569126883,-0.03048703926762387,-0.020163098566302055,-0.02438995408956807,-0.017840927070913244,-0.014697418218065628,-0.012471991396140608,-0.00261900515003773,-0.01551100423496627,-0.016031653170408267,-0.013642781072166182,-0.023215006361172796,-0.014926253123938067
2022-04-01,-0.0017195372254236016,0.0034450322821231614,-0.007793772875259268,-0.00638621587890147,0.007757123390080407,0.0003631238752341615,-0.007436412960341764,-0.022878604102930827,0.011136027761676342,0.003593719803154628,-0.021261030537287486,-0.0019051843299862175,-0.006137651574589424,0.0028300646727337465,0.000604208671292854,0.008078466708195911,-0.0026128159749990174,-0.0029615430384743987
2022-04-04,0.023417174906376466,0.02884445449723015,-0.0017129602480668111,0.004835061682683925,0.019928730509793185,-0.006105237064945841,0.00442412705105884,0.019039400516348892,0.03941730731616207,0.017777592523975986,0.023969107095681046,0.020379483632375354,-0.0048490556967736125,0.008530284185862689,0.01706098954297097,0.0012966864367784012,-0.0044579236392313865,0.018817314458957336
2022-04-05,-0.019123818657701613,-0.025822642256601212,-0.017043697134461095,-0.006284549046099261,-0.016790276866414294,-0.01303375206891422,-0.011705588291860069,-0.06143272858237418,-0.008803459925302765,-0.013070335392533078,-0.05364278911733593,-0.022454182514133537,-0.012002746976972477,-0.012711997051684503,-0.01781618821389227,-0.015806161281080786,-0.006327482304496622,-0.021281580853492642
2022-04-06,-0.018623235828279745,-0.03283328123701215,-0.011022140929307592,0.0023404756196963713,-0.029178977587685628,-0.024055280364617224,-0.01397156491998615,-0.010920169404078684,-0.037531348796124825,-0.03729254949967092,-0.060569200252088985,-0.021950776990224134,0.009347901724662894,-0.010049606372604616,-0.021220636957404955,0.005907535512298437,-0.0069003025529291405,-0.023944868066239744
2022-04-07,0.0018027427773776486,-0.0061382328144399005,-0.007839068445022433,0.0037777415804506904,-0.004841312906782422,-0.00669409873855256,-0.0030465118786643227,0.010324452675080415,-0.001568696858239603,0.006224322089970598,-0.008186684935303331,0.0023751909355987765,0.005743380788881472,0.005026324578934362,0.005386121292437767,0.013004170525681641,-0.0010657986895973547,0.0015539211148905925
2022-04-08,-0.011980415453708879,-0.021291810941382657,0.007083266414683005,0.006246419748615932,-0.019326264344791146,0.02278460762254451,0.018142337303924602,-0.0235191214773166,-0.0027846324396799053,-0.014707470208909128,-0.04602852386769963,-0.014077690955151746,0.005272372963733649,-0.0026775573336142414,-0.010335857367266733,0.02714748931248097,0.01007967769340386,-0.014072784782073602
2022-04-11,-0.0258471790351485,-0.021850949776512304,-0.002018874182888347,0.004947206140849894,-0.03406518801829643,-0.0019620258127966916,-0.003677472399972126,-0.032833188700905486,-0.026757066976919642,-0.0402302007611606,-0.05339203453255783,-0.023942006847511202,0.014357432993311457,-0.017239959287024136,-0.025918235882806687,-0.030512350679971073,-0.004496837526396103,-0.025517724192149253
2022-04-12,0.011457450749827573,-0.0022158166719546393,-0.01066542897473398,0.007647435301758943,-0.008645927556358173,-0.003059829629432986,-0.011037950124863185,-0.018584395891012344,-0.010775791616949847,-0.011281042986586437,-0.019023941229318542,-0.004232998653742834,0.013728216552556356,-0.003712157593418697,-0.004785512731354455,0.016457017672980224,-0.010929049073837353,-0.004452701462845419
2022-04-13,0.016210529777820556,0.031037763445815297,-0.008975692007995787,0.004777109287769396,0.016921327002049392,0.006825110624070565,-0.03276456832009479,0.01194126847540199,0.003961590851820054,0.019520101898639914,0.03198843030001799,0.020123103584847302,0.011859549874024839,0.011388534283517828,0.015548398985450693,0.014809496873932248,0.0,0.015962661627648603
2022-04-14,-0.030447202160134787,-0.024961650159491106,-0.03272944953230719,-0.0033090194372706765,-0.024659754362327778,-0.0010254609821954339,-0.009312710376309175,-0.03542685779788763,-0.02262715932248563,-0.02745778686935629,-0.043494060454529804,-0.023132725827521405,-0.004642363761347106,-0.0125299275262159,-0.020999755104852715,0.0032612304558654807,-0.011320544723437735,-0.02458591347665847
2022-04-18,-0.0013316491591685744,0.007084013688019547,0.03350222956271743,0.0030924062818564585,0.007440778647354346,0.025296056551610227,0.01838368665999589,0.03105864623122498,0.0028031725273901004,0.002462828158729734,0.024396471631497024,0.0007680173845157715,0.009682308789935106,0.00041089850100089684,0.0012852512142854562,0.014546309905331171,0.0059457104384673005,0.0032679114644348054
2022-04-19,0.014016223825807078,0.034294010908479985,0.018363065015212714,-0.015228268112133887,0.0181039378634983,0.018233247055804716,0.02049533656300195,0.018194817052623383,0.030557401411910122,0.01689622808627128,0.018872598974169704,0.022104878498659927,-0.026747553374143865,0.01601396971954351,0.019242088802306753,-0.008179344821586996,0.013649124660924267,0.018586682498208846
2022-04-20,-0.0010157822566145024,-0.026386116801539967,0.0022719470309234143,0.0048830061930919995,-0.015261071018209551,0.015096267589598063,0.0035021015087770813,0.004705224695140731,-0.08090979334696942,0.0037081823944454984,-0.03278699650801576,-0.01469212874086569,0.0017197302232241608,-0.0007419645349334143,-0.008859315595772332,0.003850282024744691,0.006887724358407279,-0.0009348003483976229
2022-04-21,-0.004855381125778185,-0.03772931062801116,-0.019091892950760712,-0.003563943502360224,-0.025513949661542943,-0.02001968988954135,-0.007782135930771127,-0.025112793414978858,-0.06360072372100752,-0.01957111641608241,-0.06237467915250331,-0.020907865619975003,-0.021272768928399032,-0.015066361558545007,-0.018605125414122473,-0.03224894736105558,-0.015966373080896226,-0.017108320447121943
2022-04-22,-0.028215800385295132,-0.026969363430673157,-0.0353116507014224,-0.009769661352400816,-0.04237898738345245,-0.04443677400278324,-0.029142913975896783,-0.013681644721637676,-0.02128109042442901,-0.02444069482476105,-0.03365718017754235,-0.02653492018007398,-0.021286898923516245,-0.02782263830111133,-0.03007375114484452,-0.02475648967611219,-0.03022669719484088,-0.02838802177941205
2022-04-25,0.006714752912181377,0.011872429325306142,-0.007214259910631647,-0.018134432520229594,0.028336138705809553,0.005146667368489775,-0.0003156100558786863,0.02829193961598613,0.015521813580041106,0.02412001922347104,0.019636856028099753,0.012763842793091193,-0.021749817439463526,0.005780721770688944,0.010785796221962194,-0.03363020002153106,0.0016573780669604443,0.014914689795879841
2022-04-26,-0.03804237642500366,-0.046830397470919216,-0.022783995615592377,0.0015238553873300224,-0.03660773641914463,-0.02616222660347593,-0.03002740253669764,-0.04113526852507466,-0.03283444861920703,-0.03812115901567344,-0.057602023309572745,-0.03847537300476952,-0.00827973023828993,-0.02938837977696775,-0.038013366287225674,0.0013562498056813293,-0.02543841777041478,-0.03796263303379485
2022-04-27,-0.0014682145876211443,-0.008819827903123646,-0.005502218530225914,-0.007585723242633687,-0.03739956826019567,0.0003512396808260875,-0.013091247061873944,-0.0009625070282891032,-0.033720421093328685,0.04698747442610873,-0.020052507482656096,-0.0011990722279636924,-0.007417736824851376,0.002807818562485303,0.002397318606939971,0.014532201449125697,-0.0008493489859252141,0.014695981607025134
2022-04-28,0.044165697070741874,0.045483928748159326,0.01533042029578638,0.0053838047894630165,0.03632431642827186,0.016402222621606434,0.01568909678081331,0.05889471049664714,0.16206444535829082,0.022380116436660765,0.07160694965420195,0.034899585295172626,-0.0032626314223868818,0.024945752016208807,0.034294728621111416,0.029872567073440968,0.012670600392820192,0.03925045337881195
2022-04-29,-0.037291724679402206,-0.15139791287665294,-0.031179265872611692,-0.00011298334784093811,-0.037944351024175274,-0.041422904793002584,-0.03280069680660118,-0.039426122304848654,-0.025900151999406682,-0.04271131019002139,-0.06446447498379501,-0.04604223899179092,-0.017899637198246388,-0.03765577908853379,-0.044955127863064666,-0.02600628575287893,-0.03502106390920882,-0.04256847022051384
2022-05-02,0.0019647334313207198,0.0017565476902947816,0.01281016217383528,-0.01871452290294498,0.021445019691652297,0.016009159183996428,0.009090753112823032,0.02869781412503067,0.05180958888934705,0.024734934424415034,0.05179713913566788,0.016557804394063715,-0.008112670081627363,0.006001404280594227,0.012539983193206948,0.015841905597327673,0.00028939883433521394,0.015088449255660948
2022-05-03,0.009576575902410383,-0.001981867083020741,0.02702477118714797,0.0026457593569150124,0.0064210914408269655,0.013566447594016475,0.021193411181882407,0.012584396165611302,0.004253560881569623,-0.009501263623527444,0.0035263440084926504,0.0010667585438242208,-0.0019185096913525892,0.004573330473818641,0.0034081990895968323,0.027643032364855567,0.01295199607500286,0.0017403160254477181
2022-05-04,0.04018998372179549,0.013390415419768674,0.0393450321244199,0.009774616775434711,0.04113359599876021,0.029590166313378224,0.032546030701095935,0.041425647411632675,0.05228090429708149,0.02868560531761666,0.03666281810909929,0.03325321479932305,0.021373445130434033,0.029998463447871753,0.03312995125538148,0.04069486599958104,0.030138755299139147,0.03451066372787642
2022-05-05,-0.05732843922833793,-0.07862161321968106,-0.02836323762143039,-0.0038184194446891804,-0.048219683357454836,-0.03465609440084002,-0.02533815205463642,-0.049846075779857724,-0.07012524618409678,-0.04453171118439587,-0.07609974783567812,-0.051676495792783154,-0.023776678025962544,-0.03618958314611853,-0.04942392326518052,-0.015160260416624835,-0.029567300809119932,-0.049290905379010055
2022-05-06,0.004715862201143312,-0.014140750847553027,-0.0024001794241631695,0.0016545049194706565,-0.006536016873622233,-0.00035141924294110154,-0.0016151524124497206,-0.006440658764150509,-0.021891423264610178,-0.009491759548680078,-0.00900896670495269,-0.012053206023736772,-0.0057915624088318044,-0.005987002010402307,-0.008509209346552664,0.02937077278374789,-0.007170353077027748,-0.008076871160863475
2022-05-09,-0.03375260452446557,-0.05354166033985861,-0.029262786633539015,-0.014585347642546313,-0.028351450364290973,-0.013090099664750398,-0.015148048366902787,-0.06719771987852696,-0.03780643902601261,-0.037644903598558696,-0.09691798366618971,-0.039912961755023964,-0.030968272347244596,-0.03254109689533744,-0.040030293109035366,-0.08635404045229693,-0.024182018926809445,-0.03946854389492757
2022-05-10,0.015983796008125464,0.0006432376717789796,-0.016914251177122017,-0.00848106565352078,0.016606280988350798,-0.012476638983910994,-0.024674108568234966,0.026417603287945245,0.007312351322930952,0.018424678838369832,0.03734713463796186,0.012075591017553868,-0.02425593655224234,0.002307994912808318,0.009035048718488582,0.009031133806913014,-0.008886368040840089,0.015129578940992055
2022-05-11,-0.05323360570786142,-0.032556515700991426,-0.005327168776614684,0.008133958004822058,-0.006951718634690208,-0.01157294937940088,-0.0063284743320025354,-0.02630569476912223,-0.046127534698566314,-0.033773641138923664,-0.056406646313755325,-0.030106848673879066,0.016235851393591804,-0.01601363459826349,-0.02883401255903573,0.013330978185483996,-0.009266202887678144,-0.03207077426182999
2022-05-12,-0.02726220014712016,0.01468209351950851,-0.014156704233717385,-0.015452706170676834,-0.006699167987380736,-0.007121669954996648,-0.0008467257549970318,0.029154991860195597,0.013158755588964188,-0.020159552727349647,-0.027741274941681663,-0.0023671661522331566,-0.03847614728371545,-0.0010444602231383508,-0.0033382153025570457,0.004233569253286975,-0.007535752422666476,-0.010365117113550867
2022-05-13,0.03141745802511599,0.05569537333818603,0.0028474552841248617,-0.008142627698810948,0.02801902490370746,0.025001214526434293,0.00885584317942777,0.06615517984466084,0.03786436762247728,0.022344733289123217,0.09043658460340301,0.03638987261527083,0.01556851527559181,0.02362641040091424,0.03217222786159284,0.03361121064444029,0.014419152482059406,0.03269411000847915
2022-05-16,-0.010729568521572164,-0.020052883582188433,-0.010288742142511121,0.009493279652076629,-0.013931143537241921,-0.011631241884675724,-0.00699376353932583,-0.01939731808237918,0.007123855742745363,0.0014541990750210128,-0.02528024996486922,-0.011659424678081587,0.025922682745279414,-0.00406562799555193,-0.009398093956214078,0.026026558215638623,-0.008385854396430345,-0.008871857239717002
2022-05-17,0.02510464483469308,0.04030980601090871,0.03333642524342487,-0.006299094085683991,0.017565190588135843,0.030923631773933775,0.03260963713977442,0.05993297483553365,0.012814931919541491,0.02014017156854528,0.05153375624901022,0.0255713577923873,-0.0005018935506161721,0.020361601126523538,0.024218543770867854,0.011512331716700765,0.026414719106318697,0.028550407629437963
2022-05-18,-0.05807306404776272,-0.07425163860523774,-0.03132764632101308,0.000531343704844183,-0.040058347186393235,-0.02013977793576342,-0.017253923667568685,-0.07032953725199058,-0.05258756409596431,-0.04659869395137352,-0.07059740430854818,-0.05033609762531365,-0.009583959153348276,-0.041146594166073275,-0.04810787262027712,-0.025969355061913658,-0.027919495836189686,-0.046836305528387204
2022-05-19,-0.02495009928676838,0.0019259973748420684,-0.012404603392456599,0.014590277160260899,-0.013635859505808959,0.004781228315881149,-0.014933191292605622,-0.011267873532937452,-0.004953955536740419,-0.003706678118476396,0.010921553746204687,-0.005372634241843815,0.027001686214096134,-0.006143552158643216,-0.005408067536054319,-0.0036780130623459066,-0.006648894804055015,-0.011027233150966214
2022-05-20,0.0017457097665442066,0.0025313230136676168,-0.017274407062683364,0.000697767757192036,-0.013461746945461114,-0.004552921643466022,-0.008232561412423319,0.00420590172973036,0.011693459679737915,-0.002293637013586971,-0.025431936822377578,-0.003112977931906928,-0.009915835444540203,0.000436466663633369,-0.0014971159890698488,0.004289594828866785,-0.0018209772411841565,0.0022155923217778576
2022-05-23,0.0393356867441794,-0.0003161006497306091,0.057666787795497415,0.004639589893868967,0.02341342119102872,0.031474672468595734,0.060032785950761676,0.01917746810546861,0.013803218562752061,0.03152967611767719,0.01214585638660408,0.016490825960458647,0.0014936864409462317,0.018537206457715314,0.01983959989100342,0.026072716309064544,0.03198604759982156,0.022706690857538053
2022-05-24,-0.019403413604890195,-0.03266897126205679,-0.006151781136213032,0.007493711725538028,-0.0507608839855496,-0.008436896436795693,0.01402646676210408,-0.02584323001453,-0.07924452808060975,-0.003959429467273197,-0.04502729844433205,-0.021491312429633525,0.014324720608872405,-0.007663007747731517,-0.018716534369451625,0.0038053931860967134,-0.002061492873899378,-0.01495453533339553
2022-05-25,0.0011394529830909526,0.025371870055026394,0.005314891168331424,-0.006048248796558386,-0.0015582869932907128,0.0030212785993271305,0.006940039006293217,0.03465979386039842,0.013968488150040917,0.011108232203868525,0.049573947255129966,0.013898275990346164,-0.002455156530218931,0.008796146087722357,0.011345916540400267,0.020442567500566007,0.00792854769631528,0.011592112257796789
2022-05-26,0.022934311525184027,0.03950431937060653,0.0228946783121405,-0.001850609639927292,0.018610293183113948,0.027345519357992256,0.017142357498975573,0.04340627932312889,0.04155521048099302,0.012792666665545958,0.05031767517075827,0.02733011598007194,-0.0014760488252873805,0.019784326506953637,0.025021656446772452,0.010987161264017577,0.02284343266947265,0.023739616368747253
2022-05-27,0.039948230940092026,0.0359770770988458,0.009499337982054013,0.0005208853826908474,0.04111269577972727,0.015179487135996716,0.014039062535636257,0.0419391905441692,0.018099414028964443,0.027230317447659774,0.05238240233333778,0.03211839507000473,0.00245887236330674,0.024252732029554705,0.033173798958361346,0.018123386806121015,0.016725612070223127,0.033277767022076105
2022-05-31,-0.005360605461968932,0.043030852834664374,0.004850622983654509,-0.009942270255165302,0.012787802669815015,0.0008265737869881034,0.007286498233155937,-0.020913235777228357,-0.007665134038452934,-0.00502643545721172,-0.007416770819952609,-0.0026565761789981335,-0.025872112112647498,-0.00562686187459498,-0.003845974427414617,-0.015137352155620606,-0.0028149884627677656,-0.007165719535156621
2022-06-01,-0.0008736960569719724,0.01219142464906909,-0.014349960965708598,0.0063488366174163004,0.001142037924637028,-0.015415620668147839,-0.017700880224023073,-0.027764887289136248,-0.026160443300668922,0.0020209780278808405,-0.019031717013228595,-0.007423238244474385,0.014511088413370237,-0.00812142438958411,-0.007207727164667542,0.016153610391286932,-0.01620034731786589,-0.0029948784966012045
2022-06-02,0.01667152116965206,0.030965911805553418,0.006560936443181188,0.012234040087981134,0.032229782935513915,0.007428888230132182,0.015959842331417742,0.03403327347944373,0.05276064134191951,0.007897638001150268,0.06712792296743098,0.027017072458867843,0.022594330489455826,0.018864648950900793,0.02560452669220395,-0.0031648580332719325,0.013659659887383543,0.023920635698187805
2022-06-03,-0.03931859450872544,-0.0255076393596147,-0.013993782769739354,-0.010203900438868029,-0.026547537521610404,-0.017327014792005782,-0.014037347997687192,-0.017970739177293783,-0.0414800674289942,-0.016746752122261923,-0.04552892170676007,-0.026363719780504457,-0.017638899898782825,-0.016547951677566234,-0.02454627814806599,0.013157279857804656,-0.014519821111842003,-0.024206127148365567
2022-06-06,0.005214254238021052,0.01974655443905197,-0.0011061130042540788,-0.004413447852864014,0.019705700407474346,0.005725886468528167,-0.0033090058191499994,0.00442618113968277,0.018024880768312913,-0.004714165167239013,0.0035194283300963194,0.0033254748530019817,0.006896642886501344,0.0030401935756402053,0.004571738932384267,-0.0011177765743370976,0.002863941397642754,7.13805040361747e-05
2022-06-07,0.017432819101052256,-0.014447976483889591,0.005517445804354218,0.006497267812168451,0.0028123807395983758,0.003115498790698067,0.0026174841403080306,0.013812070453145087,0.0071815177461965595,0.013857151771987678,0.007424835548775397,0.008588832993885223,0.007336771172546582,0.009546350888032702,0.008907377371773193,0.02942570692786796,0.00769110777508213,0.011857853738417263
2022-06-08,-0.005056056551528395,-0.014907309337206952,-0.01273557702531299,-0.0009256257836888652,0.000379857100568656,-0.02147287523778872,-0.016042651084380823,-0.02184384631198617,0.005047261409747087,-0.007699270678267415,-0.014586553307163103,-0.007222422449749462,-0.008319111976694769,-0.01093156736843598,-0.009082904786230379,0.0021693018465741374,-0.017750284793672307,-0.011358108124038813
2022-06-09,-0.03661816754952311,-0.042394573681651705,-0.03920963252809526,-0.0031883338247287547,-0.02033005833718554,-0.033804735159471244,-0.02123966511852837,-0.037157016000608674,-0.0664388882767448,-0.021002725641459996,-0.03270387411075752,-0.027150157458604465,-0.01884981759017279,-0.02407032288826598,-0.02649286562364862,-0.022354638724709934,-0.025451150185478198,-0.027063952471350187
2022-06-10,-0.03939446284342342,-0.057588983573757455,-0.0396031728853529,0.013323135228160962,-0.0325166325667728,-0.05819929777613972,-0.04705599457454615,-0.039349626926947615,-0.04689786797675623,-0.045586863535683454,-0.06135202359376254,-0.035907389172288376,0.010956345732464467,-0.029424357777583586,-0.037262074456248365,-0.017100184627164342,-0.0368178218946959,-0.039194261054061805
2022-06-13,-0.039037181506369666,-0.05608072910711982,-0.0352852344288473,-0.02676735882447253,-0.043849055327123514,-0.012974926192215951,-0.030230624523148373,-0.059334382414796855,-0.06658758032030228,-0.0433384231709715,-0.08140365951254488,-0.04761197807835922,-0.03477299320663543,-0.03870759726485861,-0.043967546004846335,-0.05360389895324364,-0.030272092588692772,-0.045332744994447616
2022-06-14,0.00665059869671554,-0.013205363644664271,-0.017643810355580256,-0.008035407203286724,0.0030314579237580657,-0.0027571158580385617,-0.016779470584495342,0.009359622153406551,-0.0032315626261983023,0.009162900587033375,0.012006653237202902,0.0018139768119444881,-0.0066889448243443155,-0.0030181005015104765,0.0013672410154606826,0.0019010078977603343,-0.008592041289980843,0.0062859422566099235
2022-06-15,0.019912072815247584,0.05106358079343476,0.01858024637423217,0.012966509676610984,0.02817063268293191,0.02630229838490428,0.011766582030290565,0.008567550663306387,0.0337488035339245,0.029301817569796742,0.04270957081976225,0.024664970316841957,0.030004704269856804,0.014155887912316638,0.02238596331883173,-0.022327128345293316,0.01112345733495013,0.020879910041058422
2022-06-16,-0.04045911567512052,-0.03795462873180644,-0.006259688659366311,0.011180446816136464,-0.034582012697013165,-0.0177032635032691,-0.017305243439396958,-0.08110500889668443,-0.05137099181811799,-0.027340464244268222,-0.05766041375481631,-0.0411825262623302,0.013930608095660088,-0.033656220764680986,-0.03752731211474021,-0.05797286877459048,-0.02560948718386935,-0.04155695456524788
2022-06-17,0.011467262122034935,0.02439607839682275,0.0021954727327053985,-0.008256810144045654,0.010413953308846882,-0.01837974672856824,-0.0035325009671869916,0.0027692576824653848,0.01768314451083217,0.010880693579113303,0.017725515698870504,0.012085986296340135,-0.012929082801561163,0.002153561196546389,0.007304208469171957,-0.056220467687473435,0.0029141612922864817,0.009108941519392979
2022-06-21,0.03223534035527955,0.022895360879700146,0.02871898004329742,-0.0037437854344901486,0.040249983299365605,0.0177828595556665,0.024470275188801602,0.031861931976005856,-0.04171548307439906,0.024293560328952368,0.042291963786036856,0.024916433340422907,0.0,0.02486187030118873,0.026293445083765098,0.05050841320788699,0.0197604618979865,0.025128700119335858
2022-06-22,-0.0038344063407488318,0.0024812460138330314,-0.007639559068537975,0.003977268335422712,-0.0005065264099918475,-0.0009484041996632467,-0.005627489534175861,-0.017259631235709286,-0.0076701355156855895,-0.002406755572709701,-0.012513089018705936,-0.0014595847602133112,-0.011072046406501989,-0.0018146249865296643,-0.00019221904621748704,-0.040854399947894526,-0.00223305791724858,-0.004245625373639625
2022-06-23,0.021344366701757208,0.03153073437129849,-0.01607938314581131,-0.006148118298448717,0.006744697228312915,0.005712148841973841,-0.010999632117809117,-0.0036482372731057927,0.018436575431131152,0.022384290716778582,-0.008286046345270127,0.01478284048363789,-0.019934183157453787,0.00975478596475835,0.016198749590573703,-0.037771658674959234,-0.003840037312500333,0.01485920104509609
2022-06-24,0.024221523995207887,0.03512809079637085,0.007143974804081708,-0.0009989609969459391,0.04981554457408675,0.056321486882407214,0.02940865583740174,0.059747521920847445,0.06940858827327809,0.033579510645548864,0.054044322648518626,0.03368982491318432,0.007201645621176987,0.03129900858543663,0.03382576286791079,0.013075598982973315,0.03620720640552805,0.035310732439683724
2022-06-27,0.0,-0.02821501915746544,0.001237036820987656,-0.0011176944418580068,-0.01831900155582201,-0.006528344521187452,-0.008044479092420478,-0.0008888004674007144,-0.003945312693615972,-0.010552475899756834,-0.015119868814862047,-0.007358556740486539,-0.0010256645906166857,-0.0038270640784834158,-0.0067845183531054735,0.028911812522467998,-0.0034071035531472813,-0.006767045160303591
2022-06-28,-0.0302424243986785,-0.0527726431080026,-0.002785829810606284,-0.0016493806069405818,-0.03358786608956184,-0.004297913772553462,-0.004823281414840708,-0.025968577049339945,-0.053379163855138335,-0.03226399529444644,-0.0540146462620133,-0.030940701319901592,-0.015512163926313152,-0.020644482915905118,-0.030070419610115855,0.026646759520261847,-0.009978256407884387,-0.030408558311287838
2022-06-29,0.012939795211171081,0.01405345471235067,-0.012476805256224476,-0.0007666517068580592,-0.002735749512409332,0.012575491789644996,-0.004499975942537515,-0.02591122458215356,0.020085621477132068,0.014630545166391649,-0.027916969570167517,0.0009168517677033634,-0.002608983713592473,-0.0008149100627767381,0.00246186604374516,-0.03536976150093069,-0.005656883297419351,0.002020150540054945
2022-06-30,-0.018192289322569583,-0.025195393281078386,-0.02317931246565338,-0.006095587698335223,-0.024821664013854803,-0.020857170607835925,-0.02360690686649184,-0.002109634727793712,-0.016544442332800773,-0.01326672123303021,-0.02495177615000506,-0.012480980543702315,-0.026470577622749326,-0.008157318997376664,-0.0112221328300773,-0.021306869005262744,-0.008863461884889,-0.013439867057715346
2022-07-01,0.016035356672317883,0.03105406439766482,0.013718508850969919,-0.0008313996785857856,-0.0020716927324090817,0.007413193148132704,0.012706727941738417,-0.07633613882081851,-0.007594622636111667,0.010650408928977634,-0.04286081091360383,0.0065787763327908805,-0.01786244699438089,0.010521139984108812,0.007052277363648117,0.014852025838243974,0.013579814589952699,0.002278779116290063
2022-07-05,0.018753466426851384,0.035330514810317494,-0.010191161203499548,-0.021437799680384485,0.04077582353971112,-0.00680708523763033,-0.003811106334089223,-0.015467446649907268,0.049733011022513575,0.012518643826418121,0.029913639972234837,0.01697499851926543,-0.03218923525135899,0.0018868065083052293,0.014144624570371456,-0.04048913229083498,-0.003456605935793552,0.012479595742529907
2022-07-06,0.009561051539376909,0.007286182647943523,-0.008357562404512957,-0.01596901758740465,0.011490842316985871,-0.011642493629296351,-0.0065031580073911036,0.0074826445078874475,0.009350320631620447,0.012701933953783277,0.011032337859671407,0.006391511375480221,-0.002258555906025622,0.0033715878823493803,0.006718987763213664,-0.017220582144205812,-0.002521210943991052,0.008567087837640893
2022-07-07,0.023716000796832656,0.017341975999450154,0.02800952722269584,0.0005548992912700342,0.036094802051450485,0.016341908255974067,0.024978167931033763,0.05751869015576921,0.014153917443155353,0.008193002721841706,0.046994629012194984,0.021173131785375363,0.0033859775599281404,0.01486604575424275,0.01970779410912315,0.03541848789168947,0.01441148512414022,0.0204625757474101
2022-07-08,0.004703862794774953,-0.006814197291832153,-0.0021994138681514343,0.00043143823725389326,0.0047914038310393975,-0.007158754864512385,-0.003143013989728516,0.0005784151424139692,-0.007636900638604072,-0.0027610198607752805,-0.0012619387304022918,0.0012534580473902463,0.002251037219349816,-0.000822877628857367,0.0010936992275365734,-0.000422835224393785,-0.0021797072490258684,0.00045159919697059203
2022-07-11,-0.01486813852685738,-0.03335256478334072,-0.010435030966606315,-0.0053749265251639535,-0.03129210491932425,-0.011159605117463061,-0.013203274364021344,-0.03109648561366485,-0.0479479396344363,-0.011838307245324182,-0.044279657479967954,-0.02159591809509328,-0.011874665223558682,-0.011489238432300788,-0.01745907219461527,-0.009630332787566408,-0.008137935974379588,-0.013868876417429912
2022-07-12,0.006810700172614882,-0.022900025593117632,-0.0031835443010365156,-0.0037236489059839332,-0.014419245853112597,-0.002219328535071781,0.0009741856417936657,0.008561502815677531,0.0023917245436586554,-0.04184489798500346,-0.004630656806112919,-0.009734371933436337,-0.007995438813813158,-0.008888510147484392,-0.01418971821449465,-0.019688832109072227,-0.006305160059317649,-0.013753725345008598
2022-07-13,-0.002539994341384714,0.0107459397638012,-0.016720858642053416,0.004776265963686179,-0.02366853172742546,-0.008169186550797057,-0.009427408717732446,0.015014904312534109,0.001346398165273397,-0.0037520340733431935,0.00542233689075728,-0.0020632732950529344,0.014233089258093695,-0.005265451356757323,-0.003202088510277857,-0.0015974659322111559,-0.008894693554321969,-0.0026340325434354357
2022-07-14,0.020275772557867514,0.0020811275557193875,-0.023291125164526246,-0.014146649261641277,-0.008894077338501788,-0.029946062429229633,-0.03556380655646495,0.01758671228322188,-0.03384030163670788,0.005367083520682791,0.013623321117558955,0.003564653258640841,-0.03978619430528052,-0.002431557917555314,0.0020731274920809924,-0.019079555728160946,-0.019330404262250744,0.009111913103374121
2022-07-15,0.011384783799886868,0.026052020207380393,0.0679966533628878,-0.0020104758163567997,0.012694473314707478,0.04268553165964746,0.04481408709927569,0.018454090760214523,0.04121419515451446,0.010336857807564612,0.025054385595147954,0.017976589417485835,0.011114506406465446,0.018925018886573382,0.018465427660654284,0.016167586123350185,0.033272427872912826,0.017450204877962207
2022-07-18,-0.020859159571166335,0.0018476894058662332,0.00031012483571042605,0.000942949789432323,-0.024887123524111855,0.024836138384601865,-0.01032299806304562,-0.009337986832478109,0.015244374783375184,-0.009668109292410099,0.021279623495025667,-0.008498720280847609,0.0017436086620180528,-0.00829124736431608,-0.009096894326603553,0.022631785148333517,-0.0037829464976756677,-0.00971648263935074
2022-07-19,0.026370966399032546,0.0383717111840348,0.0332294842425381,0.002384623832616704,0.042907224159181453,0.05423506742415492,0.024476553273387984,0.05467388399575827,0.04986302864887793,0.020554226148667355,0.05386100144570176,0.03028987062915972,0.00405689352176145,0.026660611928545384,0.030127142928274588,0.030322292602461064,0.02956478665882271,0.030054962889335308
2022-07-20,0.013419544464218683,0.037849962832112935,0.0003001493241789143,-0.009446509339211243,0.000790629080431401,0.010633395551765927,-0.00017466956102962704,0.039828128599397036,0.0407447121748373,0.010502330873750467,0.04684906573510293,0.015731952046609432,-0.005800502183779526,0.006352889649321516,0.013123823940436553,0.009632636109579717,0.0036731302881853893,0.015497306795022932
2022-07-21,0.014981515428575431,0.015036666950921374,0.008655256285792792,0.01401179660226555,0.003855532559326839,0.01571022833719155,0.006786848746953043,0.023438390349159854,0.00043667543566616105,0.00975135263443563,0.01355390473210851,0.01425328937333892,0.012142333834254037,0.010131759571162557,0.01664929592379012,-0.017684795858326625,0.006395629157604083,0.013968068951418037
2022-07-22,-0.008143752522630743,-0.017891585334626356,-0.006559432254320126,0.0024926409954947677,-0.05797156917992906,-0.008024999329343824,-0.004867815819785133,-0.025827894699554828,-0.07891940391004991,-0.01706062715197021,-0.04134120545060049,-0.01769095534643481,-0.01505530673707864,-0.009321429255034227,-0.016649295923790036,-0.008258316070853698,-0.00578458463664948,-0.013894973453719301
2022-07-25,-0.0074257968994514935,-0.010510843951367622,0.008934194410768781,-0.0027423043036363935,-0.0036211450759578287,0.0005863039749681285,0.004000140837959784,-0.014195304689170974,-0.015599325962375163,-0.005893706893530499,-0.017180551153365628,-0.0057120374675665,-0.009378723635647368,0.0012141844338793672,-0.0037576368812475996,0.036026330391244886,0.0063917347963040935,-0.0063603865950945145
2022-07-26,-0.008865646022809037,-0.05366832967343516,-0.020366243636991816,-0.001186514317386386,-0.02343291847607175,-0.017334338851811508,-0.01574555329532783,-0.02259450355518311,-0.04604866607231303,-0.027139356907970088,-0.029265519113904778,-0.01984442172412586,0.010544931243538364,-0.011901412347765818,-0.01918629017854738,-0.009125204858723831,-0.014054818347374116,-0.01634114315506819
2022-07-27,0.033661821154515756,0.05226402422174665,0.01620690489156477,0.010133467249785824,0.07376781051466448,0.018629449053834488,0.015919119484721304,0.04466827298175287,0.06347771324362543,0.06471196781508197,0.0732784038312155,0.04139113858831301,0.025317838550774147,0.025634847843489572,0.03906622187665039,0.022323947216103073,0.015267705533454409,0.04211548669435414
2022-07-28,0.0035651018464392344,0.0107708959770675,-0.008070493721186752,0.01211168004371747,0.010207952011744346,0.013983199789670385,-0.00373825520640893,0.03628353074327376,-0.05366118160074206,0.02814086906183639,0.01084559923580297,0.009730598598261624,0.04608086452185218,0.0124643496352547,0.014135104898706438,0.005603806400242603,0.007246285400542343,0.015109277652909167
2022-07-29,0.03226702037650167,0.09859082981024253,0.014598657772319803,0.0028071459585694595,0.01821853812220852,0.01292084563638397,0.004779165268503922,0.03160254877591923,-0.010130722423248523,0.015544021038153357,0.009904211790189443,0.018072544189375164,0.014543776419067152,0.014473414896924426,0.02125927806042406,0.042459824763889396,0.014040537045850622,0.015230969761672842
2022-08-01,-0.006172545081429501,0.003255181148895761,-0.0029620029331863837,0.005651232868696488,-0.012631187587976428,-0.003936810321769014,-0.010018975623297179,0.004564881529729624,0.0052032512622801775,-0.009772032990998951,0.015190103124851138,-0.0006026316284647989,0.004801297490111466,-0.0029655085591972098,-0.00373911238044317,-0.0208744050558058,-0.008340677060986474,-0.0021515733857220263
2022-08-02,-0.009330605841159608,-0.009126353187385704,-0.020075713189112065,-0.005955990148902209,0.0023479732267933876,-0.012728298174371938,-0.01570785553004558,-0.0002981795940792,0.0016244214584203427,-0.011540722589920399,0.004598508079369968,-0.0029861205345117106,-0.02043087519288204,-0.006619279272059889,-0.006148578225352675,-0.002346443433593878,-0.011129722356033442,-0.007113180597105119
2022-08-03,0.037534355947575045,0.03917484597170419,0.017997003577291303,0.002435276067987767,0.02530044753447915,0.016005198866522147,0.010440665851015888,0.04291352662000925,0.05235402695093821,0.02745591572561691,0.01961616938259347,0.0268687431039696,0.004336046063680275,0.015538055521792027,0.02303227957288772,-0.029133210212459997,0.015010834917180223,0.02624645997854887
2022-08-04,-0.0019280767633878735,0.0216251677554199,-0.007159817912840318,0.016404693683584038,0.0009311555733099518,-0.003909694807403246,-0.011063544734468411,0.013553751743464074,0.010430960398617902,0.004168745472730209,0.016900086715137614,0.004665387421041504,0.008079743492910954,-0.0006757757523477869,0.004010053513027462,-0.037792108972638516,-0.003283163372053211,0.004557183725401332
2022-08-05,-0.0013899116051659664,-0.012492693140300751,0.01662733490847456,-0.011309781450742627,-0.00611050071060048,0.008401667818492645,0.029811051547181118,-0.022590240610498608,-0.020493313907504637,-0.0026119391924045794,-0.011831483240211455,-0.00820248061334765,-0.016770718823893076,-0.001691556524400772,-0.005517814061749714,0.01962187123655834,0.007149210706758448,-0.002309998853909541
2022-08-08,-0.0029073368809622332,-0.009921207364734218,-0.013936400077410378,0.008434348290836127,-0.0014481876449710396,2.987086264962748e-05,-0.012255326934594574,-0.02026311958190517,0.018615599906675905,-0.009197068258147059,-0.06505482624532082,-0.0032373321488137694,0.037477659700953854,-0.0011615115719222086,-0.0031908515835742932,0.005186326734188541,-0.0005938091927278741,-0.00853862782522568
2022-08-09,0.0003033384883916736,-0.011398203042398835,0.012757610694030379,0.003054867797077557,-0.005728200036003195,0.005779729722321647,0.008967413495206153,-0.08205282759528143,-0.010154240725523499,0.007038511690037698,-0.040545575320667354,-0.011383324762314673,-0.005268736047814007,-0.003978948760282072,-0.008445976834795088,0.01740825252325582,0.005036324535278811,-0.010066184084886326
2022-08-10,0.025857262479689197,0.03465340706112098,0.03334164260835111,-0.0025151110588634198,0.025982044777925456,0.03298933235473951,0.02575312426332977,0.053001281665155546,0.05657805121954578,0.02400968078342954,0.05748678858839214,0.027528487873512978,0.0010559904465828494,0.020786387163182186,0.02727510121748912,0.0071980506771966365,0.022209942778112442,0.026936165883510065
2022-08-11,-0.004441548176588672,-0.014471032455294032,0.02366962251407568,-0.002641706914863643,-0.007210632106642278,0.01077771438755626,0.014673282658490388,0.005058525496335309,-0.004777324629496312,-0.0074282926974801365,-0.008602046716582814,-0.005692167704479926,-0.014886010149014507,0.0,-0.0043011062654478354,0.0338217970952807,0.011780135932433343,-0.003919995293947455
2022-08-12,0.021199634918561687,0.020479998229218345,0.010801706928340425,0.009155976822720392,0.023616717878577054,0.006066833649139701,0.01642855455644209,0.04159835471828207,0.01681638778962133,0.016893748296475983,0.04186036802991469,0.019283483640764404,0.02642859939733757,0.016787304054991604,0.019698712238086214,0.007547083271262951,0.015587828721897146,0.01971367599834466
2022-08-15,0.006313306143411111,-0.0025808990121560286,-0.0013781469715827002,-0.012950528089989187,0.003281854460738612,0.0057209868415230986,0.002698330410032032,-0.0025096392037639186,0.0021583315903060977,0.005329823497155566,0.017117183357422988,0.008048764235121382,-0.025893111899684917,0.004112127783325358,0.005511281759850698,-0.019690456391011787,-0.00028139036791144747,0.006287805185559072
2022-08-16,-0.0009243857231109206,0.011112811619446402,0.010701164010167599,-0.0017516299628300418,-0.0031176257804665605,-0.002475940007948352,0.009508734508784897,-0.013487624465635954,-0.007881176288639147,-0.0025931343115272463,-0.008071558365647321,-0.0023447614091269735,-0.005906090206921602,0.001957079022207586,-0.00048492730875523656,-0.0023418297785422495,0.0072871284122630175,-0.0027088482478837975
2022-08-17,0.008746419526380545,-0.018684262378250237,-0.006297231772031445,-0.006489345947105167,-0.01782425649534135,-0.0034712985584528754,-0.008447793119262952,-0.02540003469220415,-0.026079269710357567,-0.002639656729165936,-0.029238648366483256,-0.011471347894238799,-0.01738227890230757,-0.007123330900938023,-0.007630537104608233,0.008302917223759533,-0.005039247555005754,-0.007170664237458851
2022-08-18,-0.0022943062039131063,0.0014064484864398943,-0.0035766076784683356,-0.0026198444873023344,0.005172681266675529,0.0022026855854424252,-0.007779534764579906,0.01117223737873733,-0.0010874225055486474,-0.003955440321096124,0.023608148849138998,0.002401854783880992,-0.011573514644171418,0.002902119146900165,0.001953644454879489,0.026518552530510085,0.00112187723524434,0.005184017314678182
2022-08-19,-0.015217164602289697,-0.02901859297383289,-0.022297532311749777,-0.007347552958114958,-0.02494022182033924,-0.014919741397647108,-0.025056424997450557,-0.05381239511026372,-0.039115437473242955,-0.013950619283042453,-0.05047197242855623,-0.019689731687291698,-0.02753765894478868,-0.013529119088096888,-0.018385260077218184,-0.0002516854142253577,-0.020105257181020058,-0.01833074301613582
2022-08-22,-0.02329857266613076,-0.03691702741982209,-0.021653404300293957,-0.00665930336783302,-0.025665646733161213,-0.01980705132993343,-0.01666006544870232,-0.041146141879994505,-0.029668837688033755,-0.029794946921657142,-0.04673642238208302,-0.026679878362783627,-0.0028530255100719555,-0.021042222337173008,-0.02550475093414611,-0.001889334083946001,-0.022271400531489568,-0.02828084659574037
2022-08-23,-0.0020310557660392684,0.002998007806707862,-0.008968694515455462,0.006966551217581505,-0.0033318697576391713,-0.006563181470985907,-0.009905777399829492,0.01388996502624691,-0.011969551316924027,-0.004727549557728362,0.008592938293445327,-0.0008273864887093993,0.006833787208155199,-0.0024223095689461373,-0.002211737679552636,0.03542580021008305,-0.004103186457001069,-0.002642759883581197
2022-08-24,0.0017923602318196926,0.001346256547678855,0.003191835791784663,0.002944580504679446,-0.0014942052642664045,0.005160435180262962,0.0024210383765424243,-0.0020710937006401422,0.01325644499836206,-0.002354075435199398,0.002383371996498268,0.00289320974281999,0.0005672806695790645,0.0031961520404303447,0.002551519808904008,0.012216806696010439,0.005272524661370168,0.0006266632801370476
2022-08-25,0.014812462005957943,0.025676456345101635,0.017801201890500103,0.0030581063588208724,0.02570256458266345,0.013218551320014057,0.02347035148683516,0.0322595798531756,0.03325217254262226,0.011034508650235296,0.039338849711271925,0.017527137840170192,0.005656145460319542,0.014018806631438797,0.01617840269320135,0.007664635815621544,0.01536472377877504,0.016769926496565776
2022-08-26,-0.038428327674780334,-0.04873552390255167,-0.032097871360153477,-0.012227153201929956,-0.05561158184250019,-0.02955300178534431,-0.03327649281790435,-0.05343221249732676,-0.042358613249452115,-0.039351493823122384,-0.09681839552361543,-0.041851772935130864,-0.02108934987681857,-0.03443519680957164,-0.0407733024773478,-0.011760514352455998,-0.03037617177797854,-0.04364336001357643
2022-08-29,-0.013784965018291743,-0.00736939497405998,-0.003827229147688354,0.0006180465249853886,-0.008372765981902357,-0.007399389633310898,-0.0024447059301107555,-0.019535960751722,-0.016264563195167964,-0.010725244753661203,-0.028634859179136024,-0.00990458925706838,-0.00404039174424258,-0.006634254863873368,-0.010502312199427103,0.014976447108845147,-0.007142827806740353,-0.01331388433342135
2022-08-30,-0.015423555072678855,-0.00820055348874808,0.005588875539957997,-0.008375556136480044,-0.0043962872402163915,-0.0008687917969040669,0.0001746791336026842,-0.004193192028972611,-0.012708253729200402,-0.008557544036086787,-0.021299675087114636,-0.011198828223531354,-0.019270776264270612,-0.011038427814014293,-0.011147625893016416,-0.034479880458404374,-0.0053908949646284616,-0.010487244039137195
2022-08-31,-0.01069209388908782,-0.01534276001209404,-0.014180339228944213,-0.0077553096129762645,-0.006631132213697294,0.004639938245957165,-0.005961131540997155,-0.010833462735713839,0.036056036152132674,-0.0057203611286237195,-0.024476341583713458,-0.005830175093457621,-0.022660431276606392,-0.007638263041080815,-0.007322120942703008,-0.00915035163273217,-0.007535793242535561,-0.009784943256975077
2022-09-01,0.004695707922766642,0.008248627364462172,0.002393113563762156,-0.00882902347465035,0.013947646881903517,0.0024918434252623614,0.0068348736732012525,-0.01349554652718713,0.014804210358920602,-0.00410063775182791,-0.07974996707354665,0.00043391346371881597,-0.012136117915912252,0.0031330288026971582,0.0025061402598935767,-0.024904078272936354,0.0030213194650728845,-0.004891469973466368
2022-09-02,-0.013704278173602232,-0.002428212185707223,-0.001195778470280986,0.00876617372318804,-0.01737253015238619,-0.00607523948654777,-0.007010891663989344,-0.004244530884719578,-0.030952851332479665,-0.016807165333780277,-0.021027554813790317,-0.014228991193318545,0.011532785831431852,-0.010600584413056656,-0.013137853132246826,0.018173352716169527,-0.00787422604858642,-0.013086655208104798
2022-09-06,-0.00824911225909921,-0.011040262841267292,-0.01112947309740007,-0.005856578259356107,-0.009689711610142603,-0.015168337270686984,0.0002637946496477729,-0.008051614849551877,-0.011165202061922442,-0.011034580178737659,-0.013425971436707903,-0.007208095370053106,-0.0018120680732417534,-0.0037800632516726885,-0.0039935646820968935,-0.00929751214129827,-0.0024351273874196754,-0.0066462936873095445
2022-09-07,0.009211326818625076,0.026371849253352748,0.01530848800135754,0.010117286090114818,0.024416154793454665,0.012388865777320275,0.01881263726152618,0.012203770891432644,0.011601560864722311,0.018931189315500422,0.018620712154487126,0.020000006032188048,0.027431599108354094,0.01780569390283494,0.018917780795105303,-0.011681587783082516,0.019617065619699923,0.01586243500685641
2022-09-08,-0.009664366698259041,0.002622535962612139,0.03166505466405164,-0.006020378897494643,-0.009824296449330956,0.014476187511945553,0.023028700177789546,0.016438338182971485,0.010358198522271982,0.0016647233139898065,0.019925580571755468,0.005171087968688538,0.001763190938139622,0.006514705134420602,0.006581969384197179,0.004332963636623859,0.017479407702970795,0.0034246036495589223
2022-09-09,0.01866431181166947,0.02622824562673727,0.008334341388454446,0.005269846503477033,0.020728602686182377,0.013975273126631778,0.004794565963785723,0.0261152325096493,0.04281923462068885,0.02271689198420842,0.027982196860933253,0.021626740748837955,0.01688535052008428,0.015415823947423416,0.019489693665646124,0.024618092920846626,0.009063102685456275,0.01957827852583507
2022-09-12,0.037785004154439694,0.023581047138634757,0.009400586053340003,0.005055386193321507,0.0018959046212727588,0.00726540972686654,0.011762406023310523,-0.007749724511853996,-0.0011237232340738311,0.008247030731599726,0.008168203427113229,0.011815505060186809,0.047910001092535875,0.010690232133607043,0.012441774746500288,0.018195973515666562,0.008116016672161433,0.015907857716621863
2022-09-13,-0.06047157496820707,-0.07318946892343868,-0.03667217585571453,-0.013096728906648173,-0.06080497112980088,-0.042303172817908734,-0.035366867071399244,-0.05796861896705514,-0.09837475799487112,-0.056547549857303314,-0.09951754163740228,-0.056397673138185334,-0.018889459010892035,-0.04445590023608537,-0.05343765390935204,-0.025542659502933374,-0.037951214440815166,-0.0545456746893296
2022-09-14,0.009509992442055807,0.013549201586232946,-0.0038308798089224895,-0.003855034555311845,0.006497373276305621,-0.003446830915925408,-0.002322413410103256,0.003039505596990477,-0.010899679788358386,0.0009123489486881439,-0.00022852160657772466,0.007901765979869265,0.009489330300080595,0.0038083844736811856,0.00469897136501312,0.027854754073096157,-0.003003173466354122,0.0036296646507990348
2022-09-15,-0.019111293883018226,-0.017816303428596674,0.018719270025059007,-0.018855801737618274,-0.020105609230552792,0.013234588084695794,0.014958205550843942,-0.019924105343921708,-0.012756865025776552,-0.027493665132394256,-0.015274479773323166,-0.016793718978706792,-0.020769809088962046,-0.011418319781930029,-0.015444861227607909,-0.026106701540680417,0.0033029404551381545,-0.02329138194194448
2022-09-16,-0.01102083584640982,-0.02201762235626526,-0.011365237910175107,0.005533767627080334,-0.001069411993810378,-0.016448346790034752,-0.006724799000363101,-0.01025940200072598,-0.022039851416615717,-0.0026115102960120483,0.02059256038282035,-0.0061335288435417365,0.020214086432513288,-0.007657922641231051,-0.007720742519592551,-0.021565674801861973,-0.009033500487545094,-0.005578345039018839
2022-09-19,0.024773598467209848,0.009106029090597056,0.016567796358962404,0.0007697907679810017,0.0026229155703805344,0.00748232799067163,0.009182189465156858,0.0,0.011756708913625092,-0.0008994005063360797,0.013845266817519776,0.007756967527962564,0.0,0.007724840052042744,0.008180359173675397,0.0005924775442605604,0.01127807144612433,0.008121614040372437
2022-09-20,0.015544217865977726,-0.020012830448643673,-0.01510354306918865,-0.005722932055293624,-0.0189026505803637,-0.01656661587103491,-0.01991599552550122,-0.014324299483616694,-0.013124882095417935,-0.008501693232837925,-0.015513688465268944,-0.008002842363361297,-0.014557940972193728,-0.011544848371305112,-0.009772544413426055,-0.006979396734280309,-0.014842185637234651,-0.005888840185625749
2022-09-21,-0.020475886618170624,-0.03032676622578613,-0.030305142744312407,0.004632228320962459,-0.018561440393507506,-0.007919616743592617,-0.029259459677567108,-0.011844723307602358,-0.027551202629608133,-0.014541136092841722,0.006430531673989667,-0.01806839856509075,0.01844142415002013,-0.01759787005225866,-0.017759179817137243,-0.014764998402596126,-0.020968875020471726,-0.015743228188829048
2022-09-22,-0.006395550042465697,-0.010430481377003758,-0.0198028690821,-0.0005778441890031698,0.008624995254606839,-0.024589811395269685,-0.011443890460686083,-0.030098704785762737,0.00491354165707761,0.008459594012198991,-0.05423070138176166,-0.012384114353123553,0.00165978942459192,-0.008435285856364707,-0.00985612690311661,-0.0035601542403455775,-0.016970896448982236,-0.010236337612505572
2022-09-23,-0.015239667337531498,-0.030553234112175698,-0.023977358935172718,-0.017427816406674814,-0.014079105018814047,-0.035620082281241736,-0.018788794514754677,-0.016341461447515943,-0.01701816702243024,-0.012779575782681551,-0.003588940659826515,-0.01641555980681119,-0.04119056345143051,-0.01689672167992253,-0.015935829035451776,-0.07144909038618914,-0.015974869988605686,-0.01316639408002077
2022-09-26,0.0022577316223482643,0.011968890924047326,-0.022308081682476336,-0.01170141432179742,-0.005789493330090881,-0.024641152049083594,-0.021767281306984156,-0.024256334041750302,-0.029195055187460798,-0.0019772874800313366,-0.023279392277795807,-0.004146343060943559,-0.025672385703527957,-0.009942038377223366,-0.006212325536952975,-0.024852313792273026,-0.015906901388544416,-0.006974446136539047
2022-09-27,0.006544911924010211,-0.00644711979642255,-0.014935260833856896,0.0020477436877313054,-0.0068481837025602624,-0.01105826443340011,-0.008841383881731788,0.014061799494011018,-0.01455150486851502,-0.004389443304337148,0.015015944561002487,0.0004009814725636574,-0.0011827593303213135,-0.002555902330657499,0.0,0.011137597265892368,-0.004262858403629231,0.0013013264139184466
2022-09-28,-0.012732241024259195,0.030980865018271533,0.016223533837076375,0.020573557832177892,0.025817619387933376,0.031784421030294,0.020015663996805915,0.013054868474095059,0.052256551728188425,0.019519630887601287,0.025688356422854407,0.019696660070426968,0.032026093013039464,0.01948538397852121,0.018713698985320784,0.04335041579402364,0.01952555672494795,0.010510155559104064
2022-09-29,-0.05036634745505891,-0.027577874271049258,-0.013283936796120239,-0.0001939471718055397,-0.02663856326529304,-0.01568148587314858,-0.017091266936591642,-0.029515549037010404,-0.03741177345679786,-0.014919640663057591,-0.041358702674766726,-0.02925120641046025,-0.004595063801775083,-0.021110442897706166,-0.02594523848180659,0.0,-0.012648170723918294,-0.026403092469454218
2022-09-30,-0.03050004491613519,-0.015803691756381338,-0.01511686723316777,6.462035224685361e-05,-0.01833577667820529,-0.010387905632411492,-0.015760263583906215,-0.012355320674366895,-0.005366023522166509,-0.019558435171745922,-0.006650589031685226,-0.01710200902617468,0.007456252361349455,-0.015584287032744455,-0.01741239802116404,-0.008020869740845454,-0.009180443532732676,-0.019343543400844102
2022-10-03,0.030289365038519145,0.02516733048685826,0.02904425156009689,0.024019005945363412,0.030781104658324634,0.020601898885161254,0.030440915763890485,0.06269271147806924,0.02136513728105254,0.033108407626324235,0.030264650236261088,0.02318921492018182,0.08748747409535258,0.026058922846765652,0.02347470289562248,0.05497277195096856,0.02665092855365952,0.030511372719464767
2022-10-04,0.025300283877977132,0.043978891324203705,0.040654755445888424,0.014226444596111972,0.02996047361222978,0.05121484633748311,0.04572232224226663,0.02771231132709202,0.011976197650776035,0.033253334485044174,0.051025681897927076,0.03095654731216414,0.01352075835003318,0.03051604372315882,0.03128564194460934,0.04207785702521945,0.0365280656080839,0.03301103922216779
2022-10-05,0.0020515306493362378,-0.0011568286989317087,-0.014308162702699832,-0.005553659432976476,-0.002068443134138137,-0.018818683008341254,-0.012423549607737982,-0.0017985886524400753,-0.009310561473935735,0.0012847608749852748,0.0031846064166014603,-0.0005317502557419447,-0.019296600603415728,-0.002330938324354325,-0.0005670282439953912,0.02045446309204985,-0.00776041040027876,0.003312787687393151
2022-10-06,-0.006648104423600496,-0.005388563475942462,-0.014515927954650258,-0.0011269264553861384,-9.852102057090524e-05,-0.014111856582894954,-0.020592773191054556,-0.005793237102346956,0.0006477733020031854,-0.00971795568492995,-0.005998653633209166,-0.007904035966149222,0.0026295646761989137,-0.01036917502910259,-0.008163334979948877,0.017621748572911277,-0.014122422726760776,-0.008223321978814226
2022-10-07,-0.037409487428701135,-0.04888996644735092,-0.022826932225284327,-0.011023386142689101,-0.027388069065738117,-0.011853353630756198,-0.02017620653042877,-0.05894705946713458,-0.041250689936252784,-0.052191348136153885,-0.08367954284147898,-0.038848936487036634,-0.02877134536335833,-0.028290566183723036,-0.03649463866774362,-0.007793460559140094,-0.02398960883355444,-0.041997040899714955
2022-10-10,0.002352887632651477,-0.007799184311071454,-0.002931116890183189,-0.015318203217156916,-0.008344405354092557,-0.0017950086061036704,-0.009385580760205752,-0.0665111926895002,0.0025443301762400733,-0.0215333523295134,-0.034198698925477666,-0.010046555354139926,-0.02241142424214504,-0.007664557103054713,-0.010533695029271567,-0.020751833914832343,-0.0045425381903197014,-0.016951690283306814
2022-10-11,-0.010308317216198293,-0.01292739007238406,-0.02945772071249642,-0.002060212330939929,-0.006972929478456841,-0.02128721201284043,-0.029284448749683365,-0.06987503282915336,-0.04003133253266254,-0.016891936482746586,-0.007223971123870449,-0.01383352887197287,-0.02292523337156332,-0.0063531067372522105,-0.011656204487482561,-0.008020148189222793,-0.012764014010829449,-0.01544625291569113
2022-10-12,-0.004615418763535714,0.006130377153208065,0.0030187529203417273,0.005335071671709423,0.0039026382847278883,0.003731933482722513,0.01605336571532287,-0.009431241258463124,-0.00812356689883248,0.0015069921552559786,-0.007450484134456658,-0.00034278773407216427,-0.005103507046408771,-0.0033040401964370505,-0.0010112313925091428,0.008020148189222844,-0.00230830701434705,-0.0030837401666776827
2022-10-13,0.033060132395050554,-0.0032826427568259787,0.05948131967425066,-0.006947611087114204,0.015258126160504627,0.039050001986902616,0.054102750311640205,0.050056264419560285,0.02164622410256444,0.036918296657004156,0.03922077383413022,0.0231816737033654,-0.011435274155818242,0.026048949751698428,0.02418902701316269,0.04000290931896617,0.04043908139751157,0.03058449598305355
2022-10-14,-0.03277119122312516,-0.05132600960921381,0.00031557990307712395,-0.012537160793022467,-0.025561156917080826,-0.023326811109258442,0.01650377900319151,-0.07832422496801436,-0.02746711112236803,-0.02454766967568545,-0.06324610409912938,-0.03051834575241427,-0.03392137761805321,-0.02305238639018966,-0.029870866365933342,-0.038008069754340686,-0.01694697431576223,-0.02852767998830106
2022-10-17,0.028706890844258714,0.06246082010978991,0.05880432214414469,0.0028720806307473926,0.03470566414359475,0.02215377453868785,0.04114224900536447,0.0014911427001650561,0.055842938138993575,0.0384953183371356,0.05720781131386903,0.03248841481473838,0.018273504083946634,0.025372378835112182,0.033223142896798515,0.012379605617070124,0.024842115084702975,0.03002416414883879
2022-10-18,0.00936538923796157,0.022334186457693587,0.03679278176928591,0.002148660090392182,0.00797047013530158,0.02301248036216934,0.025395232891474568,0.0208329168613145,-0.00929426931894312,0.004075374833559905,0.006623372394326706,0.007876724482291712,0.006404604237772808,0.011681057488246611,0.009794307792940223,0.00869753281201461,0.0159153855889102,0.008438894335570225
2022-10-19,0.0007650425037646288,-0.011148202689094493,-0.027909274757537746,-0.013488925988338462,-0.011377350605234223,-0.006681518590028283,-0.019800823888412963,0.024596937078566552,0.0032325992257713847,-0.008505834228684526,0.00699470092912415,-0.003653498676795086,-0.012850604108517563,-0.0071116568663077365,-0.007631419262680307,0.029088350538966738,-0.01654490686967521,-0.002887657593819435
2022-10-20,-0.0032723366355491266,0.0015630456934787908,-0.006506559942924484,-0.0015834633753089122,0.0034068804699326346,-0.0030518456255291754,-0.0032669806119657754,0.07523078776862908,-0.012841914832798909,-0.0013964710531112856,0.011796306903347339,-0.0051149020345223175,0.009362259489336331,-0.008420758743512375,-0.0074921672930164124,0.0009473253868948911,-0.016182924900114047,0.0005781731306812957
2022-10-21,0.02669923764601625,0.03470527521216521,0.03642038915402218,0.01767059741452654,0.011536586268761327,0.0449510853207276,0.05119441917876658,0.03701630636252082,-0.011623701695373854,0.024966379695452793,0.022061133358200036,0.023177113281744696,0.03378507109868589,0.02401089187299814,0.02501601937173593,0.028469989354847833,0.029316333450780125,0.026403092469454256
2022-10-24,0.014694408793451134,0.0041816570199037775,0.0034277297834545473,-0.0032488658845126403,0.013651037150395593,0.011012545646623796,0.0012265542254835135,0.01256679073064115,-0.0022327983954755068,0.020966447152299825,0.010612433724778967,0.010941174531236839,-0.004514675980943847,0.01216226698007345,0.012086377395287163,0.004705397102464655,0.01326973381647801,0.013738170943062832
2022-10-25,0.019152898685644824,0.006488657531862419,0.009082954798380298,0.002275353560635257,0.018937821427836742,0.011193638200181514,0.002611185526235939,0.01565420834779348,0.058318322844733136,0.01369756892783098,0.05121000879103527,0.02047476025905851,0.010129535152001249,0.015842494059481443,0.019825119348316086,0.0010299950963550048,0.011884985466557745,0.018937545767956886
2022-10-26,-0.019822393067625763,-0.04182438724790477,0.00872152699218963,0.006343446354353355,-0.0958559052091184,0.009848997781664922,0.011425900578710497,0.014997755700243068,-0.057547914861934085,-0.08029558259859254,-0.02791020997634197,-0.02234403396859417,0.006696393961298202,-0.007562710743422855,-0.021733893902574596,0.013519024459331147,0.002420589783832461,-0.022513492673027533
2022-10-27,-0.030938877872596512,-0.04148511663717591,0.004750531821627608,-0.0015497241473593686,-0.028962717285544688,0.004428746400903318,0.003940350802760918,0.009061337711636804,-0.28179375557459485,-0.019953894306083863,0.021479678302352347,-0.0183737983043694,0.0,-0.005354217236559439,-0.015208545448062561,0.003604588733590895,0.008126471017550025,-0.0114498100818458
2022-10-28,0.07283446822595359,-0.07046806314523207,0.00860543408392095,-0.01026317410117862,0.04318743536036397,0.013667340698609007,0.01180808030255243,0.04148076037704865,0.012782984430937332,0.039432859049654316,0.048732313979588576,0.030141969545981976,-0.013438039604457028,0.023511965764331483,0.025472897373537796,0.003479361005819169,0.024575674351464523,0.04256635477251898
2022-10-31,-0.015530338693068673,-0.009424419446504203,-0.0038772473237281145,-0.008194886192774814,-0.018658767360538935,0.007839202785265821,-0.001587633242598093,-0.001999160702307905,-0.06281943844486455,-0.01598324743814984,-0.024661800959774854,-0.011696146729014504,-0.006787295841789639,-0.007249335394922883,-0.009882275433374704,0.008367988275413362,-0.006161390096570823,-0.013284285288070668
2022-11-01,-0.01769865575278575,-0.056733592543971104,0.0044297828528994795,0.010151726172797497,-0.043687497085231876,0.011744352870578456,0.017872473623446673,0.01940157250577628,0.021661340548013882,-0.017206547136113214,0.003402347248561652,-0.010270474649743745,0.024110974373151687,-0.004385523885540507,-0.010752727324648164,0.00962067513283598,0.0026455172533936537,-0.008403058435530159
2022-11-02,-0.038018462481769606,-0.04945158785215439,-0.003043424444026409,-0.006996970202892216,-0.039454944166135736,0.0034653083210050024,-0.009250784674130534,-0.04254393350622269,-0.05018806321091531,-0.0360090144887914,-0.024214643855095006,-0.034878405637373495,-0.017887548243253126,-0.02541655804203687,-0.03396816257294371,-0.024395780468089375,-0.012701436736270064,-0.035153353434792846
2022-11-03,-0.04333063076081918,-0.03109058271107464,-0.005557003012604871,-0.003813297433937162,-0.04155514454197057,-0.002633405086584367,0.0018098870876758577,-0.005323594746269153,-0.018167306644795118,-0.026938446389480074,0.01516553138900699,-0.019728096434127665,0.011774792132225367,-0.010350046591370423,-0.01813838649674118,0.018324427191087143,-0.01015861624131907,-0.02984803322702023
2022-11-04,-0.0019490899292025027,0.018638216982674413,0.024767557069066977,0.0302345832528433,0.0370607597351843,0.025581959314752444,0.02699087134088678,0.06428121431873804,0.020924554580207755,0.032782110294071916,0.05331791703214133,0.015957226402900343,0.07099753185402387,0.014290338033003556,0.01453687086922397,0.012105503949152836,0.01815263210280307,0.01809823521082149
2022-11-07,0.0038949468102236645,-0.004958465035960488,0.005961754590633422,-0.003970260739379374,0.021820590406625824,0.012908542838727858,0.005266335280634095,0.036118281272924525,0.06327106742543404,0.028849410587870227,0.010190875869959468,0.010934327065616095,-0.0057277225472068495,0.009520128124571606,0.010567457099294167,0.017027612996007763,0.009976841906749455,0.016557721030944113
2022-11-08,0.004166203821386944,-0.006093813282808144,0.002698387792873433,0.022836328940686813,0.004622677838315584,0.0040187869735349956,0.0006087489816139942,0.022482319609521864,-0.00258805904573553,0.004379039968060587,0.020829105051606542,0.007261055897916262,0.02831597876526842,0.005380843280654307,0.005340796801788285,0.0009674436738222728,0.005822229084595475,0.00954698542651237
2022-11-09,-0.033753166751261394,-0.043613588180190316,-0.01602625843140267,-0.005029894759161607,-0.017932684742749973,-0.005564645979231344,-0.013093978710888016,-0.02762242064038964,0.050531175296091475,-0.01923391659045127,-0.058230592840134834,-0.02334694862795869,-0.017409561096978977,-0.02081711789640752,-0.023554186144155765,-0.05011797772785145,-0.016979307189298486,-0.026352688498408095
2022-11-10,0.08523645505474534,0.11491535104712981,0.04314119510929455,0.029990153003992607,0.0730767610519664,0.04406975279610068,0.04033447656413982,0.11485681634764182,0.09757430056267702,0.07905886403531018,0.13391246509220978,0.07119311607987076,0.031021999669017922,0.053497302244785286,0.0713197666110921,0.022008293552331294,0.049253971057129545,0.07897345480528253
2022-11-11,0.019085383358089618,0.04214992986278232,0.007316301655802459,0.00658459794711783,0.025953651767667674,0.017970778453185877,0.0016276356806701575,0.03125298856511364,0.010227233109502331,0.016854487635183168,0.035979579224352506,0.01825830455228392,-0.0010019314654212811,0.009631947175992639,0.016415149948240434,0.02864667701751308,0.008117683068907986,0.01696787813645571
2022-11-14,-0.009530910514522975,-0.023084154958510447,-0.017067271880965913,0.0021852662272774694,-0.0073917713269514365,-0.00732228549793294,-0.010326856437736832,-0.04100363817996495,0.010561571276210286,-0.022757062210285575,-0.0019616042261857134,-0.008789376538473653,0.0144316515324229,-0.008543306429820648,-0.010227885498600693,-0.00032223489265565227,-0.014319876313953464,-0.008599531778221889
2022-11-15,0.01179971265535387,0.004558631983396615,-0.0015901707539502763,0.0035106980811025834,0.02822906212084875,0.0013591701574760225,-0.007270040426003277,0.020671181369298505,0.024731044884034856,0.0017370139193529513,0.022512274904307333,0.013743098931004349,-0.017946674097406256,0.00849314930760912,0.010967730313087495,0.010471237413077254,0.002259671616458074,0.012048700049008468
2022-11-16,-0.008366233335841812,-0.01856627488370591,-0.009059455129470682,-0.0022987420952167376,0.004156324062149832,-0.0014376318383247338,0.0013531150062084754,-0.07478235482342718,-0.03343624839663618,0.0018219770555053594,-0.04642267961176064,-0.013743098931004293,-0.007067136602956454,-0.007658218676059905,-0.00984676793741147,-0.020619059004649595,-0.0048084371723718464,-0.013792464321039
2022-11-17,0.012888041546767778,-0.023650675297741616,-0.005098683703687715,-0.007293959961673216,-0.004969347490737628,-0.006692020395261038,-0.004366678060409905,0.012612854003870456,-0.015845051319640337,-0.00020692875816039066,-0.01475327741867441,-0.002209741913501559,-0.023060148031633115,-0.00306433971246879,-0.0043035687788601715,0.0021676451644610617,-0.005401578511147757,0.001289239707154871
2022-11-18,0.003774703884050862,-0.007513650804188213,0.0005375985642610302,-0.006917507382313755,-0.009499909259004602,-0.0015281335177413642,0.009760716961303147,-0.009718224339465465,0.005369150112864065,-0.0019049254215922561,-0.01724301832867996,3.525245355242361e-05,-0.0020758136450845757,0.004529930162137924,0.0011244600883211857,-0.007935276412476162,0.008232796227674663,0.0011362206258707598
2022-11-21,-0.021918720655203183,-0.018006920831346168,0.0032216621276514312,-0.0056056352070885974,-0.018961386198770806,0.002659939616505806,-0.005919717600174304,-0.014445803145222081,-0.01973832775153501,0.0034347582473554235,-0.00598826665561978,-0.010340464089339233,-0.0026007419636282767,-0.0036426435147768623,-0.009787412949462415,-0.013625080499928763,0.003105257471779328,-0.010808413321698879
2022-11-22,0.014554659681860458,0.007971580289157953,0.00481305989150484,0.0011730356909015207,0.015053609944198323,0.009580213124081844,0.014845768203292321,0.012078124958939689,0.014279482765390303,0.01223623398429328,0.04599739005391032,0.014299760574906763,0.011907960325605841,0.013367399193926084,0.014459039768453528,0.030828758244901073,0.010095260884776032,0.019176795357464093
2022-11-23,0.00590887267145172,0.009929087433161624,0.003195588843846009,0.006212503317279542,0.014423861558922535,0.006180900521224886,0.0106071549965326,0.012606251098992726,0.0071530276350960185,0.010353248948999005,0.029550646770349236,0.009986915368865937,0.01936855465569726,0.0062816599884414764,0.009832009408252422,-0.010893973936043749,0.004176867383750219,0.008819778811284793
2022-11-25,-0.019788259062336937,-0.0076783312910851725,0.002390229405895111,0.000858102340972588,-0.01020813466132799,0.0067345106338102135,0.001903293281872469,-0.017821450558249623,-0.007422367589255434,-0.00036356002906460887,-0.01518845663026722,-0.006600262194971236,-0.00455351939673111,-0.00022389112292902613,-0.0036987199200384114,-0.0036938454964294772,0.0033287312376815924,-0.005821156859036593
2022-11-28,-0.026615284873901274,0.0057642482872482335,-0.02253307053410393,-0.007934893665371402,-0.014573180224482058,-0.016856948301771407,-0.017632984123996817,-0.022355011704227858,-0.023889578996455777,-0.023424651404001,-0.027605587779887912,-0.014781886486161157,-0.023602896100965307,-0.01608522858730482,-0.017193689502802992,-0.027813190666197574,-0.01731913428023226,-0.021640066344968192
2022-11-29,-0.021375082418625277,-0.016419307746887702,0.0037910422523333752,0.004928261563008794,-0.008994001194158998,0.003524679378077524,0.01631565407807925,-0.002665819763792185,0.006231693903672664,-0.0059326038304277455,-0.011949601033228632,-0.007598440573802495,0.01545621904934023,-0.0017190247874530199,-0.006809093225454254,0.014995989150938744,0.005899897287221714,-0.009838504566925518
2022-11-30,0.04745012224708648,0.0436140540859465,0.02271250340421681,0.012700921015012894,0.05914653267708865,0.012875361162080446,0.01179287956651497,0.0663608089820811,0.0759725170736048,0.05979952330540515,0.0791616395918013,0.04457741578616691,0.04351778646404895,0.031014389976956085,0.04254399278879617,0.0049493853539522,0.016942505417957235,0.04898866273984747
2022-12-01,0.001889948336073949,-0.010831192229061232,-0.02912021505422094,0.01821784239630758,0.0,-0.006078150271523408,-0.014138917204642621,-0.01975450263303553,0.019619959424694106,-0.001765296550650722,0.012449412717412877,0.00122616200518366,0.026565157381940114,-0.0007360001499922081,0.001635545644470095,-0.0032970559660712643,-0.005800267914436933,0.0013967455928691436
2022-12-02,-0.0033771026561767773,-0.014449471106160492,-0.012942231481241432,-0.0034616677176241193,-0.005460993351566214,-0.008451258220154776,-0.007958743844179475,-0.011880929086966073,0.025008488078309018,0.0012949291071697863,-0.015230611602177093,-0.00399109555046317,0.014667940758979982,-0.0011544898269738057,-0.002909655523829812,-0.0059615302007125105,-0.0047204308161665045,-0.00581940478057411
2022-12-05,-0.008015270177583432,-0.03370736231877925,-0.045649565818445446,-0.01730780530272015,-0.009603863710721023,-0.024040046156738732,-0.02844152691219614,-0.011139892837434481,-0.008620711236876352,-0.019081506059657437,-0.01588750269801401,-0.01692595866094995,-0.04074373044451378,-0.018152869580830906,-0.019678811148499575,-0.03012472609816644,-0.025082275237973798,-0.01676195021517038
2022-12-06,-0.025697207756391983,-0.030795718248338627,-0.04358163232687977,0.0027336344458788004,-0.0254518517390819,-0.023501626173909065,0.0016731845732678465,-0.0212359099368243,-0.07028888854347017,-0.020512682423786517,-0.03822907739480281,-0.020938105806897225,0.0,-0.01451987520976657,-0.019315995544859313,-0.026714606430167716,-0.008886419674748538,-0.02164354884222552
2022-12-07,-0.013880980531546799,0.002376766277155038,-0.00791008194746117,0.008998493556537802,-0.02125965395892311,-0.008272966291015189,-0.0006839742421987428,0.0026823648892104496,-0.0016663170650321373,-0.003064483636437001,0.008284928357401153,-0.004090682105744755,0.02321185138009337,-0.0017025706063341893,-0.00417471095465361,-0.0023466131185258103,-0.004039207809986885,-0.005079606456094283
2022-12-08,0.012059778501412767,0.021140538059143867,-0.009205461021183409,0.0008413425277820795,-0.01304020432735292,-0.005125377683763577,0.010439662700198362,0.023842637629529664,0.012213359738495076,0.012323142534704809,0.06304476258413945,0.011764976131896898,0.01376708256803864,0.007803220881782789,0.011344496279096575,-0.004474370424629647,0.0008670193088100414,0.01622549409409754
2022-12-09,-0.0034408159913786266,-0.014043946522882085,-0.001851189568016475,0.0035378943750204003,-0.0094350546359226,0.0029557008468887717,-0.005433301034122977,-0.010605517706305525,0.004930211685180014,-0.008035643249036193,-0.009833429492426746,-0.006396768083949468,0.01636699585833582,-0.007498155860757362,-0.0069805034086126184,-0.024610305114099437,-0.0026030818362975795,-0.006168258002871797
2022-12-12,0.016257063052772455,0.016255164405059676,0.010751161136653973,-0.008294841833501867,0.0051573508664110946,0.011186595429350615,0.015392463581870837,0.030838634931914286,-0.01032059938333953,0.028479955172566355,0.030926864151054147,0.012473071854209837,-0.004649026729521568,0.014314246366646487,0.012978495570012254,0.02590742592717499,0.013233693467851455,0.021611793890499383
2022-12-13,0.006759426518087705,0.021198289437405628,0.0006108222461134028,0.016936889733695327,0.024559266477561625,0.015057323629647706,-0.0009691644796227674,0.02848337593774084,0.04633364565007721,0.017314003498184363,0.030164800223750524,0.010692578037756665,0.017094472526426666,0.007541405104515755,0.012074157125309815,0.01879671914744855,0.002568788882340118,0.011742158088261801
2022-12-14,-0.015657414485783144,-0.009887580246293281,-0.01445514937988111,-0.0024359858905979824,-0.0058729836503615416,-0.02279701486407359,-0.005009467857679517,-0.016310877052585222,0.011913828375598819,0.0011670594077632785,-0.02226918237952173,-0.0074413842378897015,0.007302627091279094,-0.006414016856265916,-0.006854981302896865,-0.006148944144046337,-0.012622038760382705,-0.008458173838644244
2022-12-15,-0.04798761203116418,-0.03477554111983318,-0.01592532106061431,-0.016494600382901816,-0.04529353305033323,-0.029711738306188944,-0.02512381235179417,-0.04852762260554049,-0.04577215637551408,-0.0324388100800295,-0.041708936119606084,-0.03415282003592321,-0.03470160856046182,-0.02476571168045656,-0.03153891446274261,-0.006069644766780164,-0.019825894210655552,-0.03812165067508534
2022-12-16,-0.014686399541871996,-0.006692740608663019,-0.002205810957416049,0.008671019495160068,-0.00662550395837992,-0.009997552639328779,-0.006245450466801333,-0.004809094296240633,0.02784798565965029,-0.017500893578592646,-0.022731626201769408,-0.00958047416883206,0.006101923004865943,-0.011876641911895209,-0.014105062693272564,-0.012369833274811016,-0.007685268326314082,-0.013324718104585081
2022-12-19,-0.016037229107305043,-0.03403503022155705,0.011292558835884639,-0.0028218082489996433,-0.020370159810615043,-0.005036605501863727,0.005937995798161823,-0.011851231035858107,-0.04233038391913931,-0.01748012109774118,-0.01931525567766569,-0.01415322744811247,-0.011767610028133237,-0.008515811649917503,-0.008425653026271462,-0.00011971983130543616,-0.0026911065585982987,-0.013424061005388167
2022-12-20,-0.0005290826730650797,0.003174469440173832,0.004046648663828335,0.016458298941440037,0.0065367430272458915,-0.00034821280157242387,0.00483213153487287,-0.003036401379018323,0.022542654745266677,0.005598841399480637,-0.01045172332879386,-0.0007789291756360453,0.051222208809457256,0.0013676032893220127,-0.00039350918445406503,0.014978963357430777,0.0041830823793019885,0.0015137436250655817
2022-12-21,0.02353048104383261,0.018376816404560806,0.015107275963477296,-0.0016573862871153066,0.006270962129686668,0.016325223972632887,0.01118530424099222,0.023746315637398437,0.022546981076599065,0.010817927007486426,0.02553395438082442,0.014402187301798756,-0.007223500942931487,0.014841608927393368,0.014655814757544065,0.018818697353089362,0.015384670199969652,0.01642367379469301
2022-12-22,-0.02405984379356277,-0.034947221566029855,-0.00891352255599634,-0.012158980168932585,-0.020526214772119675,-0.013165991733787958,-0.011414750090921997,-0.09051880822943306,-0.02229070502879586,-0.025860101192235942,-0.07302250783331582,-0.024769379073298188,-0.01736785697993603,-0.014368736482821144,-0.017613084899850494,-0.023312670852099947,-0.008847044069645872,-0.025540761527929376
2022-12-23,-0.0028017666590667368,0.017274436611979943,0.0024669018654506687,0.002993835039254722,0.016611538894570056,-0.00020256313270926893,0.004733931730063309,0.007330381212406499,0.007824479549610918,0.0022645076104107625,-0.008708355654276016,0.0022464221450613606,0.007349589539088331,0.0057356638994204975,0.004923654054168046,0.031385711037755296,0.0056125129828241,0.0010438695338202085
2022-12-27,-0.01397569525714054,-0.026265685720911106,0.0018463184974035225,0.008394677302769623,-0.020836486245128873,-0.010298641991751291,0.0034979160482125388,-0.016292308193222842,-0.009875871382154325,-0.00744191581763387,-0.07402718798862604,-0.014239006212683442,0.011829083474413594,-0.003951402001934672,-0.007493616541473794,0.010625762027940381,-0.0002949233961417391,-0.009515433572109083
2022-12-28,-0.031165856309423774,-0.014800721671305868,0.007350612822913924,-0.004515989032750605,-0.01580115063891128,-0.0032218453565464075,0.005450324671321212,-0.00658205924414131,-0.010838697493158649,-0.010307929849904703,-0.006037457405240474,-0.01329069588864525,-0.023336690123826626,-0.012505315634084408,-0.012548666437085297,-0.022643188359722385,-0.003541955667295159,-0.016255312622058968
2022-12-29,0.027930754797797528,0.028435658196292006,0.01122764463825039,0.005582639597805041,0.02785767433545751,0.007482420211945693,0.005721094898264178,0.04326580805229098,0.039347138145623115,0.027254958086345232,0.039601405307135726,0.02408287245771202,0.016984522791985462,0.01783999218406297,0.017090985150844257,0.010408199819639464,0.013801370125954235,0.02585099873473497
2022-12-30,0.0024658988978802517,-0.002140568124387558,-0.0006038823219976199,0.004667758029330661,-0.002490251623335028,-0.00014583728495699944,0.006584097467884622,-0.000737465579544387,0.0006649329736845006,-0.00494963309609948,0.0007529747824944234,-0.0006007445488861018,0.002273296940334623,-0.0026376011737972277,-0.0015777591175368626,0.0063077367675439784,-0.0026277694427317105,-0.0013650444047588937
2023-01-03,-0.038122389512052914,0.021435277164066735,0.011706617611346976,0.008335816871946341,0.01003674777050893,0.008236641520620036,0.007577274692289302,-0.01437830249031276,0.035910485754319765,-0.0010013571550747226,-0.02067198798378521,-0.006783008827622678,0.0013614152093510648,-0.0042187362369113185,-0.012111489352979002,-0.03572854765275584,0.0035025511549858102,-0.009527978571214681
2023-01-04,0.010261391528938457,-0.007955122776173124,0.018625755812736327,0.009367889939565922,-0.011738328215932462,0.004265753051637433,0.009281840101997143,0.019504550044635773,0.020864651507486048,-0.044728930105715235,0.029867393786620802,0.004752944478119306,-0.007282683640320702,0.007690444754511494,0.0025934689747288764,-0.00011854382471812712,0.015898556109776227,0.002592866488179965
2023-01-05,-0.010661295544895612,-0.02401157339665977,-0.00205234380498152,-0.01252963086748756,-0.021575452737852094,-0.01139633481623252,-0.00022151430725090622,-0.012864663285912998,-0.003381635524559841,-0.030085722121101915,-0.03336631211676411,-0.0157778634436495,-0.023106389092226027,-0.011478955100717104,-0.011623461743217585,0.018084163885080863,-0.007484227045965282,-0.019611865578227625
2023-01-06,0.03613337585973785,0.0349917378504728,0.00993012282249454,0.01853466381119925,0.01313835077018152,0.01248856473236284,0.01895465296771354,0.06545074505448256,0.023973846012527795,0.011716298113210491,0.0407966565123324,0.027227062824338812,0.024475971000499086,0.022673106153111158,0.02173366525214436,0.018791203420376188,0.022004127398747065,0.028874487946280357
2023-01-09,0.004080550012610061,0.014760401298199752,-0.015227228762987158,0.0022426010679794787,0.0077554834669560785,0.014035730032408251,-0.0041406755214745405,0.015952320694896393,-0.004239192201925866,0.009689529635210973,0.05045844359317753,0.006452584154823752,-0.008245594395457963,-0.0005669023933868007,0.0,-0.003546753918555657,-0.00368139929141268,0.011558092371447441
2023-01-10,0.0044463754304073875,0.028326693248784427,0.006763747449170412,0.003669304474491391,0.004534125018582939,0.012275565327196583,0.008914054320514224,0.013567166002198192,0.026824684602790208,0.00758827602127536,0.01782097591790052,0.008428823694785677,-0.0004600979625585736,0.0069881815557790005,0.006291748860265827,0.007080972819282152,0.005657786349362405,0.00616253631708696
2023-01-11,0.02089248236219191,0.05645956080731301,0.007591123637360675,-0.0006870298860052756,0.034459471442974995,0.019728023145937645,0.007404017406248187,0.012330395943343637,-0.0007522687422027793,0.02978993486227933,0.005766095755699315,0.017152158566136895,-0.008317992055828179,0.012568623645424206,0.013626854753451337,0.0030678471903591523,0.00926589879562196,0.017179948791001882
2023-01-12,-0.0005993148176301538,0.0018911574433712077,0.002614311704329655,0.011501603213231942,-0.004270548978977216,0.014869190953691321,-0.0010031326611502076,0.012287111642381308,0.02834037865672391,0.01155446996023059,0.03137543148345404,0.005389803787078575,0.015197158051058217,0.003634273240513792,0.003281570744217416,0.01888140595238852,0.0019543139555728856,0.007405358472684523
2023-01-13,0.010068317035627704,0.029476316899670684,0.021808803486236383,0.011930333702592914,0.0108052178343144,0.010914937752795426,0.024921312661204974,0.007693109196073554,0.0019729298397176635,0.003014184093033912,0.023227819699454318,0.006857204768263428,0.020358123237818337,0.003872061990890455,0.004230753818976647,0.0014461879191356563,0.007503272623950304,0.002839396111899156
2023-01-17,0.00871820654365519,-0.021322326395198637,-0.020359469455633765,-0.006566591290624395,-0.009050990921578704,-0.06655130428279635,-0.01557366965588605,-0.005674135524664239,-0.011896959713152983,0.00467088416031185,0.04642334574607804,0.0020266463727632387,-0.014434156498046557,-0.001833672701607402,0.0009589960119599214,0.002109969497636083,-0.006666765128393112,0.004511168579138801
2023-01-18,-0.005384387677261811,-0.0061616190001011146,-0.02344752963278445,-0.0028758838411488395,-0.0018637994961980696,-0.002374634841146465,-0.03050337408522249,-0.008743279653077612,-0.01743838255453879,-0.019069855719664103,-0.018530244238299493,-0.013085335932380336,-0.020193459684456908,-0.01591411018392143,-0.013899891279486114,-0.01847441768877497,-0.0188498010191165,-0.012976672483599648
2023-01-19,0.0004435941340234671,-0.018822579439957077,-0.014638217166592873,0.015743931377470842,0.020959635824087275,0.004743832765010652,-0.013415945771127827,-0.028238740690812544,0.023257557156876236,-0.0165908912647379,-0.03585399574693418,-0.00987288879760376,0.017919128697742315,-0.007306350698889381,-0.005067230664961166,0.01235418618741142,-0.01171284707079607,-0.011738801541883842
2023-01-20,0.01903821454552035,0.037400259951453026,0.018486097953788944,-0.0033409804213138158,0.0520344008279804,-0.02573082748106978,0.002445640425072823,0.04018282211099581,0.023375072689951086,0.03511964405251852,0.06209360399643683,0.02699879688132679,0.002728577132426053,0.018457686070809245,0.01896712194444723,0.009885330670217456,0.015680979067935304,0.026697123657227057
2023-01-23,0.02322874277204288,0.0027724682514327437,0.013789182804438287,0.0018946378029897782,0.0178965398413923,0.021129973011032185,0.016082688855086912,0.03795838816478146,0.027598773847895854,0.009776353662268875,0.07315859020080057,0.021972873467008054,-0.020184195788486625,0.011927050640439226,0.012763323584317888,0.0013251335040566647,0.011531657402207109,0.02250995630787349
2023-01-24,0.010012771846925663,-0.012381472357830799,0.007258242792329523,0.0036119840879409123,-0.021166424236430604,-0.002322681573289458,0.008559562487274993,-0.006705878022908048,-0.0009077527676443006,-0.0022286569173947304,0.003744155905951454,-0.002043805991085988,0.008306476211620641,-0.001073999743805143,-0.0007574352190579386,-0.0038704800712097216,0.0005591901686398015,-0.000446638817872994
2023-01-25,-0.004712031119877276,0.008888953725914,0.008640477557460738,0.004593393795208086,-0.02571155657229575,0.0037253236647611025,0.0048275071290498125,0.001844666112027121,-0.011523544957932104,-0.005925525861155883,0.0030061531611268854,-0.0022217120958386203,0.009604422636531655,0.0003749059895975271,-0.0015165937382318367,0.00011075293264077234,0.0077950016625091415,-0.002087733003384568
2023-01-26,0.014695284394881917,0.020774687057825685,0.013388457139371913,-0.009096515003608066,0.023867527134616318,0.015157934073727066,0.006162730993804558,0.018963146854801098,0.0401716983187788,0.030251385724927148,0.024486923249294953,0.019309658501229447,0.0009099390154787528,0.01093050699462647,0.013192816726290316,0.031087294872678087,0.005255138468723561,0.015845049842524248
2023-01-27,0.013591005325328353,0.02998335055905419,0.0031079062097266355,-0.0013939615756237058,0.018792654173809268,-0.003584256650167317,0.002426075906456398,-0.030329789148971293,0.02969728954249456,0.0006449791552200764,0.028034893032974986,0.009905248485555414,-0.01419760351039983,0.002294996596323145,0.0033644653638705813,-0.020397859492405745,0.0,0.00417866345421591
2023-01-30,-0.020282118213673938,-0.016667823165641346,-0.004240196506261995,-0.002570014931290955,-0.024757940957101342,0.010574364685637503,-0.008516727632919505,-0.00884039925294596,-0.03132803284067067,-0.022206535554064353,-0.06088872326086722,-0.020426105673678883,-0.0009229561196601442,-0.01262621639804138,-0.015609122945078387,-0.02317569803230358,-0.0049778861390460645,-0.019277677081654995
2023-01-31,0.008980474884353435,0.025335155126435763,0.005086059161598835,0.0036296165072691286,0.019410120034691516,0.023090535589775675,0.005947716393281976,0.043880256724214736,0.012904368785690835,0.020795158241416298,0.019381075418664833,0.014874868267930478,0.00781793253878089,0.014596243779882587,0.01411511287425759,0.00882341144417835,0.013493593414085243,0.0138497302879462
2023-02-01,0.007869793817887072,0.0193976149644124,0.012325097064991214,0.012518134528387544,0.015958575621652104,-0.00027339547078120927,-0.0026469928209646217,0.05855945980966881,0.027476911614929503,0.019738528879410792,0.06949436390800029,0.021158175446245632,0.011387050886613008,0.010571676723053234,0.01133531298978517,-0.019878133032159507,0.0,0.02326365572348452
2023-02-02,0.03639200636901456,0.07120315696615197,0.005829359129503201,-0.0209702840085377,0.07025993271382602,0.010228781219718904,-0.0046672078786999215,0.020125711403888046,0.20930752686438453,0.04581831981290835,0.03592234522073609,0.035261004545002514,-0.023368771700646537,0.014452221891416107,0.01175617042736208,-0.023063534558138785,0.0027312508481278294,0.02694027490089857
2023-02-03,0.0241071692332364,-0.08808283393109906,0.008269000242379953,-0.025274496401227434,-0.027858017813633756,0.0012986892223774283,0.015355791934810823,-0.022032284993987204,-0.011937455698556865,-0.023903901493092378,-0.02845380749478363,-0.0179325815361046,-0.04746975742400474,-0.010686047901514716,-0.00677965925745363,-0.0022077996852606376,-0.0019110920367992079,-0.008358679655529735
2023-02-06,-0.018091459454723284,-0.011772272805910223,-0.0016482705161611094,0.002073259184240806,-0.018105089877862704,0.002294593575936142,0.005865333076436592,-0.01580683516009169,-0.0025227096336457684,-0.006134591321822867,-0.0005216359791668034,-0.00849495179850023,-0.004384911009336613,-0.006130091159866614,-0.005530972617397873,-0.00454738440284665,-0.0002734215367618587,-0.01227804482474571
2023-02-07,0.019061727615462497,-0.0006852973444615529,0.01093802470738172,0.0009200023760844002,0.0450344989191891,0.00966216567261978,0.012116550341769406,0.023317634825205033,0.02944480197028152,0.04116311657961687,0.05012383872169299,0.02050728171968673,-0.004894791204251021,0.012993773920068152,0.016138317123637544,0.031971386433100525,0.011416339546091253,0.024685542677251482
2023-02-08,-0.01781049430993419,-0.020380578012770365,-0.007370123569281128,0.002468544755507998,-0.07994207864076074,0.001867682196002609,-0.007056146691046025,-0.029170183786828684,-0.04368099525216818,-0.003106826979379596,0.001442110710047331,-0.017941194599250997,0.004894791204251099,-0.010994991550788858,-0.012263455384162708,-0.008981818541430023,-0.005963922619675679,-0.012125394251887021
2023-02-09,-0.006935282964724792,-0.018256648878253772,-0.021601355665460734,-0.007943887464013586,-0.04486807710372647,-0.01913667203866137,-0.015685676753339484,-0.004625470115149693,-0.03049905499719831,-0.011728332621181791,0.005927002683750481,-0.008877238147208045,-0.014756747771417361,-0.008707126655889035,-0.0066519349778065276,-0.008602426879263443,-0.011209725792929084,-0.0055155370998219355
2023-02-10,0.002453170405360372,-0.006433489213979958,-0.003927034387363781,0.0019053779351280687,-0.004641772526061812,0.00890059093992423,0.004405317178682233,-0.020617576738395323,-0.021417107762906586,-0.001974533872046924,-0.049181947659677046,-0.006584950961069559,0.0029688030627258756,0.0023311281952544207,0.002407285547063131,0.03841858028312694,0.0032939169249074714,-0.004619374322165176
2023-02-13,0.018631990542048425,0.019579629188155288,0.001965328473806605,-0.005089097798950408,0.0004228042573231708,0.007352725625640002,0.010789618463763475,0.010420695900404193,0.02986818547266317,0.03076494209136283,0.024296869541116276,0.015889401097800387,-0.0019781909344353987,0.011670595963810631,0.009937514335013296,-0.0025530691036394684,0.011444227605880907,0.017161651193381727
2023-02-14,-0.004233901587065542,0.0016060637303953276,-0.000841943876627196,0.000753454984742333,0.0007396197553919893,-0.006006888759668885,0.004409059165289199,0.011534392017151868,0.0002788539753904974,0.0031276500522749583,0.05287345100445561,0.0073616879701574765,-0.00396825523349915,-0.00046023110861619527,0.00182939146399701,0.0003334076368954574,-0.005433269761717951,0.00426242071308815
2023-02-15,0.013807666783091263,0.014537811644538115,-0.0016857839241489684,-0.010014646847400324,0.023589484659971672,0.0068621030105064235,0.004181205633768443,0.007872666384550836,-0.013010790212742032,-0.008024977077118928,-0.009052357852343542,0.007632195113162757,-0.011497324763411837,0.0032421705219054927,0.0023733736740582595,-0.01714415247447771,0.0010889305598923414,0.004660817172066497
2023-02-16,-0.010484288400672876,-0.03020652173405669,-0.007905218411505672,-0.0008195726363130796,-0.014861313949087329,-0.011121183140538702,-0.013864568312510019,-0.03712172420960502,-0.027003810535296904,-0.026983372636037943,-0.034047125335950085,-0.018942703672258154,-0.0025169526318787223,-0.01386461713430269,-0.01525060871679397,-0.009881596344189596,-0.01011891590108876,-0.01750264348595861
2023-02-17,-0.007575180571148193,-0.009726256199159738,0.001982259042757228,0.002982339072148569,-0.012219667370240113,-0.004602646367021064,0.0029569484712451102,-0.01137425729629467,0.0025485123112264723,-0.01572472384671748,-0.028303209801047082,-0.0070808487640851335,0.008532050486365952,-0.002501238592463333,-0.004267707541008152,-0.03626180708937252,0.00027481388444212604,-0.012579676899148481
2023-02-21,-0.027042087722478344,-0.027324623494127318,-0.023759818623346637,-0.0037440046605545256,-0.027507846667703246,-0.020230234718318106,-0.018519616854131053,-0.03567314402415015,-0.004638354282198026,-0.021107754242477825,-0.03487277899257235,-0.023959779023204376,0.002993987568662412,-0.020265097118148383,-0.018769320758806815,-0.004983324716579537,-0.02082555412643736,-0.024031403496470254
2023-02-22,0.0028917766814069556,0.012712248376870527,-0.006684809983549088,-0.0056423768979153,-0.0015263294319773928,-0.0006371011226589985,-0.007692755414041808,-0.002197687148099082,-0.005594538257038003,-0.004601659206013987,0.004781965494636848,0.0007480100696120315,-0.016072656255546207,-0.001378916245218275,-0.0007579304172754623,-0.006683571176277048,-0.0011229771763975722,-0.0014661422437569121
2023-02-23,0.003285183590442056,0.0003131233176392935,-0.0008754725143771547,-0.0005305918526508475,-0.008327145258689451,0.007316146906691972,0.007979163174690239,0.016912490881417903,0.005361974379577303,0.012878500230327664,0.1312157272180637,0.008696136239130367,-0.006094525811354991,0.005305280871006199,0.007555713941324009,0.014975202104475387,0.0008423793193290775,0.016445003933047594
2023-02-24,-0.018169381246440738,-0.024509991975448668,-0.001460340965280928,-0.0072206822499255125,-0.019554030107007757,0.000852128948132143,0.008980753085969762,-0.014045890390227177,-0.009637042774404572,-0.022025176989566325,-0.016102668553472144,-0.016886006249168094,-0.027894319805040004,-0.01073980479790897,-0.012879015084385315,-0.001298153669840101,0.0008415574761407038,-0.017986833375162
2023-02-27,0.008213506101264237,0.002776912318089041,0.0,0.003912670406128105,0.008268272144122771,0.004606764248082855,0.008689796622934075,0.008530169358588599,-0.005001143919347661,0.003764692047029616,0.009190562700671265,0.007135747395383324,-0.008416664388227075,0.003400076924572109,0.00513358022196632,0.0029486619509175517,-0.0002804404750747917,0.005349634007862315
2023-02-28,-0.0034533744244965676,0.005000289230826088,0.0026275279115133224,0.004545621851780495,0.0021118871550283506,-0.038711950926832335,0.008336072559121227,0.00681306342280326,0.03135418784955025,-0.0029625085915791784,-0.012201066994896695,-0.0012937329574387094,0.01520338647406433,-0.0037028983388823216,-0.004942882942198184,-0.014472442663981448,0.0019616590417113507,-0.002195040457457739
2023-03-01,-0.014348595797019276,-0.022103959704043146,-0.004675971524295239,0.005755555600934512,0.003325638830718598,-0.008398221231151982,-0.005596050093421331,0.010051867587132736,-0.008726564886482468,-0.012709687587903064,-0.02256497075296372,-0.008071602435527648,0.003635506562304663,-0.0038433468263312266,-0.0034364049645216424,0.019523628176899746,-0.003365155362106295,-0.007351911294841866
2023-03-02,0.004120877717296383,-0.00043408483069996514,-0.012757626587141434,-0.000585735153896139,0.01798688333946576,0.008255040527075437,-0.010436814358670691,-0.0019165000754987507,0.0063803772918526735,0.01946251786484121,0.02677714366224394,0.008241979085947026,-0.0025954410374627846,0.007747443520579606,0.007050901914139257,0.008749959944589067,-0.004786857306305644,0.01224772006981568
2023-03-03,0.03448805508259558,0.02962312838587694,0.019808437256679946,0.010666001055863707,0.017775851796415623,0.022629329224661373,0.018193041943289003,0.0034024296238405268,0.05960947443570455,0.016509057781684103,0.024405879830963553,0.02046277452567275,0.015983814064923087,0.015910428156813615,0.016199359871013515,0.013499105772074407,0.01568248952100149,0.02127487322157995
2023-03-06,0.018369820519281942,-0.012192056844170188,-0.0020513359390568154,-0.0050565936951402655,0.01567983410186316,-0.00011203268790731962,-0.0058641829357307775,-0.013164509888964393,-0.0018912090450745908,0.006169941570897478,-0.014164056161707081,0.0011341056051933402,-0.011834434417814092,0.0006926117221493465,0.003915975965431905,0.00045801474735540285,0.0008332546865153996,0.00476975615824912
2023-03-07,-0.014602755740070918,-0.002135579508745822,-0.0324964980718155,-0.017635068390636166,-0.013439992864523312,-0.031205754380132716,-0.029848823032021205,-0.011524952540864969,-0.0021115570821485133,-0.010645472299073986,-0.011187861100177977,-0.012341545544145367,-0.04607640115025668,-0.015447533737852131,-0.014245696492134526,-0.017564446414518115,-0.02615829548038099,-0.012506195469536687
2023-03-08,0.008342246963703974,0.003947251242114423,-0.0134231444446729,-0.0004745630282821619,0.004146511666189391,0.009232661160479154,-0.0059330268840283255,0.028242589141057126,0.0024901682738127226,-0.0017720575284194272,0.037628990424932604,0.004981441188672499,-0.00271376795537785,0.0016307745942190151,0.0016975841668277047,-0.010311851551828392,-0.0037116510751606857,0.00823597562167512
2023-03-09,-0.015026800573726806,-0.017941053663252087,-0.0640472954605248,0.00980112770009771,-0.020690081006486758,-0.020828585691483797,-0.05565716470081429,-0.006343590318315543,-0.01789176783121508,-0.005454316012249831,-0.03129381276284503,-0.017477524633798,0.002171603207467767,-0.01862218809618441,-0.016149381914386095,-0.014235078501954006,-0.041465542373525226,-0.014439364943849852
2023-03-10,-0.01397574586708172,-0.016614182739941783,-0.008880088437130652,0.021333667247723984,-0.018475613656292817,-0.043067098750352785,0.025078324055413354,-0.023651786101818874,-0.01207093192373942,-0.014893284557739504,-0.020301964005967073,-0.014143285803146817,0.0225210624771787,-0.014534645864861771,-0.014080738748991796,-0.012866242317398326,-0.018354829469005345,-0.01773956964316927
2023-03-13,0.013178550183118996,0.01856350439768763,-0.059902358724640406,0.022688861946558777,0.005282467360132102,-0.037816574103797046,-0.01812060419429062,-0.003808402225366906,0.00771341254826142,0.02121436768343904,4.3558181392906276e-05,0.007389150150516734,0.05868896398645517,-0.0014261265521214378,0.003296996439293008,-0.020540825352157926,-0.04027812816350342,0.005435293665422182
2023-03-14,0.013990937173737077,0.026161301723076753,0.008730703604180481,-0.005807897981361377,0.030908009538873123,0.020826667022302105,0.025352229975972165,0.038601538805214546,0.07001698732286649,0.026696372457016174,0.046660429488682625,0.022719768328651767,-0.005515211374463655,0.016394822568456775,0.017084671216254118,0.009833754981904615,0.020032125270594607,0.02281312388569274
2023-03-15,0.0026181492406983768,0.013816419647146834,-0.009432290283684606,0.007773838437142398,0.02251764175516648,-0.03140515843952958,-0.04839679813299028,-0.014128178039996582,0.019042209878410755,0.017673311006081657,0.006833597928273877,0.0052320156217841194,0.0055152113744637,-0.006273806100307342,-0.004004997385586568,-0.05519572179749671,-0.027011734176282037,0.0005727599445910879
2023-03-16,0.01852121263989555,0.03914078921242492,0.016707615883226275,0.0020180543660701534,0.04287173058802931,0.009246309617887081,0.01922769322797088,0.05616894731192391,0.03566488136185668,0.039736412692248264,0.05277607148617781,0.026019607340421552,-0.004008017567521535,0.017393031397563454,0.018366449969455505,0.010799527926644154,0.01892186802346737,0.02766580981633241
2023-03-17,-0.005469032518429048,-0.010955473953869753,-0.040505674224764955,0.028704276731304653,0.012875529610693227,-0.03734473979143941,-0.03851425445561036,-0.013346051628027666,-0.04654544833924108,0.01162644729710206,0.00717830225306492,-0.004737729893930742,0.03502203041644779,-0.011761670196456334,-0.007722093933301098,-0.015853497162166507,-0.03270640075502336,-0.0013932364447032505
2023-03-20,0.015365358909225437,-0.012610742620752338,-0.002519189186024933,0.0003807952240648717,-0.003944073669746494,0.01954167182543942,0.01051612423142482,0.00965128714348201,0.011184047665244203,-0.026104450218552896,0.006779668433026155,0.003542863719201095,0.002904231166888555,0.009569682577064613,0.009422305096479277,0.019821920349969553,0.01106507237916655,0.002693042612546766
2023-03-21,0.011873085044918373,0.029247763784060337,0.02982106229517409,-0.01905552456933767,0.035901712650414225,0.024729457256205706,0.0264673799910951,-0.011620262776805777,0.02175242308342505,0.005677633938360322,0.011478312638185505,0.014181471032156192,-0.007276268496495915,0.01304505120820807,0.01436713042102118,0.034034398749131,0.025029088331437122,0.00804945051826208
2023-03-22,-0.009144768071967515,-0.019166746850565873,-0.033792996085138596,0.016877382247649345,-0.01488342750747314,-0.011442888345988453,-0.02615284046710958,-0.002091281165706612,-0.011692438474666762,-0.005457210077646313,0.010215088666803145,-0.01369119825825627,0.026898809487844576,-0.01719346941262077,-0.013991538990268513,-0.02150080477226733,-0.023426175393949106,-0.010002186342381638
2023-03-23,0.006945179241468132,0.00010133363497333344,-0.024538885450967034,0.012460224063675791,0.0213436913261208,0.003754663376685479,-0.0026770693610765977,0.03357938898935511,0.02212461405531881,0.019529623105726614,0.026949655453027153,0.011787964074921753,0.008494638179464529,0.0026998522302623404,0.005433417896016761,-0.013950490249515427,-0.006749220188871146,0.016134524410770644
2023-03-24,0.008271176467955724,-0.005893146925693497,0.006283463285545182,-0.011316136891165252,-0.0015164017716657058,-0.007267794857465509,-0.015332974524446675,-0.041989150236108726,0.008433147858204693,0.010425800313868179,-0.015268137490798986,0.003673686458974711,-0.0028235959131948886,0.006540550967437167,0.0044743601489975705,0.003858974393568119,-0.0006451465219724897,0.0026067354890730284
2023-03-27,-0.01236937130163558,-0.0009175342309671865,0.048544603482950095,-0.009299831745516636,-0.02866961202364187,0.018888103859410855,0.028257715404348526,-0.012607684060098498,-0.01550748394707987,-0.015046444280815481,-0.009304036298869915,-0.0068745369931656605,0.0,0.001868016972427273,-0.001489254290477235,0.021088056726511824,0.013780193188609402,-0.00777183861691817
2023-03-28,-0.003988267763659261,-0.0081934405189327,-0.013072161553950204,0.008155744573006158,-0.014054861036142808,-0.0002824579553200215,0.003030643568446373,-0.021798248011422647,-0.01070592869745153,-0.004169682844860787,-0.004571080961383089,-0.005325835466859688,0.009847722898648242,-0.0022472020336650597,-0.002985105858520295,0.015344073641755983,-0.0003185031424465242,-0.0047063542644655175
2023-03-29,0.019597397939454236,0.03048493870739539,0.019370230036337657,-0.0049731154716589265,0.0035569548899759217,0.007134299773414078,0.0020153808793641893,0.061308428617264446,0.02300461464002453,0.019002320304446686,0.021501360601184853,0.018069511401265483,0.00046653738593204164,0.014430277692056563,0.012994508941818396,0.013769497235916733,0.014538861515958349,0.020733898184703062
2023-03-30,0.00984135222334496,0.017305747097592427,-0.012989628401052927,0.008998964139577773,-0.004943592549135615,0.0013086068880033372,-0.0030245325812965347,0.029817474667492475,0.012052487019276796,0.012540882405366308,0.014678152874759584,0.009420939815826795,0.02305311807681197,0.005838149306268371,0.006067680686708722,0.004385876197475796,-0.002198914081960772,0.011552365171967274
2023-03-31,0.015523015543265056,0.012567761597929928,0.010545074679694923,-0.0052258772770236855,0.02776061942783741,0.018419486257976018,0.01204343831682807,-0.0023362883811741055,0.019534706373440125,0.014851298212561604,0.014286112007425604,0.016493922225477693,0.008170735405343747,0.013996384347379473,0.014739641688843338,0.006905489665708053,0.010946223460463868,0.01420529522879832
2023-04-03,0.007672351248504691,-0.008556175035560798,-0.0003496999934188352,0.00717858251921089,0.006054907901680917,-0.0018053105983522955,-0.001151642004021357,-0.01637492731322531,0.00531760286304642,-0.0037181380645165225,0.006745185307473497,-0.002433436135602274,-0.0027162249781250676,0.003803132761088386,0.006661342197329043,0.04427837147430242,0.0018644699738259566,-0.0015903423216943738
2023-04-04,-0.0032550726057377338,0.014925585099441625,-0.02156698335806095,0.018469345695108493,0.003443652238935925,-0.011923142009608832,-0.01345827929800789,-0.033576988239309255,0.007714001218160882,-0.00017436392427398292,-0.018478068410155927,-0.003378961867678904,0.040422997191827494,-0.005563422503479324,-0.0052173196818778135,-0.018299999731257427,-0.00935749623220157,-0.0055205357481651505
2023-04-05,-0.011354533404474988,-0.027799874012424952,-0.01222601272707772,-0.0007982432900847153,-0.002390070311353828,-0.0034772914883914054,0.001489993495798845,-0.021669288441096113,-0.015204255629268802,-0.009938357181584522,-0.02105584008481008,-0.009921476194793276,-0.0013068518260100862,-0.0026216717899606255,-0.0028899920548111357,0.014944941965558336,-0.0012542831201275229,-0.011469807354825662
2023-04-06,0.005480932550349427,0.009450740780884159,0.007209896478014902,-0.007159660374899705,0.03711259418346192,0.0027022425456982575,-0.0010976442936986043,0.0006282530976765132,0.02161063142068549,0.025212275507629844,0.005786539628014971,0.006719450808642947,-0.0021820276819284057,0.0038931995610094216,0.004692250914588918,-0.01529787974567824,0.003758139525463475,0.00565082167909165
2023-04-10,-0.016101241797257016,0.001077222967143844,0.00358547420318079,-0.007427401530065852,-0.018431185754920178,0.007908867755506544,0.0032895166385654476,0.027307413541734413,-0.006266509105696439,-0.007607420041118297,0.0198483333737709,-0.0005660659404522473,-0.0004369774681092741,0.001025830162752977,-0.0007204856877034025,0.007970050466625665,0.0021859306788662228,-0.0005367649904727571
2023-04-11,-0.007620047674002422,-0.022268227189570028,0.027186047567609464,0.00630066529229045,-0.010293280470357314,0.007389126983733372,0.004913947169191242,9.86530226597196e-05,-0.004199859485284817,-0.022929438359430253,-0.014977859588817317,-0.006438433527257974,0.0069687457323044065,0.000268464669362929,-0.0012620651857848718,0.009411697569763386,0.008695755625247967,-0.00944122599891232
2023-04-12,-0.004362787598621209,-0.0211385503060785,-0.008043432124062746,0.0048732452945133,-0.006762158833421834,0.00872854939027383,-0.0001556136482411573,-0.0207857311324863,0.0007012625276820583,0.0023306663603898186,-0.025120610847575584,-0.00887308398116007,0.01678538998058609,-0.0040842182169397315,-0.003976932376498012,0.0006933996318347871,-0.0021669222080341172,-0.005707649785245364
2023-04-13,0.033534945505643496,0.04565543032053191,0.0028050312574639438,0.013425150587981827,0.02631342355192616,0.005706849855435754,0.003806087271131204,0.0025718065189193843,0.029241086238516612,0.022152184319245854,-0.0012086941646219007,0.01939290349490689,0.013144113995627064,0.013195167728638511,0.015635154711530184,0.006221277231107184,0.008946576568648407,0.018432061378714726
2023-04-14,-0.0021161592257764894,0.0010736481279812137,0.03306098375382538,-0.017869017219899228,0.013315073381822673,0.014319180187451507,0.07279455464932101,0.004984074994179544,0.005160367904522664,-0.012847541764574762,0.011086024378935005,-0.0018817294295726337,-0.01827894940376169,-0.0024456392967184127,-0.0026782510898169668,0.0018360150986632216,0.009780109687425402,-0.005567997172571304
2023-04-17,0.00012078688921758167,0.0022411286119839928,0.028387241172339088,-0.00446370276447651,-0.026998406389474264,0.008158325577397721,0.007898030780328802,-0.016467530000877036,-0.01194521139494631,0.009252938711824489,0.009077435193226449,0.0008472602932844103,-0.01251900695735781,0.0035816813613835873,-0.0003576659879598387,-0.011878320282289918,0.011490700120630788,0.0036262364310750833
2023-04-18,0.00747672465101846,-0.004291801457498827,0.006236615885504838,0.0038732698004284223,-0.01396893176549892,-0.01713239484176674,0.011165116360636305,0.00548580672847059,-0.00444198226292862,-0.0014902161200049005,0.024329421879494363,6.282888059652078e-05,0.005631340874856109,0.0006522191727375358,0.0008939600942260244,0.003936807043615749,0.003002215194780186,0.003078423773435347
2023-04-19,0.0069441335487748935,0.01936168847711433,-0.016496446117041947,-0.004789973842758077,-0.003067030130985898,0.008884869359670906,-0.0012736622373527558,-0.008820167049828773,-0.010101773118478301,0.00027762172490845784,0.009496843407536447,-0.0004706794145850752,0.003449763022537314,-0.0001690643616276661,-0.00017875599752870428,-0.0034727791936189486,0.002395095872989301,-0.0028773338360665902
2023-04-20,-0.00586347147419526,-0.0047091095790211925,-0.005337003577346462,0.003930524556986942,0.010598400211681569,0.005387899802474747,-0.002907537721519225,0.06980461604569058,-0.012267758312964276,-0.008145597763084069,-0.030055959657085365,-0.007653755785662345,-0.00258618533953143,-0.005472019037560175,-0.005196751017834964,-0.008851396218859196,-0.002994842299864003,-0.006589207969604842
2023-04-21,-0.009829006279650315,0.02989264254702952,-0.001003746177285367,-0.009936876904451757,0.0011390816072848915,0.0086718419542672,-0.0019192335741881551,-0.017878895092291913,-0.0008451766570209336,-0.0012236743590491425,0.0005534564020812059,0.0010428379601128955,-0.008234089236555579,0.0007765844713816969,0.00035920210411501666,-0.005866751346841908,-0.0036056902796008303,-0.0032434278133901535
2023-04-24,0.001876834715915968,-0.007036666520682404,-0.003689369844669396,0.0030347260178608367,0.005298480077518458,0.006709102721970709,0.0013507578907518108,-0.005448319056311527,-0.00046986748946885104,-0.014061306932490905,-0.002843484270982295,-0.0020864696570080574,0.004342185833749431,0.0010427066962894183,0.001256542262203891,0.015181765195765811,-0.0024112782509873097,-0.0044086290372464644
2023-04-25,-0.00948042995577922,-0.03487276836944828,-0.031401917919108326,0.005073426510561733,-0.020208495342588485,-0.013110236769179117,-0.021983578941221837,-0.028914183466695276,-0.024933361600529943,-0.022793800008257616,-0.030067978810261214,-0.01904428364570255,-0.003907109514891158,-0.016001347908671484,-0.014817845093532839,-0.0189543715987572,-0.0173493004181426,-0.021575702354805725
2023-04-26,-6.121385563812123e-05,0.023224398457013323,-0.01396682391781509,-0.005452222698837164,-0.0013490329184860212,-0.008638575605179345,-0.017882472904494323,-0.004653309430966422,0.00887398131652616,0.06993144680273952,0.02688287722718999,0.006046480313316638,-0.006983871619501813,-0.00424441991717483,-0.0030996460131183846,-0.013437432337466797,-0.009563574504307136,0.014754670816910604
2023-04-27,0.027999717417080117,0.04507277127081395,0.015699040307017176,5.4098929279836664e-05,0.03672912309508922,0.014864065666048257,0.013369072212334914,0.04229712828456574,0.13037449531970652,0.031525327276458986,0.009966381730704497,0.02682784709122506,0.002624650100048796,0.019712246983930478,0.017020232161143952,0.003584945035618475,0.015990564871571127,0.020995166467358283
2023-04-28,0.007512676511707421,-0.040605781087400955,0.013409157943207572,0.0002706158931134578,-0.0023262401571627627,0.0053717618481125455,0.008645230807250553,0.009952628800567524,0.007350437301228499,0.007940034866779124,0.019027466239253967,0.006874811705463927,0.004794108629225355,0.008499084713551807,0.008046424881291887,0.015388538272022453,0.01182725106790908,0.010798827552629219
2023-05-01,-0.0005304906176057613,-0.03277395882406449,-0.00823058177376782,-0.004501468248394752,-0.0013052142037139633,-0.008391563079485189,0.02118614401597038,-0.00047731018299689443,0.011830571449059338,-0.005548146550778148,0.04098775032947365,-0.001147553626363212,-0.00479410862922529,-0.0010102349790715131,0.0005343323970564188,-0.011340756791316556,-0.002716920405614512,0.000596385873956637
2023-05-02,-0.0062106763969790365,0.01536391753200235,-0.030771656448059726,0.01911282169964576,-0.017693029208309296,-0.021367819102362542,-0.016279262168222296,-0.0037294897124070057,-0.016334594458386184,-0.0004910745611623538,-0.02451116488435873,-0.008759985490988506,0.019896893152015097,-0.011302731336385954,-0.01091753169279796,-0.04445728671393318,-0.022933116461124104,-0.009386817039959182
2023-05-03,-0.006488280853671655,0.00019301691085338006,-0.01071050496385481,0.00844333039400089,0.000854408657652826,-0.014259590389712102,-0.021390616878791128,-0.014144900095510126,-0.009280657587634331,-0.0033125064228830135,-0.014568544363219846,-0.006565287860341929,0.0034202650927660744,-0.006887680817991417,-0.005775132873781041,-0.01906006431110257,-0.011510703843186126,-0.008463010412891454
2023-05-04,-0.009963104666667376,0.0033710455381283566,-0.031725625636796054,0.007008337579460111,-0.00685396043990523,-0.022742614236967756,-0.01377266717867313,-0.0044994973841235835,-0.014918908073484347,0.003312506422883014,-0.008669891185500085,-0.0035359892928178314,0.021533456893292408,-0.007108274166691621,-0.006719267232348298,-0.01120297545734572,-0.012911551248665663,-0.0048007660160875164
2023-05-05,0.045859291175036,0.015835527254169667,0.026326896806099544,-0.015771672012865213,0.00837057464611686,0.017770505052611213,0.019346301150331473,0.03363069208691171,-0.003173989376614359,0.01701183361274039,0.03976203303660031,0.021031553764877177,-0.015576018437594371,0.018343357428504653,0.020738176284127784,0.026779248147684974,0.02442225509185173,0.024768727136313028
2023-05-08,-0.0004033012183031077,0.0016076240119395433,-0.0007220724514186917,0.0012261535425393925,0.02062511199559408,-0.001560741210411553,0.002410597671965457,-0.005621954994840276,0.002102806062819094,-0.006458939725131251,0.016289120160201384,0.002474606251175076,-0.0033999150733811704,0.0002665768820166307,0.0010701793347091505,0.0,0.0015450734431140768,-0.0005291644857534497
2023-05-09,-0.010021103464529921,0.007437086747609261,-0.0010839754123625291,0.007061173494320752,-0.00390480379330284,-0.005343200067667221,-0.004826601166028424,-0.02114116813056363,0.00042855830927317006,-0.005360262196566674,-0.02009699541885819,-0.006353395208005505,-0.00042581346302446413,-0.004395168062876957,-0.004645994272657111,0.0003738294678810779,-0.003712852515855648,-0.007703688404643361
2023-05-10,0.010366825686778033,0.03293503350092615,-0.012368260702882897,-0.0014294640409972018,0.04016982603341404,-0.006859272325982673,0.0005128538675293564,0.022108743121862787,-0.0012434046090957717,0.017148559552304838,0.010930356038191862,0.010823034313741547,-0.007266545327427216,0.0046615970858563,0.006605309442429169,-0.011403016007905135,-0.005595098807974945,0.012126201652272342
2023-05-11,0.0010939694525321751,0.017898556144584802,0.002558939948260991,-0.008619799546280105,0.042227628063725306,-0.005689530121565089,-0.003155588619350824,0.00034152325584491664,0.011559792511547097,-0.007069325314476933,-0.01068543379744032,0.0032546685144670246,-0.04879010689169558,-0.0017456014499146711,0.0005336489303384138,-0.012044406367671442,-0.0015600333431973912,-0.004488884630374503
2023-05-12,-0.005432091589957937,-0.017263494264582374,-0.01101326815821888,-0.001711544099310757,0.00803156934059398,-0.003811220850508657,-0.014436495882172091,-0.000720857237668638,-0.008432699723441392,-0.003682653247129734,-0.008362878103392705,-0.0035932652920326667,-0.008141171161800504,-0.0013111458887834168,-0.0008893879200199145,0.0015294445116217528,-0.004066923362731577,-0.001323915920884132
2023-05-15,-0.002901762707268023,0.008489121836596263,0.020461077073714994,0.0021389727993926496,-0.008546291609860845,0.008011778233698768,0.008391032167855382,0.04664687692954641,0.021368926229153352,0.00158436833155739,0.021399572764338612,0.005400227050843706,0.0036264737017060447,0.0034443562241489476,0.0014228215877948973,0.005081213299577875,0.008117498330970313,0.008246861454488453
2023-05-16,0.0,0.01959105037675755,-0.010543588091558014,-0.01257816833072297,0.02542289443420789,-0.003919902360584664,-0.006751798647342629,0.011987061728984278,-0.0001675386794839788,0.00734079946427699,0.008940100564986286,0.0011316944193197856,-0.013209070058066583,-0.006705179605145358,-0.0032046002880404363,-0.024888803084166394,-0.009372112045020519,0.001050618631678128
2023-05-17,0.0035967482542850816,0.018349125212474244,0.043275027767907766,-0.003467895133703326,0.011067320403605727,0.028788762208743754,0.030284123773122267,0.02679677812612129,0.01525038225568119,0.009407171583323682,0.03249933646418252,0.012031434846409093,0.00045841069215289915,0.012065887205696017,0.01028925705551833,0.019043320753638685,0.01988863996355745,0.013235803924987613
2023-05-18,0.01357351001699478,0.022684486585828632,-0.003506344457984229,-0.013057794413406836,0.016333854423499605,-0.0018188041312322235,0.007555501628370601,0.04200653697202514,0.01782038456303399,0.01429245652951026,0.04850910307987783,0.018402961096660182,-0.011987245148832213,0.009587007530962092,0.010359329686849246,0.007238304155976159,0.007357559671462149,0.020260853234029284
2023-05-19,0.0006283453398565773,-0.01621197208021114,-0.01272538961776753,0.009850156652287684,-0.000570066441332194,-0.010461683933265268,-0.002296770664338572,-0.016638965565060927,-0.004913933169137832,-0.0005652356357788499,-0.013155143627573552,-0.002255963769815969,0.013818789399289018,-0.0014561056443310471,0.00017462909254635026,0.007689097262680703,-0.004285369326326627,-0.00044435700231708136
2023-05-22,-0.0054959776927816775,-0.01072394478867387,0.008148727573360513,-0.002344243508491738,0.018482461957556567,-0.003778378113545977,-0.008296846337929448,-0.006457055994386771,0.01085125575682574,0.008881527930023357,-0.002818613951382679,0.0033525122282334068,-0.008729691600338601,0.0004059696375324543,-0.00017462909254634435,-0.004152394277705377,0.0018388184988587936,0.0019032241557325404
2023-05-23,-0.015270822757088595,-0.00017395019575110725,0.008432879131472224,0.0012000108481294142,-0.020113016189121816,-0.004163534722649338,-0.010487467647145256,-0.019990929066695202,-0.006383047321944053,-0.018603910167705653,-0.015776853627757263,-0.012757279705952437,-0.007410865148628799,-0.011286309449674065,-0.011065568540404868,0.010660562696434518,-0.011703223062646451,-0.014877429974011017
2023-05-24,0.0016306270540898207,0.015189747065965913,-0.0169375503101634,-0.008101176111367243,-0.013636887049981575,-0.01168830519968737,-0.009193547597846631,-0.013376129956571486,0.009960793689927099,-0.004482561760007821,-0.004899911168176587,-0.005143101521406983,-0.016405354141405565,-0.007271133162636658,-0.006200646788125103,0.004356639210400772,-0.013096425744905282,-0.0073605546989379215
2023-05-25,0.006670208349350953,-0.01510276818575663,0.0024881436215377388,-0.00966457904681634,0.021115395452666705,0.012645839958878375,0.0024355028957398954,0.062059055254082035,0.013867435425475153,0.03773682596323745,0.21808797980370606,0.024041841861459943,-0.014279120946901725,0.008622782215850892,0.015517767102125686,-0.017921406118643183,-0.00031391524301191653,0.03764641769126179
2023-05-26,0.014006130368058676,0.04347586628475364,0.004957427188218693,0.003987606250000357,0.009109644602799474,0.024791934287368964,0.009317330916103197,0.042514812669105506,0.036333758017292765,0.02116014968431118,0.025116253085214653,0.025229405250341376,0.0246223875116503,0.012867358948515734,0.012519745947691787,-0.003927764586825724,0.008130064499872474,0.02800119308546857
2023-05-30,0.010603111551840546,0.012822304345733589,-0.0017676637537301085,0.006171471778321201,-0.007572087769788212,-0.003560356708310018,0.00378993389411596,0.002717933780273977,0.0018299685146781083,-0.005059559175953541,0.029474574184946308,0.004524846301810151,-0.0037488294470740683,0.0003808425165617429,0.0008636282885514926,-0.010336383527968,-0.0003115955503776309,0.0053260402632972475
2023-05-31,-0.0002820042921570048,-0.008916850747084985,-0.01677117054532194,0.001537018842589403,-0.006489838158700659,-0.013584303783284806,-0.012812686662446122,-0.021273616314268468,0.0083455944098817,-0.008550464512593618,-0.058442446567283125,-0.00570237215404248,0.014449161866109957,-0.005560559598572018,-0.005713832894941556,-0.017729413058548145,-0.01064833849929129,-0.008364990771516465
2023-06-01,0.01589538595761246,0.017999210602823053,0.007588104518789509,0.007867103377943253,0.006894065762999787,-0.02342761623747922,0.013685433448784852,0.005110996728228138,0.02936948725966018,0.012678236421240642,0.0499046028129054,0.01148606209825462,0.015610975516506347,0.009456137556354185,0.010536536848735532,0.012327732532122913,0.010648338499291353,0.010114245426251167
2023-06-02,0.004764046365382689,0.011983006127262639,0.03292914411179616,-0.014857275420164701,0.007649193867187223,0.02265535335167138,0.020788201551883077,-0.010036240162125556,0.0,0.00844356922642074,-0.011201643720134767,0.00747173306233116,-0.011915824818161887,0.014357629101475549,0.012125348247487146,0.02998185850489356,0.021572425359718768,0.005708327345579759
2023-06-05,-0.007599786134180162,0.008415221280893264,-0.00593897846826687,0.0060023657211361265,0.010691160947712212,-0.005701308932689959,-0.009872875585761923,-0.013221145923819233,-0.004485450580083471,0.0016086158844205204,-0.003974503345445395,0.0007045649585514464,-0.002307923687584806,-0.0019180152529158522,-0.0010189240843978303,-0.006655320373131992,-0.005196102115135034,-0.005768595561689788
2023-06-06,-0.00206248175356522,0.010400614095251953,0.023889075523673357,0.0010974372841257363,0.010263615779506215,0.015386851036794397,0.001795831343107611,0.010822936879850177,-0.0009950932161855019,-0.006749878848965878,-0.013286456942414442,-0.00016909233689660767,0.0004620110551551691,0.002174994219105083,-0.0005100175034813332,0.00803096513740786,0.01248679414953561,-0.00024101529239916553
2023-06-07,-0.007786532917744066,-0.043421904903774046,0.008516449814360194,-0.012083252758880945,-0.03851401139852215,0.027018524003666704,0.00964217484934247,-0.0023223878353233157,-0.02812875755039846,-0.03135461594442201,-0.030872773019486335,-0.017110662633030325,-0.0064874829082936505,-0.003463722602534097,-0.00819378210750788,0.026151876060149317,0.003926814066832165,-0.01506183668089402
2023-06-08,0.015346768425696582,0.02460606952762862,-0.008516449814360184,0.013124733073092816,-0.0029430315692480853,-0.0008341885892612227,0.00028401068795629383,0.0061371506122257094,0.0037106740376280744,0.005796832957432583,0.027243895386239766,0.012336640090330902,0.0360686903331848,0.006030256187603458,0.008703799610989223,-0.004270726429324225,-0.000904941017030567,0.010772918148808512
2023-06-09,0.0021576111596923074,-0.006621468748440394,0.001367630002771248,-0.002688130119841765,0.0007366017671653468,0.0016379989827899856,0.0019877891913609672,-0.013020842531224834,0.0013973781312140285,0.004692874131822757,0.006728784678544869,0.0038156426356733136,-0.0013461424290932872,0.0017929204068803568,0.002376052968551806,-0.0055177974378645064,0.0003018185268516006,0.00495154740180655
2023-06-12,0.015517640740461745,0.025121316164936732,-0.004794664747778696,-0.0008792504640156504,0.011469565767556998,0.010274032073591375,-7.102793237261131e-05,0.033938403704204145,0.022762132054750788,0.015365355178120911,0.018197954391329096,0.016755749354340578,-0.008568283870894864,0.00903082174236202,0.01062321674653029,-0.009636701678716554,-0.00030181852685155005,0.021512710038232973
2023-06-13,-0.002615230156577452,0.0007108476079609743,0.00922608431397697,-0.00739483312084137,0.001535630818414045,0.008827138706796895,0.007208287922895244,-0.0004235856929675818,0.0009960305911382817,0.007325633499787228,0.03826388668587118,0.007654495049893707,-0.015518346788632795,0.0065712674741613426,0.00635336474553413,0.00470622101159446,0.0060169685305881465,0.0060539428894957744
2023-06-14,0.003485259608926065,-0.0018966774409432219,-0.009569371407822408,0.0005537743402144653,-0.0012929535840707793,-0.011983834414652917,-0.003738919291220501,0.007152117709425523,0.0074539641452900105,0.009082653532581357,0.04702201747717667,0.007241173841044455,0.010523983977820006,0.0011901437884311707,0.0013326207022931527,-0.010308616197601038,-0.003907113834622839,0.010260837244866238
2023-06-15,0.011136565620760064,0.005443175548084132,0.008548622355082325,0.007005982383036308,0.011416716321317242,0.003892747481426183,0.01124461752721846,-0.014436341091641549,0.03055091299418047,0.03139838749054458,-0.00803281398868582,0.011845605295948983,-0.001366375953923411,0.01232149017470009,0.011090096833866745,0.010926374219148499,0.01316249774282559,0.012794109144836885
2023-06-16,-0.005877167231089616,-0.012826801009232924,-0.0061475932700678455,-0.0015404017609150433,-0.012549423674947399,-0.004217964645740119,0.0011873483367979343,-0.013537208557767964,-0.0029494190801419105,-0.016714690897725523,0.0009137917695349705,-0.006312863282345793,0.010879516492456677,-0.003411984662975486,-0.004123825489093957,-0.001482948780915448,-0.0020825946681369274,-0.008280117853665633
2023-06-20,0.0004866041131624887,0.002308282311188502,-0.011023219249981875,-0.010404681043488588,-0.00348701112539371,-0.022690651792437816,-0.00510858079292289,0.0026570707966061657,0.011780887279891825,-0.012581275376401153,0.02580497283768897,-0.0014327083286027119,-0.04236361200162772,-0.005201694991795029,-0.002224164038548803,-0.02263631651034021,-0.007506404152281195,-0.006781141462126103
2023-06-21,-0.005691498339306816,-0.007581513078945846,-0.010445858004299143,-0.0014474699268161662,-0.020932440926341986,-0.017231426088373622,-0.001474421051058724,-0.013900962536537699,-0.009505921711115617,-0.013370976929336533,-0.01757031257258914,-0.013721207075258285,-0.019953159472603545,-0.005137068442481535,-0.005999996536903579,0.007881321910272203,-0.001206326233041462,-0.014907271335690956
2023-06-22,0.01639027240173034,0.04173475821321792,-0.02158240219801666,-0.009966480697039254,0.021338477424411046,-0.017032847515505295,-0.0194400666860043,0.022959857019521593,0.0114383097186589,0.018269506833936706,-0.000464757090289058,0.011729833555862426,-0.014986959730242713,0.0036033059539295016,0.007660225049436315,-0.013512190043652249,-0.00787639853508064,0.008126789017843888
2023-06-23,-0.0017127304865614855,-0.006320292959406817,-0.007538922871507386,0.0027534519339434175,-0.0065990061895724655,-0.01535620502612208,-0.00524397334323294,-0.01808571170773726,0.013424225220804071,-0.013902098039042425,-0.01914783533765229,-0.009963060368735328,0.0024324622219155574,-0.007588619045565275,-0.008161858980712998,-0.007212674611687997,-0.0042669746581828335,-0.010909514802165971
2023-06-26,-0.00758193319945781,-0.01558513561942593,0.012177850466382924,0.0017380933759117798,-0.03324226275974235,-0.007495207919204779,0.0024460244397918633,0.018827522670396956,-0.03618166822642306,-0.019349019187555168,-0.03807742176513697,-0.013496035476679864,0.015429414019910421,-0.004094407314197459,-0.008566504044818447,0.017808384018929525,-0.0021404259673854756,-0.0072007320340947475
2023-06-27,0.014947129265546831,0.014424567940817595,0.005325558649475167,-0.00460411859047838,-8.44424257059341e-05,0.003483667118018451,7.171676739337587e-05,0.04542760531969249,0.030346047084722345,0.018004909436357245,0.030156802973000916,0.01704803662049916,0.003820440430475565,0.010903889236391578,0.01090526921598882,0.00228279583325155,0.007927009234694372,0.01951702668913112
2023-06-28,0.006307779825348961,-0.0010843421189455317,-0.006037975159154696,-0.002310076023493695,0.015513318682866983,0.0006698818611793535,-0.004392060851839867,-0.010810573186410816,-0.006150249639748533,0.0038185719644956272,-0.018291126520293393,0.001949716547015122,-0.006695356942058868,0.0005041913090574656,0.0011672697522561873,0.010084912660018515,-0.0024323378239198756,0.0005852713673462944
2023-06-29,0.0017949388602412873,-0.008873661272556729,0.020801185851964533,-0.0010723394318449203,-0.009027182271250518,0.02962106425281899,0.0343273017303672,-0.002838085299536446,-0.013267264757269633,-0.0023849563146411184,-0.0072006886151494785,-0.002004789287804016,-0.00577483995502213,0.003933684727781618,0.0034939148101798263,0.011472761849901725,0.017202593067503203,0.0017545791719054795
2023-06-30,0.022839651770198092,0.01905113813636069,0.001046094406166259,0.006641221688667137,0.005025165502068932,-0.0017038091122416289,0.013916535899448463,0.0038965251112128884,0.01917350682053502,0.016252842262943885,0.03561320984390729,0.015302512312875771,0.008171162099050524,0.01173157819530492,0.013199386918639635,0.00642677575251252,0.00864010719876853,0.01576838748866079
2023-07-03,-0.007815151456375093,-0.0010745214685311468,0.01762022214038551,0.001121247777740352,0.0016694163993595948,0.0125396200013741,0.00801231586999942,0.012567258882399172,-0.003350859408335127,-0.007516303221260184,0.0026206199336546105,0.0023522978151985174,0.005727979399786133,0.0011498895935602698,0.0006553351719206841,0.002338118067267541,0.005620542344329864,-0.002130338252029749
2023-07-05,-0.005888586851834008,0.0012279637641415527,-0.004118172524160985,-0.003536277643963551,0.01531173088805555,-0.02028963619373501,-0.006684037700882995,-0.03503109823441006,0.02877570799819714,0.000473202257518051,-0.002265917160885524,-2.6971833700968348e-05,0.009474199660842347,-0.0014883693720549526,-0.0018034615087219575,-0.005546343021587451,-0.0020669905808863684,-0.006186639017822895
2023-07-06,0.0025055021089881216,-0.015614479950363446,-0.027895813925211177,-0.002984649764026069,-0.013561834758033454,-0.022274035287483344,-0.009935673731086685,-0.012132200277429051,-0.008117652004731711,0.009184521138295139,-0.005069899209497088,-0.007645194063298164,-0.018078473801513645,-0.007861450891039729,-0.007742349270943714,-0.022751111012081715,-0.00860920746261682,-0.0026714438082301385
2023-07-07,-0.005908601246527864,0.011001878790426247,0.008801356292580146,0.007473004815488796,-0.005259030444107816,0.006909215192001789,0.007859631654641193,-0.005052863282050621,-0.005012843539788004,-0.011938446768015828,0.009455421453529117,-0.0033256059118942243,0.016663102971752188,-0.002527836694477978,-0.003810581905627469,0.021267048116982518,0.0014895498259143145,-0.0043709254741724265
2023-07-10,-0.01091524122246807,-0.020630536429565062,0.004546313610240304,0.0007833887164984092,-0.025686956043698802,0.004116283138127283,0.005596100684561399,0.015688628417992404,0.01221301532993321,-0.016112675480938005,-0.007628453770204931,0.0003277758936418766,0.002828831015819545,0.002527836694477901,-0.000498329405267491,0.007767565378185832,0.004455737434556567,0.0026248109893190165
2023-07-11,-0.0028139976701678305,0.01289534927354112,0.012482750980691152,0.003740607755698653,0.005907783110851506,0.013838656644054472,0.01551777700512587,-0.01318324927386809,0.01414633577702473,0.001926826901300932,0.005320165721500693,0.004928220710482012,-0.001884967932080847,0.006348297998181769,0.0034817498604449455,0.021746578723187887,0.011785574500071025,0.0021531149158652224
2023-07-12,0.008945441146214976,0.015563949723523061,0.011647934443859762,0.013450555215707776,0.015165242361521933,0.01705650320946564,0.004939561829661711,0.005120635155075123,0.036374821426698296,0.014126686116723651,0.03469368204836428,0.012550866297082755,0.04383626160335874,0.00801387826964614,0.00791311999221155,0.009211159897177933,0.006423402244528031,0.01127146426607854
2023-07-13,0.004049329249643736,0.026406663898050423,0.010503318540130065,0.0007144446386035077,0.04609196844116114,0.006961059558359378,0.004848468123226956,0.024904205623984228,0.013071209957702999,0.016062259356618036,0.046181481840201974,0.016836432651384004,0.028045508892472388,0.007905398159684742,0.010129053948454338,-0.003817610350899299,0.003486213695921328,0.01296303820393532
2023-07-14,0.0007868867130121096,0.0028254136578632553,-0.019054725781670567,-0.0031917364290746223,0.007041041218080381,-0.0076046864434235785,0.006027225823736676,0.0004073316688912161,-0.014591924093724956,0.00750110890930768,-0.011110651605581657,-0.0002112427108871087,0.003505696904700156,-0.0006230258220823704,0.002273071660705718,-0.026771701025685272,-0.006692699124833888,-0.0014762716875642732
2023-07-17,0.0171575546459684,-0.008350743114511814,0.00991284665493458,0.0007163001287566721,-0.006158225943958699,0.00309157531729634,0.023817767524579606,0.033130390611673007,0.005649973496035151,0.0014184622869806455,0.021582498981682886,0.009295363501084971,-0.00306680163628808,0.0034662812215284994,0.006143981327422318,-0.001966173765272997,0.009588660237098643,0.01270377599583848
2023-07-18,-0.0013411914700515793,-0.005480667866621604,0.04326797707577488,0.011391151915954547,-0.007165676018376035,0.030312172645566494,0.001823815534448514,-0.006276726817863504,0.004593192096125662,0.039028088521638846,0.021990117440014553,0.008147413825457346,0.008737445389457765,0.007403005178267041,0.006426782768678758,0.010036607421559046,0.011215438483393365,0.011269303066374222
2023-07-19,0.007046809273456386,0.01886777143765127,0.026676784139140725,0.00016334311378929522,-0.014077241050106491,0.009678289293173018,0.00383242199152699,-0.02442936316490322,0.012610533035907149,-0.012343030876626672,-0.008818936841279918,-0.00023328910113748675,0.004773305222211231,0.002221376315053231,0.00015999671068923698,0.005828746891713381,0.004280051356535358,-0.002499687103116671
2023-07-20,-0.010148712040492872,-0.04071113790508541,0.005061778407747366,-0.005076251540707524,-0.023464089733442273,0.0298251184296917,0.01224223153411068,-0.03917254029006031,-0.043626723249363605,-0.023393210991505632,-0.0336325726553318,-0.02332200664413143,-0.01834914172631516,-0.006656557726850724,-0.009330749021484583,0.011676509736580422,0.007376048090318484,-0.02016736509369964
2023-07-21,-0.006180744189468578,0.000307687993656272,0.0091095336424289,-0.003069238517008006,0.006855511980429364,0.003130519803413715,-0.007714590642723289,0.013089736055159788,-0.027683539693074306,-0.008977354730414043,-0.026964021311636607,-0.003003566300480928,-0.004861915007131095,0.0,0.0008079093712871049,0.008817009456586533,-0.003397944585753569,-0.0005108201730709069
2023-07-24,0.004211249578229845,-0.009273613091557636,0.020734163302848205,-0.0042906650791519445,0.01250285705876432,0.0196095944098011,0.019492595023471684,0.024394175095081624,-0.009046535435643176,0.0038905506928977964,0.0068150138534642055,0.0015959897717784746,-0.010690514872732683,0.004457233189162964,0.004511719308903647,0.016003936919933483,0.009596690601740206,0.0017586684053901673
2023-07-25,0.004503379092467524,0.002558849307688174,-0.015432398121196528,0.0055524167407640206,0.00557970857571758,-0.011854942614135052,-0.007496324920802157,0.017390233996578713,0.009759862407805919,0.016865846071443105,0.02363586275180748,0.006754764210677084,0.012903445353952134,0.0027264268073132485,0.004971559228059402,0.005239592573928206,-0.0064815707905725205,0.011383528825412664
2023-07-26,0.004534660501742487,-0.007618281489535843,0.008054477013463512,0.0048672507195615744,0.05616237321921443,0.008030689602046469,0.0059760199997104975,-0.012177234773146445,0.013827311800985023,-0.03836399077784918,-0.004981748022815159,-0.003332036651840096,0.012738982015724116,0.00015372052251970915,-0.0008002186146962467,0.0003482674456119542,0.0059196742692403295,-0.013539633235331468
2023-07-27,-0.006602541632417944,0.0007800788687019062,-0.014294667220878224,-0.015836715414990758,0.0010050416485823583,-0.008566585197042034,-0.011090425536754815,0.08869783658562128,0.043068964784192365,-0.021093056559542186,0.009808226811306405,-0.002386583168768302,-0.035543467330504626,-0.006652082057490303,-0.006263616829028,-0.0064052292727043445,-0.012728286756015674,-0.0029009772836877477
2023-07-28,0.013417487449203552,0.030410134252966122,-0.0015662792058787974,0.007949707574281263,0.024277957193784297,-0.0036171211826265606,0.005688208633646131,0.027137402201419674,0.04322755314217266,0.022867749952141532,0.01834902676157765,0.018050854119315184,0.0094531013657787,0.009742838752550326,0.011055165386487044,0.0030330667548579987,0.001990577129299693,0.013522441394855212
2023-07-31,0.003160886775279369,0.0110572111941032,0.0031299172547501085,0.002690787072192315,0.001055428776568017,0.007446093500374794,0.006669435094321054,-0.0038477950911095216,-0.0213643847009235,-0.00726667644320204,-0.00044932134325346025,0.0005210630807166352,0.016441198488526182,0.001902140601944966,0.0020692350621758357,0.01880854766334227,0.0036866126177311745,0.002301676135773473
2023-08-01,-0.004284974274262279,-0.014998135236778893,-0.011946086341604087,-0.010418766955581948,-0.008854687433882005,0.005185111705583458,-0.004950514846251359,-0.0036115600096024545,0.012817513117581886,0.001249464192746467,-0.004761994288634801,-0.002322211391578601,-0.017786133857653083,-0.0028657823162528745,-0.0033447753864864825,-0.004697806690273348,0.0,0.0016804976052835286
2023-08-02,-0.015611331668090665,-0.026781097330387048,-0.013692296515787567,-0.004776993918500052,-0.024392434213534698,-0.018679560264103348,-0.011389147502373296,-0.04283767385572035,-0.026374329953674922,-0.026634642210305433,-0.04931826248293928,-0.022188345821334967,-0.024524430936539946,-0.014008364937610691,-0.015272388120618848,-0.013179486726191772,-0.008527860081277245,-0.02505231989364065
2023-08-03,-0.007348469401371401,0.005444917932495522,0.007028785081376351,-0.00033420291832367705,0.0005451178928439572,0.005850214231234848,0.006094708815425885,0.010846677538442984,-0.003569686018890554,-0.0025678819375151976,0.005541634512772133,-0.0016040055646724368,-0.005532556369236299,-0.002869920259256943,-0.0011346011913892916,0.010073802120827216,0.0005708300328321936,-0.0040834031121077296
2023-08-04,-0.04921152537724172,0.07945180513430172,-0.003508380451806211,0.003613876354074006,-0.0026503232979821208,0.00016999559362903394,-0.002112690194768374,-0.004191322067400319,-0.007885605573869968,0.003422537835003885,0.0036996796691005254,-0.004692612686212129,0.0013860333627021002,-0.004533067348292412,-0.00879621458511402,0.001381473861354547,-0.004002099088216221,-0.013693893445189629
2023-08-07,-0.01740401692499495,0.018808843040995626,0.01836095156599685,-0.002277988932518744,0.026345591767751794,0.006602712384508538,0.004731583627815043,0.02135031672922629,0.01858853068251052,0.007083261235264104,0.0163605760096794,0.008430994862992156,-0.02099450911646004,0.008690745973730627,0.007010673891980648,0.001149708262719383,0.01393844854487131,0.002800213265032053
2023-08-08,0.005297531592314642,-0.016161386274731373,-0.019319708613375883,-0.006361270240024672,-0.0009888749457828095,-0.02074460120917284,-0.005629229814801734,-0.01335879202898421,-0.012460486101244684,-0.012375240221002996,-0.016718568879369,-0.008538795902396926,-0.014723584693073772,-0.0043583917949902825,-0.002928757488279934,0.004929281996310603,-0.009080601279024674,-0.007720218522510474
2023-08-09,-0.008994707801278038,-0.01504759501753799,-0.013198235127027573,-0.00476956334967285,-0.013330480390643756,-0.016123273920515744,-0.013498665505870757,-0.014398786469828484,-0.024052250494077346,-0.011784947775176307,-0.04839405077229797,-0.011055434524808115,-0.004796190691134923,-0.006707618574482275,-0.007031436698564619,0.012500253380754237,-0.007439476929557357,-0.013001036334013968
2023-08-10,-0.0012353489619837236,0.005137245447970533,0.0025888064331123584,-0.0010691758408616784,0.0002313519375128847,-0.006704633953125076,-0.0014966495020231041,0.0004952041254612001,0.0017350218300158278,0.002169817459578421,-0.0039084718297168015,0.001846579027167315,0.0014413015826949588,0.00035895236612735624,0.000656406768800818,-0.00011291633377845091,0.000861398344815994,0.00011899867483536934
2023-08-11,0.0003374439755068387,-0.0010831058272496987,0.01124889829664724,0.0,-0.0010027931041241716,0.0009690618340697215,0.005779280632355303,-0.051447563989771954,-0.013500841926108554,-0.0059631666259435485,-0.036836098980902045,-0.0063961874835316845,-0.001441301582694991,-0.0005833187314669574,-0.0009844844136352336,0.015243538520191478,0.0020064397887259488,-0.007402219042438663
2023-08-14,0.00934937158016828,0.015485316080358403,-0.011572033628594198,-0.003045220530389694,0.013569162265592244,-0.008814130293339337,0.0020696657469228656,0.023091400187751528,0.014971419117387703,0.009394674616891493,0.06853088063179591,0.011159587535808728,-0.0038535657754703747,0.0055049227872889135,0.008499537279363032,-0.004236034885541007,-0.002006439788726095,0.01581210874039734
2023-08-15,-0.01126349683967803,-0.020846133672850414,-0.032531046152356316,-0.0026580037072091345,-0.01187251577196736,-0.016508993158902023,-0.025786834499156332,-0.01718817750649455,-0.013944332184958488,-0.00675046860299036,0.0042648294931473775,-0.010668090945922228,-0.0024160068672957127,-0.01171724399343454,-0.009649360711928867,-0.020996212934618615,-0.01853526586685616,-0.009897697445677903
2023-08-16,-0.004971380123984906,-0.019066286976507706,-0.02194942075248761,-0.005792775189194925,-0.008356571462034027,-0.00937551350316101,-0.0042522029197708255,-0.014653219125295885,-0.025695923855193797,-0.0024315654542921904,-0.010385895709350888,-0.010645463312097559,-0.005335962773325072,-0.0073653353512909275,-0.007588325321521268,-0.008707699171589598,-0.0014626511826300382,-0.00957587030923011
2023-08-17,-0.014662253426542057,-0.008102713606702033,-0.00034141152342666547,-0.0015390561619561794,0.009434640319841352,-0.004842734094103103,-0.010441193194556986,0.0035061242120964734,-0.0317604071868854,-0.011046731602518657,-0.003270904907224261,-0.010982975964407638,0.011605535416091326,-0.007649020755429081,-0.006312251771370656,0.011896756251046046,-0.004989007100483147,-0.009546883595853518
2023-08-18,0.002812272854329708,-0.005688597043229265,-0.005822955213801609,0.0001711135895520659,-0.019116225171946596,-0.007939444061465946,0.0022849370951400667,0.006730684647788397,-0.006475164707774939,-0.0012630914549310115,-0.0010388100620450011,-0.0012556104132237498,0.003359811274047518,0.00048117963061039564,-0.0005000453231755991,0.009844584116580363,-0.0002940405669321647,0.0015167934488514731
2023-08-21,0.007706947473908499,0.010899633762398327,0.0013730533630678325,0.00273392964256731,0.00711402171314839,-0.008871790084202464,0.0034173747226933023,0.024657609768898907,0.023205976342595913,0.016918723388668788,0.08131576585638266,0.015982892066977058,0.023207281364967268,0.00648523112127287,0.011438187375310587,-0.00632563115710116,-0.0011780846192424265,0.018915218644485483
2023-08-22,0.0078740140444164,-0.003197806521519639,-0.02465829461199521,0.0016481975934526548,0.0055158108493584285,-0.010205400255135048,-0.02095641930455474,-0.0036227223608208217,-0.00796535006080459,0.00180002720207571,-0.028047471802374938,-0.0014299561785863244,0.004670651874008071,-0.0027123216837319493,-0.0018146389537707036,-0.007735329750178377,-0.009473198407115508,-0.0011305673067995112
2023-08-23,0.021711214162425534,0.009415529041193322,0.00035170936613810856,0.010113328144583607,0.025168545542113674,0.011043263124701554,0.006740399164537405,0.016759798941766428,0.022825202437856375,0.013981343654095781,0.03121497586989908,0.01564539468798026,0.03794749393071992,0.011076180269554483,0.011981962219304863,-0.002515359771959231,0.009767820349351431,0.017883175885763665
2023-08-24,-0.026519073924446263,-0.027530224045928062,0.005957494657348463,-0.0002248455933195227,-0.019760221790481227,-0.007379917034027532,-0.0009505798905677112,-0.03322597109803173,-0.02578497290229275,-0.02173309261946164,0.0009968671469807306,-0.02160752145632436,-0.00810816599665181,-0.013956053208449988,-0.01512427963624752,-0.00689251012936179,-0.003540733917092405,-0.02331722570096513
2023-08-25,0.012563953787303583,0.010713027528748599,-0.004201662177809996,-0.0012941233726573686,0.0007701339168152753,0.0005936438729782531,-0.0012230147057669693,0.006595116253270192,-0.0043687191177457976,0.009363258102836168,-0.024576780813620292,0.007721795762728567,0.004962730834764236,0.007025245561584644,0.007590764503996323,0.009636286128092458,0.004718237161031004,0.010127537974762223
2023-08-28,0.008807261035464323,-0.0009008643247144191,0.009081416081369791,0.002867238875764686,0.008662518061529014,0.018015945630876613,0.003462247265714631,0.00912086254763391,0.016534916284777625,0.0022266203695061443,0.017598048608509387,0.0074989995375658565,0.0,0.006321360179539393,0.005737185627030349,0.006713447842412518,0.005574254349147504,0.008146367203015242
2023-08-29,0.02157589811447382,0.013206715007284348,0.014155297279179978,0.00972069237763269,0.02681112510544416,0.01998478220715416,0.008099385624434047,0.02713798538270058,0.026283024984940884,0.014445922581804082,0.04077147777408559,0.021604665120854967,0.021812562494279257,0.01435117866744139,0.017016794978528045,0.00271789056656604,0.009029133910215034,0.01984997857020809
2023-08-30,0.018990825066797074,0.00118530020246871,-0.004466649677943349,0.002498750315822613,0.009687699974106328,-0.0037061027089723454,-0.0040416023502994015,0.0027419487264526937,-0.00974562986055547,0.0011562150442998597,0.009791136887161144,0.005561359661868113,-0.006183738495482204,0.004110378991654698,0.005928102165692535,0.004963944854796254,0.0005795335402588248,0.007522072783694121
2023-08-31,0.0011715616388422935,0.021532889699268778,-0.004523977650990966,-0.001665111347163996,0.0021318884067826407,-0.0026513246829618685,-0.012428321922772842,0.02285322308042576,0.0026733611643479597,-0.0031375901281003107,0.0018456052160772177,0.002993942121415472,-0.008007173957486602,-0.0014644551567921619,-0.001598650065504978,0.000674962333974969,-0.0037742607889989046,0.0048505773431710515
2023-09-01,0.008427738214282159,0.0007967306725371615,0.010754538338917615,0.0004997991755412262,-0.003752533109839657,-0.000946421561181417,0.0033429898184774744,-0.0006268244476708765,0.0016547238226166333,0.00274233277583519,-0.017289840801680324,-0.0010589189410040235,-0.009874376281121158,0.0018634100627396785,0.0011193606429812653,0.02026111258930122,0.00897626818305535,0.0030694566656907845
2023-09-05,0.001265945831375288,-0.006173016781758742,-0.011452289672891145,-0.008195174622491511,0.0008107639785670732,-0.011210886094087493,-0.011095430899215409,-0.0016965146357424447,0.012639886106061359,0.014768722190367057,0.0008037593111947246,0.0012704369766998879,-0.0265097754752926,-0.004331380019260998,-0.0011193606429813201,0.005275943691523753,-0.01014029017823813,0.0035691214709617203
2023-09-06,-0.03644957525331618,-0.014011920021062172,-0.009116637679508802,-0.004544556063018457,-0.009695587207394845,-0.008125723397284325,-0.0016541015307572167,-0.00648523624446435,-0.003270314343509264,-0.0020106164823404426,-0.031025979169215862,-0.008846770180276088,-0.01634406599648512,-0.0067450980083196286,-0.010131158055587735,0.0004385070686994752,-0.0005826356403660132,-0.010631449346111162
2023-09-07,-0.02968555235458471,0.018228281379293984,-0.00920029969557615,0.0010678794784509471,0.005932091671444622,0.0025812855949919984,-0.008590974417332427,-0.02846641851517313,-0.001672541529341038,-0.008962073224723473,-0.01757779286400136,-0.007177317670776508,-0.008985661713521812,-0.0030747825240834002,-0.004535901758950844,-0.0009867742527694108,-0.002625952980265833,-0.014566060399834876
2023-09-08,0.0034855498223956864,0.0027527518216119884,0.008143088672231086,0.0003369702787594387,0.008246295328794105,0.01099663753518118,0.0007652038067001501,-0.01162323605128741,-0.002615300385992162,0.01312910532705046,-0.014573291872575563,0.0013966191263708628,-0.0019019981333787603,0.0015048164159544022,0.0014602832327185486,0.00960599060987169,0.0020428614670002067,0.002085572417791398
2023-09-11,0.006600743366356301,0.03462479564658769,0.0042223681026935,0.0018513951035425602,0.003951667615247498,-0.0026762814192905836,0.004370510470988896,-0.007804621453504723,0.03194606976097608,0.010919170998673665,-0.008683202199457016,0.011713891352249291,0.0071140740280942255,0.006555164988900833,0.006786245667303285,-0.013232241131561477,0.004653967508837611,0.005195293756328452
2023-09-12,-0.017207985320773805,-0.013153992385327589,0.017058687349435928,-0.005169992663578624,-0.0116067869363243,0.019068770352608462,0.012929887676352914,-0.013664536509462066,-0.019369750063552064,-0.018426394484172517,-0.006841083040095613,-0.011150547744572734,-0.0014188078686102948,-0.005500666789081585,-0.007435011215206313,0.02328481001372962,0.0066520498230322285,-0.018302308547549943
2023-09-13,-0.0119254468463014,0.02530902952298205,-0.0031114679581423672,-0.002312682045193072,0.010071951103010124,0.0122545429662695,0.00047834884869858935,0.00909002225322835,0.011208053413197526,0.012847830880033266,0.013613443388250423,0.003802020086639188,-0.009510240871649442,0.0011653379483298786,0.002430483226087223,-0.00755713608343801,0.0,0.002518276487619569
2023-09-14,0.008743955612005682,-0.0008979168301894522,0.01101944451455191,0.0005080950731221542,0.010116019154924445,0.02822639023654664,0.019211853423841702,-0.0033915294228445783,0.021596707990961687,0.00782529336411011,0.0021083415625628033,0.00814383991418066,-0.009601646673186854,0.008585367569750917,0.006934981885263892,0.011635680229529679,0.009182453118653996,0.0072265499863486534
2023-09-15,-0.0041623770720443706,-0.03037658988565322,-0.012405557865102482,0.00658210689497754,-0.005081775977218124,-0.0059088227874559895,-0.0029524533728040527,-0.05209306050151614,-0.03729000592098311,-0.02535578110621226,-0.037576715092949256,-0.017271208960860287,0.01816498640763631,-0.012121465766840131,-0.012941028703716464,-0.014565674675574273,-0.005154564977555393,-0.01940780381616071
2023-09-18,0.016771885101421538,-0.0029247348968620985,-0.0027777923793940087,0.00587038313631886,0.005878220704497967,0.0022744908781897845,0.002080995044482037,0.01992506152450272,0.007431095710663359,-0.0035191362793023707,0.001502425551165961,0.0010420065653564189,0.008960146123484742,0.0005862443868422041,0.0019414377308026164,0.008438368282960901,0.002736003270173057,0.004794475898021942
2023-09-19,0.006161972013447656,-0.016930564270193287,-0.0038318330611885605,-0.0009480950413542692,-0.0012310150477070016,-0.004174001609217091,-0.0012747274120695142,-0.016656458623468845,0.008295069973231197,-0.0012468815392555818,-0.01019613329407161,-0.0021337496114747626,-0.001409386162915251,-0.0020759759240886132,-0.002121096802225529,-0.009380445906563886,-0.001151089122380862,-0.0005316978093519303
2023-09-20,-0.02019484621140244,-0.01714838747973992,-0.0034967177374641435,0.0007251297423292754,-0.031645678366094034,-0.01529667120517684,-0.004239273254585533,-0.010112480036408236,-0.017859444871803763,-0.024268813451559706,-0.029876654503509126,-0.014515088853237849,0.00328560229022039,-0.009235841940486673,-0.010837506339571236,-0.009358653215540408,-0.006934499439005999,-0.015840218222619527
2023-09-21,-0.008929420427820621,-0.04505328140436448,-0.01766822294806227,-0.0072748111459232075,-0.024984380423127246,-0.019372667610751817,-0.007852842496360537,-0.013781154722481164,-0.013235235485370462,-0.0038731582186251673,-0.029357431876123146,-0.01849469138566153,0.0046751080880744365,-0.016666571756081414,-0.01681547683155079,-0.01381180998394098,-0.016664644042859587,-0.015363532831655667
2023-09-22,0.004932440540343997,-0.0016251248796010811,-0.014724580451855726,0.0031961900557462815,-0.0014578155901244212,-0.0071415557025076805,-0.009628953542976893,0.014184942181114352,0.011264420022947058,-0.007917988858626508,0.014354022531627932,0.00013976279723148396,0.006508595182583239,-0.0022510212820298775,-0.0008398984145044038,0.0016809532134085686,-0.007694689032123713,0.0021310524543184527
2023-09-25,0.007353254083973802,0.01651413665688319,-0.0014483428593599715,-0.005163898932470834,0.006581342755128879,0.0028933966548605416,0.004928561967217821,0.002387664092607156,0.005834071242175644,0.0016706369412898044,0.014600886870953126,0.004738627312363603,-0.01776573862891176,0.00419641263886347,0.004861360791329335,0.012462641412386713,0.0023739090406497284,0.003218560177638877
2023-09-26,-0.023676462857025078,-0.04113311252209692,-0.01570228141294559,-0.008023084937964609,-0.019563346881763925,-0.015383742255851705,-0.010433245893221896,-0.023790599883885356,-0.006235532079498697,-0.01715205589835097,-0.0073930154991274704,-0.015130264065871035,-0.011385401892575343,-0.014800218495059041,-0.01397671067480602,-0.005766942904816261,-0.013426785569155088,-0.018170697577390486
2023-09-27,-0.008937386416508772,0.0,0.003673771283699849,-0.012443751217319037,0.015206176278412802,-0.005791410749694992,0.005848021783399451,0.012984617334567608,-0.004089195519784558,0.0020801249024456916,0.01320242178859169,0.00234060526759667,-0.012482078644799628,0.00039891094958567993,0.0016941917660416735,0.024608581737660132,-0.0015032734048814043,0.0015422077677395805
2023-09-28,0.001524528640919911,0.0,0.010578287345685392,-0.005009715204337903,0.013467861118271316,0.010044254214785138,0.012339256923033712,0.021911000126425755,0.020675597726701665,0.002713925519274694,0.014516833812972453,0.008330498493102259,0.0019304546373117692,0.005780761585175118,0.0060759821816893335,0.0010844479224456378,0.007194396942472338,0.007064251287557543
2023-09-29,0.0030418316334005205,0.009008352994332738,-0.006552637038297199,-0.010328505518099336,-0.011019694483433718,-0.0050250012449358904,-0.01756641557035309,-0.0011958499646899934,-0.012413862149373307,0.006704837383103083,0.009470211451248127,0.0007257302286800501,-0.01947479364333615,-0.00242982844868122,-0.0025272069737697434,-0.02036876547688264,-0.009302472418880525,0.0034218556179939985
2023-10-02,0.014726545837252735,0.018240461143240686,-0.025149178200549963,-0.0105542058560987,0.02497983789301311,-0.01579316560696811,-0.00865670251441971,0.006535909096906666,0.02177912797601899,0.018979627637106967,0.029068263024343316,0.008311261171211557,-0.04628593133047046,-0.0003977235590850416,0.004712281324019682,-0.020114544597019588,-0.008477145435118323,0.010679083287323464
2023-10-03,-0.007800284011901331,-0.0373007704408456,-0.030034753544213484,-0.002892421000056923,-0.013053576561237708,-0.039645397774001966,-0.0074003882377029016,-0.020449248793127896,-0.019350487876090314,-0.026481879087575075,-0.028654571831851012,-0.017705578352805534,0.0010293597125860454,-0.013476583728502028,-0.013182577363073735,-0.0006774686784981394,-0.015936729875453325,-0.017104733633728386
2023-10-04,0.007282035119327294,0.018115851921521226,0.0011572775772351253,-0.00011826350756014561,0.020996821249988105,0.008068995396173072,0.004474580391153035,0.022823967192892244,0.015300735657612466,0.01761723704678063,0.011969312216028092,0.013516785679374121,-0.006709757721018669,0.007255634080060157,0.008301710445602439,-0.031905304323469164,0.007386925077296589,0.012386219215286026
2023-10-05,0.00717232313256448,-0.008222697494164894,0.004615296661297662,-0.0018344684108627424,-0.0012578387483839092,0.006137913235834643,0.004207593227148485,-0.010411602190062928,-0.0025886802740835995,0.0012533743331124528,0.014584108099466522,-0.0029506686402774227,-0.0031120080495803657,-0.00037692768495849405,0.0005059332095498771,-0.006200073031718048,0.004589430154518467,0.0013329743107883347
2023-10-06,0.014642764433193877,0.015753318962097584,0.0003837649945326787,0.005139851922273756,0.01841240884862503,0.0063565390079194425,0.015278271109468217,0.0036365021444444297,0.034313891931646676,0.024435880339069675,0.02374913349073444,0.01661665643069405,0.02462923609932792,0.011802897995405326,0.012068691262502181,0.005966726272887909,0.008510641933644657,0.018539599133930905
2023-10-09,0.008415770337474192,0.0023417029658428425,0.009163753627137694,0.018218478536943455,0.006086977497093782,0.00041588352964769856,-0.0022770073428249916,-0.0006687712442358716,0.009245868719346255,0.007792139873120466,-0.010743320972192648,0.005087105924260137,0.01658745907765608,0.006381831896792151,0.006973184146636774,0.03281611976079742,0.0006050889187728079,0.0051585845608492905
2023-10-10,-0.0033579178445316453,0.00946698516860395,0.026258210171938134,-0.0016795054754092334,-0.00260410539204371,0.006885955151757201,0.006060240729823554,0.010601682324257651,0.010871735531647287,-0.00434499122374437,0.011529641405998116,0.0055226048772433235,-0.003996005601464775,0.005191440183535861,0.0034685378923679003,0.0012410217787341255,0.007233366880870021,0.0015364922613194272
2023-10-11,0.007872933789124905,0.017986831598422272,0.00037004437200166665,0.007276507826110017,0.01787481592329779,-0.00557520800677184,0.00342703702024302,0.011519315009962183,0.018410349632031812,0.012197134267516115,0.021770935819903168,0.007110070383582481,0.009960279738835103,0.004087869862547289,0.004770074605326277,-0.012935544548265563,0.0015003882389259967,0.00922797313909775
2023-10-12,0.005048528579068634,0.003785588962598881,-0.004451028564613866,-0.0030543103873241243,-0.01130520625272249,-0.010178789149430018,-0.002329230566255272,0.020406551234207287,-0.011227734185181241,-0.0037975615682350095,0.0029653401787302905,-0.003481400773852785,-0.010961805032934244,-0.006115182257597862,-0.003287151245587977,0.0011413579523382132,-0.0063169343947285465,0.0009356493679596182
2023-10-13,-0.010346068027745908,-0.019381108651019514,-0.005218018263782632,0.03164231938177581,-0.011652861194405196,-0.0017765003280988617,0.01490804170444765,-0.015137769547423652,-0.02964902710864785,-0.010411535635698034,-0.03212198334577617,-0.012649370328820393,0.0402607936994432,-0.004993300311672397,-0.0049514612521061535,0.021778090701709718,0.0021100418150378497,-0.014424313837366103
2023-10-16,-0.0007271962007747997,0.021042247787508333,0.008558202021492458,-0.004876800474351656,0.012587895110754489,0.01632256762568032,-0.0010140032837376034,0.008612488813989223,0.02032017521697395,0.014870829681810114,0.013849822065475805,0.011243096945870132,-0.0048239543173790615,0.01046649174341024,0.009714293563114944,0.006674841126664578,0.010483937181420627,0.00956099390405356
2023-10-17,-0.008823501349527627,-0.008181257764936053,0.023073796056531537,0.0018525567250013085,0.004447293841317154,-0.016128923833613373,-0.002166802473735255,-0.0011533455409325718,0.008835246894428786,-0.0017452659061878496,-0.04792497528810918,-0.003281024680592866,0.011538578446382624,-4.5851631421735487e-05,-0.0021321964949854518,0.010368374272869343,0.004756410175946125,-0.004650884234503714
2023-10-18,-0.007422379818946551,-0.025733286363791553,-0.011287457707862998,0.014367113783494704,-0.012676759158519303,-0.02421078988968772,-0.01104144242499717,-0.01193334958224748,-0.02193634769363316,-0.005889810736053217,-0.04045414048490093,-0.013204523272690094,0.0014330399416435829,-0.013414727071155982,-0.012558068331653183,0.009066673172830378,-0.017350389172404678,-0.010321030035542786
2023-10-19,-0.0021634343314354118,0.00210493209093831,-0.012898568990888225,0.012199301049654077,-0.0015232570798167924,-0.009215746142131668,-0.004258412422621123,-0.06478769906176453,-0.01321100904636743,0.0036589424200042186,-0.0022538205261367888,-0.009400879544300906,0.007608207987836562,-0.00882524265371268,-0.00985902398072997,-0.0017413942280777696,-0.013365748328528616,-0.005740590910293463
2023-10-20,-0.014813258771975773,-0.025477545009301914,-0.024405179094816185,0.0027271753020748097,-0.015730916197685713,0.0028701875948820023,-0.016236866496941987,-0.0026615733052034463,-0.013388277645538483,-0.01413443007940776,-0.017104759029701818,-0.015030552330387392,0.013644013428977081,-0.01236412544492936,-0.013524933932961171,-0.016917858771569507,-0.0154086965825869,-0.01705498276769113
2023-10-23,0.0006937870511166659,0.011043686017449744,-0.028529259734993345,-0.0033827788768209456,0.006615136383139471,-0.0027699272311662113,-0.01373504385393436,-0.0012834721044047903,0.0172170902977576,0.008079552468794677,0.0376517469115003,0.0030131269448833795,-0.016490380317882285,-0.001734615026357964,-0.0003404402159275347,-0.01630774925471244,-0.006230541663092221,0.0011582726617157077
2023-10-24,0.0025400726063403364,0.01567921771001468,-0.0039184981936742054,-0.00010933686369138149,0.016781455818237336,-0.0001337547510320351,0.0012049646818867727,0.007377929348783807,-0.004660595130443944,0.003667515222467031,0.015882417919683017,0.009680971900521715,-0.0014261366579008485,0.007510984442105683,0.006618457516447531,-0.014176731544439668,0.006851595378696524,0.006861435960247625
2023-10-25,-0.013583512724400549,-0.057387204557163146,0.0031361212374559785,0.004199991317574014,-0.09992417032960069,-0.008121705854748935,-0.005469377138110469,-0.03483717139418852,-0.042549636867516075,0.030216924005580893,-0.04410704208181026,-0.02478031863032965,-0.003813156279759781,-0.01445616490507655,-0.016887334683405298,-0.0018290960946740467,-0.003731503004493919,-0.011870134556232726
2023-10-26,-0.02491331784542926,-0.015106526502479031,0.022063958365074722,0.00157720800379265,-0.02686837707040216,0.0007747319953761746,0.0025607833035280986,0.0030639303437352975,-0.03803968993349149,-0.03823613664125111,-0.035397575030448006,-0.019251223884236085,-0.004307264405854238,-0.012046806235743003,-0.015778306061467406,-0.0078116775891966415,-0.002183023480468562,-0.019289435490064205
2023-10-27,0.007937835931768375,0.06609496003096194,-0.037048633585928616,0.011562693424814757,-0.0008999964292953785,-0.024127755187234843,-0.03668331837155225,-0.0018986897736117906,0.028647642088004938,0.005838464499706435,0.004305628944966297,0.004789610543525953,0.01570338804121698,-0.004543071342799582,-0.0035013664708560795,-0.024280388749568692,-0.018273950003672407,0.005788759337741053
2023-10-30,0.012230071038913907,0.038169415629497834,0.020449055683255925,-0.0056565149769635704,0.018570958580929144,0.0369744669316555,0.01266894639666755,-0.0008909480752417703,0.019787505984849598,0.022485770744795647,0.016189314075602937,0.011202503866941728,0.007525898441992864,0.011884683307855522,0.010120281417883494,0.003303165009323816,0.017649211014190612,0.010680304267347162
2023-10-31,0.002815003888803207,0.0028592165427562357,0.02498687233261604,-0.005471503988171267,-0.003057855251748503,0.00919853141761908,0.011863726824094756,0.008056671945807793,-0.004603203434161743,0.0023687804539917335,-0.009299526323871436,0.0047708270280418475,-0.01701367187482942,0.006260755363796964,0.004158086997861697,0.003291998520490312,0.01087489405248047,0.007097646129969275
2023-11-01,0.018565238853260547,0.028955362245697565,0.002275497096549293,-0.0031556165767174377,0.018920316165244658,0.011625207566797139,-0.0008635671187116525,0.03086747751512823,0.03451532705304625,0.023269800313166424,0.03718638873920165,0.0172079235143193,-0.0004767689794552799,0.010608301333944867,0.012200528802809208,-0.0023504185484480413,0.0064685824448706105,0.019143751072750705
2023-11-02,0.020481940066094335,0.007779930147075702,0.04517609259321161,0.0033185604405963163,0.008190989204613155,0.02125948735542529,0.01769211254967138,0.027027296939019667,-0.003147524343735745,0.00648056347559724,0.027520596390546114,0.017990450679082635,-0.004780050868107644,0.018983157625556784,0.018780633626699753,0.02979081402446087,0.023365978908999656,0.016786146174624695
2023-11-03,-0.005194712636441005,0.0038312748175106013,0.02855288511651043,0.0036323164276059108,0.012549481797337734,0.04322585929064469,0.011110701229026023,0.017179360832195532,0.011927275276173356,0.01277952252346523,0.033874798351407054,0.01168031300976747,0.01663133952588658,0.009081958686878805,0.006848903998469441,-0.010101191483491444,0.013111031308652241,0.010240879511667546
2023-11-06,0.014499662666551106,0.008191461641482902,-0.0031717784159501316,-0.00782308105070571,0.00886819256565539,-0.011388725551320335,0.007523846886583728,0.007807560174360705,0.0038069720098282043,0.010517114956158265,0.01643998989719799,0.004071122443142543,-0.006619380773520128,0.0022977311270342814,0.00465025883432841,-0.011370479478357442,-0.0029645125186425867,0.006557451901768471
2023-11-07,0.014347325107277582,0.021031053723631822,-0.006018836637522049,-0.004153745714032089,0.0055128294231164415,0.00012354344982947203,-0.0004861043529261475,0.00345219271697324,0.009517789051214535,0.011156927045913607,0.004449090042886377,0.009408204489066263,-0.016742815688400123,0.0028419170545375735,0.004628925930974136,-0.022419630124405465,-0.0014857944082505002,0.010872384345386689
2023-11-08,0.005867741536606465,-0.004424354026475328,-0.009634382677300674,-0.010017653470627112,0.006620665908680231,0.0018814018879137067,0.004918340302064526,0.009807380036496286,0.0030064497366462375,0.007378670364910841,0.013379808819509452,0.0006437377784714503,-0.0038666034315727725,0.0007322792326439126,0.0023063887398467554,-0.01260907780477749,0.0011889535108464003,0.005648418724602709
2023-11-09,-0.0026279561001748336,-0.010471269344291862,-0.012991831996196506,0.003975057413790778,-0.012210157025728152,-0.011714967275960197,-0.002975562339585236,0.004129923254885985,0.0024050207767016196,-0.006935034132955795,0.008040575207889014,-0.007725474199607567,0.0019352166358746752,-0.007829376251478714,-0.00875947904606,-0.0030255502552478243,-0.004166826476513319,-0.004676142188650506
2023-11-10,0.022954461403077202,0.02083402648617425,0.005433882006105328,-0.010969699953245399,0.017882740570695485,0.014637907228795736,0.014722184451555285,0.05267407404921654,0.02531999086510933,0.024591972607567115,0.0290729125828101,0.022233489582087075,-0.01706111944752918,0.015484390987360569,0.016953472953666116,0.01096979282545255,0.011269375451544902,0.025786409630406393
2023-11-13,-0.008620746627762847,-0.006779695661997966,0.0007222673632782274,0.005555261386915847,-0.003778222405594014,0.004291425927429358,-0.00444897785380846,-0.017662105586561883,0.001276916695903186,-0.008121179160341352,0.005879045674040222,-0.003123469411368012,0.004415025644883836,-0.0009537587885019063,0.00016320963623900488,0.007167624665141418,-0.0014757094171389063,-0.005866249912794837
2023-11-14,0.014184673803600169,0.022262486894446033,0.05342087934453635,0.008879636186604733,0.011516426502203515,0.03548908826254393,0.01808223306506814,0.03141258039364004,0.02139811978536517,0.009742873489786311,0.0210840734625803,0.021298020014509915,0.03558066498348402,0.019215047304510194,0.015544453542697076,0.008887785958905789,0.018725110388942565,0.019805940455271592
2023-11-15,0.0030363249700957017,-0.017993607290294027,0.013596464628125972,-0.0026390807860946154,0.0074560692136756935,-0.0033121232293117646,0.008719738139543584,0.004278946216351178,-0.010762088541075172,0.0004057687759113258,-0.01558711418211006,0.0007523635044992062,0.013139592191653653,0.0021147406341822175,0.00032130664645831715,-0.0018894582455376645,0.005492069800708747,0.0012627682579866258
2023-11-16,0.009001502162645624,-0.002587108521031568,-0.0027044753523906622,0.011222864579353571,0.01701394323545985,-0.002758489655965404,0.011355046477726321,0.0036330863536435305,0.0044383594524567875,0.01743053147994097,0.012036517388820295,0.0008554027551593544,0.014348751563910436,0.0012222825819805361,0.0020857940119499165,-0.01969602898424566,0.00402765834141526,0.004980059237251634
2023-11-17,-0.00010542559492660675,0.016319176713110995,0.01478517983812987,-0.00010890827769753537,-0.011901399966612798,0.007457281086420017,0.009005366495529304,-0.00014314374912128126,0.0025405165351736767,-0.016943675102062045,-0.0036848906126611203,0.0002330115607225163,-0.00045967497151545617,0.0012432102979634196,0.0,0.020759428999101544,0.005154468412913541,-0.0020765020377038973
2023-11-20,0.009235407499710717,0.006522368493262836,0.0010001797423993398,-0.0016347162383040547,0.006923006998197829,0.0007661340558633609,0.0030707628234905534,0.02650450965830836,0.014607414057755355,0.020314153086853182,0.02228610433981822,0.01210144136115476,-0.012491509205187244,0.007668066175206607,0.00861801124606067,0.0014159472457520802,0.003991144295204828,0.014392824085946386
2023-11-21,-0.004239683143952575,-0.015378098422388055,-0.011731316042127881,0.010740019593542038,0.00527058814091554,-0.013285616565494382,-0.0020897207079145935,-0.016516495675438173,-0.008833847096468221,-0.011645529810285904,-0.009267369502988398,-0.005826259983380338,0.013410647944220297,-0.002181747038093474,-0.0007948409575731232,-0.002242884056364896,-0.0005693827839087386,-0.008121561596541572
2023-11-22,0.003508101453630796,0.01933932343605667,-0.0010119882352455003,-0.004271361889171939,0.011036067249718059,0.010896488445331094,0.0023506027502083714,0.014163635643536437,0.013294725332257082,0.012731175535536793,-0.024895025485426114,0.004084428757932837,-0.004604077204741012,0.0038534116931485942,0.0026999101901786495,-0.0004727866004537503,0.003977537967422455,0.0044480319477091124
2023-11-24,-0.007028796715076937,0.00020445580612358505,0.003369273536213463,0.005188115339681599,-0.013082553349342742,0.0015050018531738844,0.001368541464731764,5.57195218712932e-05,-0.009592084998692239,-0.001112211837675851,-0.019483926975285643,-0.001410855716530902,0.027311682755462616,0.0006150817231596858,-0.001269663350278286,0.004129518365739014,0.003114083231146865,-0.0019503463028895695
2023-11-27,-0.0009480122300994482,0.006723903692254734,-0.005734592612425435,0.006715220224108336,-0.002050570010642255,-0.004255199771454945,-0.002282189402216947,0.006875219004450064,-0.010491584396717988,0.003121658296079791,0.009706610083678263,-0.0008732864258921112,0.012937901132643448,-0.0018025979338506571,-0.0012712157620055164,-0.0035385700330376525,-0.0033976529344797403,-5.42586636812667e-05
2023-11-28,0.0032088021761820266,-0.00474961512561893,-0.001015276157403954,0.013243765854618068,0.005774542319718902,-0.00017748211512224214,0.002282189402217008,-0.01683406320783959,0.012735894383051368,0.01074461614336807,-0.008765176777080193,0.0026174159637689775,0.01583149221815389,0.0009895332625280554,0.000317986303242488,0.00023628158615747179,-0.00028387528903174846,0.0018962961523441057
2023-11-29,-0.0054241418940854545,-0.004840585148378569,0.02607099243553849,0.0014783465644929395,-0.016238866206925853,0.01587804783545861,0.005067400852065534,0.005054866905062131,-0.02023347687256495,-0.010110930895852372,0.006648598511696894,-0.0009743323499561547,-0.001746765343429887,-0.0007035336481221785,-0.0020685971272165252,-0.007470116059165877,0.007067564408648489,0.0007574120607123327
2023-11-30,0.0030579894132548883,-0.001573209061844679,0.01387077580910186,-0.004176660491012712,-0.01839166541240735,0.0037548726411782327,0.011340182730811922,0.0026992742135810203,-0.01531823618183044,0.00015829714258370852,-0.028871515550371762,-0.002517212988621736,0.010867310128203213,0.0039296896029246825,0.0017506108239740913,0.006642886140306895,0.011204471350116785,0.0014593206345528379
2023-12-01,0.006768288640098551,0.006413794210223246,0.015297186027309758,0.0171240372669512,-0.005068259497397065,0.019972525664903956,0.0048573868292903066,0.008567606698416245,-0.007147696787095545,-0.011680156488050783,-0.0001068462184780632,0.0028506210644833182,0.008609642803112707,0.005898477564019378,0.0036505060179710023,0.005188496508516613,0.007492594580743111,0.00226574623566802
2023-12-04,-0.009509663244721486,-0.01500697967354326,-0.004532201366015068,-0.021850417580745678,-0.019837530375783605,0.002751387042713401,0.007305696534926488,-0.01678656941716098,-0.014887716730884825,-0.014442672923405364,-0.027203075503863847,-0.009326713759890755,-0.038004174215405605,-0.005263193748307146,-0.007154797679360337,-0.004597548175815227,-0.0011064005664894309,-0.012252807291346804
2023-12-05,0.020844438511818917,0.013986300502114904,-0.007817580278413607,-0.003786606077863042,0.013217872013231569,-0.02210921053304062,-0.00012663608588655336,-0.018363171450848006,-0.00542045713205673,0.009114816316119942,0.023026569488405254,0.0025075570300134406,-0.01525369395356496,-0.00019718994737145834,0.0033452605834946685,-0.017642799875825628,-0.004994393503643667,0.005982378361348849
2023-12-06,-0.005703281295547278,-0.016198024273178,-0.001636344972556141,0.003680115406357525,-0.0074327197503925475,0.0006432963404223147,-0.010563901721471347,-0.003261446185117279,-0.0026428042501689146,-0.010036178568724675,-0.023092417219033077,-0.005800529891982982,-0.008626638248459334,-0.0040378322674659226,-0.005741593663499838,-0.01502477741961466,-0.0050194627280564725,-0.008494763997274944
2023-12-07,0.010088306498941074,0.016198024273177868,0.004248979579256574,0.001648967455985853,0.051781487847722324,0.007719454750186319,0.003066001746983079,0.01876177810836549,0.028385285767678403,0.0058126955470878365,0.023736578260912283,0.013875423128596126,-0.0064043853732329206,0.007601447690649998,0.009551130759365426,-0.006860369753410587,0.004741147137247304,0.01206730530451037
2023-12-08,0.00738490424034874,0.003669683224747049,0.009737147037728187,-0.013430173514668298,-0.014269184824973481,0.017859352177560354,0.010973647723766498,-0.006887916988636783,0.018685878982927475,0.008803388623151493,0.01934113083931945,0.004446988804491608,-0.03217813241131352,0.004289909982509019,0.003952844755690702,0.010759164705541712,0.005272709094452772,0.008500675837194561
2023-12-11,-0.013011475602614047,-0.010432734440314026,-0.0035592054482414953,-0.011104320560253362,-0.012673618970713271,0.002647370391405553,0.0036520396941403855,0.04507410849830146,-0.022705200476040816,-0.007860274949210929,-0.018676181714952396,0.008505708224733143,-0.009045552417976848,0.0038821166121429077,0.0011039655898891308,0.00121539464351716,0.006070383163289063,0.008694342018573872
2023-12-12,0.007888971606698738,0.010839635496016388,-0.0035720495908244322,-0.0005447904909059331,-0.005793505312930094,0.0024136283329799046,0.008885741661628473,-0.0032084738475749537,0.027113303698766994,0.008260937794054466,0.021849802109922205,0.007932781623453282,-0.0033532819361358074,0.004556799751689075,0.005188386483469606,-0.013820143653501744,0.007127394345877582,0.006616828900972235
2023-12-13,0.016553635171238944,0.009179334477907091,0.041420495042692795,0.02231176448891427,0.0003773534798122849,0.02829588685101512,0.003358221082590648,0.0046525286013364905,0.0015545893208024125,-2.6617413121492933e-05,0.00900321769228138,0.012636962330003275,0.043658672066684154,0.01369575601814699,0.011847197864266553,0.013820143653501806,0.01598747167856536,0.008772375273463797
2023-12-14,0.0007573350879964095,-0.009586235533609468,0.05760918413199749,0.005845435089187853,-0.004763739282516918,0.0556028233823724,0.018028611980097187,0.0433662712257221,-0.004701131746176507,-0.022802600019191124,0.0054333368879075665,-0.0008672164799511723,0.017304582995308956,0.003204410705335249,-0.0006201005372501827,0.02897033817847327,0.009896971103859138,-0.0024611270658077395
2023-12-15,-0.0027293759530302585,0.01714963889276147,-0.010068357135605858,-0.009208782757507668,0.004989897399566355,-0.007748979800438167,0.007532989543248322,0.008165249796181885,0.00523868917428573,0.013031991769439201,0.01110679005689071,0.0048223036633928745,-0.014552312202095217,-0.0016478569476804552,0.0,-0.005323874996197727,-0.005872999023234449,0.005020281376021594
2023-12-18,-0.00853958349739003,0.026971809898698733,-0.005072359639192026,0.004535187656823467,0.023846237677130223,-0.010859983518986378,0.006033786022383262,-0.004639296992307198,0.02855069175875889,0.0051655957777912995,0.02398895615403122,0.006279001217371029,-0.001375232269119707,0.005609236563705155,0.008288141344189672,0.008134722464306089,0.0033309958226828296,0.002986125918556299
2023-12-19,0.00534586757250156,-0.0018191003361762064,0.002390166267695703,0.006790830606181505,0.006239475061712061,0.015945479792028882,0.013266516711544185,0.014301483781355593,0.016518767561828115,0.0016355046496994755,-0.009490470780453049,0.005096504885793711,0.010495257185087887,0.006062453400020813,0.004771104998088291,0.011926515889805523,0.00748058974542609,0.003797704967039638
2023-12-20,-0.010771869833268137,-0.01091834083412718,-0.01594257045036853,-0.005460866362358439,0.012291518065925522,-0.012974313008766655,-0.011343136857019629,-0.03396289841563162,-0.00308731499914747,-0.007097987043816031,-0.030560645465796666,-0.014971187540114977,0.00045383384115793156,-0.013954157397648992,-0.01298129170822632,-0.009316553055742683,-0.017994370205821206,-0.015225736807961
2023-12-21,-0.000770169077495975,0.011243426514228085,0.006648628341118938,0.007045755720440373,0.014923677252443519,0.008046627272832731,0.005687747852867236,0.028712337171789823,0.013677327904325524,0.007847964226738873,0.018105371149228628,0.011568168171295414,0.012175958682337302,0.009437284942825664,0.010367525681679533,0.0039023129700790477,0.009708777939360827,0.011167161028791612
2023-12-22,-0.005562956405308937,-0.002733830879625901,0.006903775841553967,0.004424614031362936,0.007591143738996317,0.00020992608438168738,-0.0005973714679495235,0.003943598047747287,-0.0019787682381099546,0.0027801708366380538,-0.003271050756223361,0.0014949104561552992,-0.008552769912242937,0.002007656805899807,0.0006155626862041822,0.002946128389432578,0.0021449177445216103,0.0013027875071767788
2023-12-26,-0.0028449230648524434,-6.514686816695571e-05,0.012780690425225276,0.007591842151508473,0.00021190187337370128,0.002518958391338287,0.0058966888081292,0.019953957419161717,0.004066320514694411,0.0002137115746293257,0.009152933979403347,0.006103121697337598,0.0036101086507148382,0.0042135200459463415,0.002918996559865474,0.008553664352175996,0.004009006995472099,0.004156924951787276
2023-12-27,0.0005178465785893502,-0.00045644547960358643,-0.0005908481494208107,0.0045275772625212145,-0.008159299892271566,0.00749259162993528,0.005980037372144135,-0.0009808531760597977,0.008419336062193743,-0.0015760253747838923,0.0027964854342025225,0.002033607060482953,0.0013503841390719122,0.0018065030376105341,0.0016859219703714238,-0.0044434585270185945,0.003195694713585893,-5.209083503067869e-05
2023-12-28,0.002223849034046249,0.00026087992298881607,0.0011813474034401326,-0.005832413160524644,-0.0009978805189638435,0.00500739526789496,0.005298869493938063,-0.0066386966551826646,0.0013684887801375888,0.0032294818240449935,0.0021225743461553296,-0.0004860812683447383,-0.010854913225728166,0.00037778901110949143,-0.00030631992975027036,-0.015352185690261337,0.0029206954334719598,0.0011921120519379758
2023-12-29,-0.005438989470089625,-0.009432812028151797,-0.006217761587153911,-0.001568069797763166,-0.0038581022504647813,-0.001657648086875286,-0.0011750603527842733,-0.00815076709363808,-0.012242524504304474,0.0020230284661629017,0.0,-0.004337114899666829,-0.00959564512698126,-0.002899310721965231,-0.003375964458752071,-0.002263778691630648,-0.0031865698547373996,-0.003060506664330222
2024-01-02,-0.03644258240494158,-0.013317252487412825,0.006808149820481559,-0.0023566846852945507,-0.01094096408364623,0.006536802382247075,0.011572861838138012,-0.044325077678773174,-0.02190754983555803,-0.013843868865483274,-0.027722261386769455,-0.017067158850793487,-0.005986712202587652,-0.005612103667722635,-0.016114389195839792,0.0106775801807262,0.00424626329154116,-0.026533469044050902
2024-01-03,-0.0075158292179466415,-0.009785543802100045,-0.010974926709508786,-0.008371755159892112,0.00541351779924519,-0.016907484337955945,-0.004367954124422571,-0.016646586971340367,-0.005269446437734189,-0.0007282383239447857,-0.01251358650477802,-0.010637949273420941,-0.027629955481682022,-0.008200190333412122,-0.008470482170713833,0.01615395945169515,-0.008510739720738797,-0.010242193898327158
2024-01-04,-0.012781573255773615,-0.02661905587134582,0.008020565519574882,0.0010041086074332737,-0.018379918461127055,0.0030337765860424092,0.006614240269188229,-0.007970001490781278,0.007663531841346706,-0.007203616525206669,0.008978129174554652,-0.005159703271352763,0.0009492387069363449,-0.0032263588500971076,-0.005687296943960409,-0.01768917106651236,0.003998426252329914,-0.00735746771864216
2024-01-05,-0.004021063570194704,0.004623714384981175,0.018467372172915605,0.00015844285681933427,-0.00485078833136421,0.009072049617035872,0.005004825348750412,0.0018040754768085343,0.013818745787120954,-0.0005164808997471301,0.022638569940235196,0.0011853631264080006,0.006148005357794671,0.001368768720049595,0.0009501012661882036,0.0008268186484681163,0.004247599969544543,-0.00027149861517553476
2024-01-08,0.023887115428417975,0.026229678338986727,-0.007872932214642197,-0.00784697829301582,0.02265465918971398,0.006242651316147888,-0.0014523505504257404,0.03324769808947429,0.01888571967148544,0.018695673708459842,0.06229929743469399,0.020457264093900206,-0.003778933501358441,0.01417508302444404,0.02067746981915451,-0.011640293195141916,0.0063375015544758365,0.024782754696186897
2024-01-09,-0.002265814677693317,0.015109875810597672,-0.01563682890833187,0.0003193058065587502,0.015082868641211798,-0.013254086615933029,-0.00793743538798603,-0.0068116452619474245,-0.0034355996928609397,0.002931509357813403,0.016832731403354718,0.001973650253835773,-0.006171354186917352,-0.0015182135778739451,0.002786938708386146,-0.016139096358695242,-0.0063375015544757584,0.0015882347796172206
2024-01-10,0.0056553125483447585,0.015470650615520465,-0.0008924681333879025,-0.0022906686849215973,0.009391688753258201,-0.004649397869326679,0.002107128439279674,-0.003103128057900372,0.035833216220231744,0.01840361945398323,0.02251471092795929,0.006754677477585757,-0.0028612067768482973,0.005639557904245943,0.009692949273469548,-0.009883613750247539,0.0015878575322465446,0.008480639016147547
2024-01-11,-0.0032276780105609036,0.009387897135060054,-0.013483492623669751,0.001971362878362661,-0.0014064777544553458,-0.005802523190794727,-0.00421889425697122,0.013921542904627743,-0.0021618965083649642,0.004847681368157463,0.008646863333570514,0.002078481843359913,-0.0057471824175704435,-0.00044082216613251655,0.0030575824315995366,0.0025718875116498455,-0.0037094546677781145,0.005074947348110128
2024-01-12,0.0017765493327085583,-0.0036152239546972612,-0.010614191894829967,0.009746417465784744,0.004003657134869706,-0.0052807095198408645,-0.007367119294449856,-0.0006971925372945662,0.012954469997820663,0.009934253556324575,-0.0020450519181270765,0.0005129871146302146,0.01761534895448865,0.0006925393510344002,0.0012205380105228267,0.011189530297590275,-0.0018599526571451102,0.003230353785581054
2024-01-16,-0.012393554174829855,-0.009487311793446907,-0.02094960040878457,-0.009533481464917172,-0.0011221689521011895,0.007122220914258014,-0.006289966718296597,0.001932991678230415,-0.01895059865248177,0.00462273631305501,0.030103451639705972,-9.761251415262592e-05,-0.010913581710391978,-0.0036780354700166754,-0.0007624699108862976,-0.024115425552883558,-0.006938827287792684,0.00249376417114558
2024-01-17,-0.005187014263596447,-0.009512302504832145,-0.010012579274154908,-0.011077075533253638,-0.007184167263215683,-0.008632233024662489,-0.005371973584975516,-0.010884822557758767,0.0024733400960841303,-0.0020520091120063456,-0.0058521722192456,-0.005656799840752397,-0.014900514839169486,-0.005574179597774228,-0.004894618592853719,-0.008335771148692684,-0.0018765115611757452,-0.004941539981367127
2024-01-18,0.03205154326316067,0.011729719012639512,-0.002203707506966352,0.0081991767942437,0.014107912550359255,-0.0007161774426035638,0.0019731110523867833,0.04257899358090067,0.020846897712617052,0.011234256491675554,0.018628962425399916,0.014094343559370138,0.007718313808102571,0.008853491005808225,0.014158693956163215,-0.0016253308266289276,0.001608820198726231,0.020081752963172727
2024-01-19,0.015413630660416984,0.011915672389449407,0.015324933237763419,0.0029842685447011067,0.020010383957274076,0.01393770064258837,0.01711460629804573,0.050470789339514883,0.01927447843455356,0.01211295851548315,0.040898306791388776,0.019637060844631085,-0.006750237357309888,0.012389037195349856,0.015599595758620556,0.0032480242390527203,0.015944929971610552,0.02278842769010586
2024-01-22,0.012089851551099371,-0.003611493461086361,0.010189973002138197,-0.003785111631635069,-0.0026677985554264387,0.009789652016286279,-0.0011749386183130348,0.008699417653647042,-0.004364669783819218,-0.005432646473847831,0.0027362040333396985,0.0013049238788019136,-0.022011197751128666,0.0021121815427393403,0.0022299455215229465,0.0037352536451554265,0.004734237268173245,0.004386738604843012
2024-01-23,0.006631048866778914,0.007979485588611064,0.006735979966008399,0.0038915513093621982,0.007166456332335766,-0.01353814272302814,-0.00660574482399904,-0.003786078208990601,0.008918155446448474,0.006009397612384864,0.0036644822462608,0.0041409767098455185,0.015215084843203719,0.002912263455999765,0.003261617995196572,0.0021104194986115293,0.001573180455547028,0.0040206682272613415
2024-01-24,-0.0034897552965839273,0.005433174197432314,0.006387921680630908,-0.008281084265806402,0.011226300474554633,-0.003604466572963008,0.00889565424709249,0.021173858629426716,0.014177265424637094,0.009133480394703707,0.024565038073789788,0.005533939570922581,0.00872936672367459,0.0010925081035528593,0.005756056693420447,0.014160158655736312,0.003922002844707503,0.006862376877239867
2024-01-25,-0.0016981930074198583,0.005594095679664069,0.012355024612734574,0.003962127078988696,0.021093920486512187,0.008660275993294036,0.014209708690911899,0.020353540578667503,0.006327451074046505,0.005721779161594972,0.004147124713615477,0.0012203269192928375,0.011044599746100855,0.005424083292646745,0.0024988962472493295,0.022247068293343872,0.0049461359815158755,0.004173368867714299
2024-01-26,-0.009053554920516451,0.008647102438040672,0.0011973795699381105,-0.0006949345993064864,0.0021047868200582106,-0.012912738183535463,-0.003823705585203536,-0.03116457543631916,0.0024387053569007748,-0.002324486058376071,-0.009555965578195793,-0.0059753741762480625,-0.003827752114525743,-0.0012710901709971202,-0.0024988962472493447,0.007386396136745869,0.003628586262156881,-0.011580773059282347
2024-01-29,-0.003592454679501087,0.013359331333490848,0.005369877647723784,0.007033690942252051,0.008635932477641538,0.007305236490060432,0.002608442323764674,0.008024597849414268,0.0173050908691243,0.014232346661097569,0.02322447830105378,0.010188397767411478,0.016639246579649946,0.007888159017031186,0.010540426580479111,-0.0014252446156479436,0.0025841299950883777,0.009128000286221736
2024-01-30,-0.019433335634452646,-0.014113732972622603,0.03450641563505325,0.0013795741766668092,-0.013443996508681885,0.01644481804299748,0.02028708613973376,-0.011905524913742811,-0.0023967393349933162,-0.0027617318244568005,0.004934574595019769,-0.006678848608756018,-0.0009433279282061501,-0.0007737186370099464,-0.004524706382863779,0.010287993698198137,0.012565854460835624,-0.008285810503258202
2024-01-31,-0.01954731124165301,-0.024189614134501332,-0.022675511927990603,-0.0007426235867567754,-0.07796508844667362,-0.007420080547523129,-0.01089462073785335,-0.012788070476872897,-0.02510884522440854,-0.02731603226493976,-0.020064881021434545,-0.019780398436420217,-0.013301891340314983,-0.016451827559202072,-0.021140282687402024,-0.01888287593939374,-0.012307767606401314,-0.021221877203877252
2024-02-01,0.01325243684491642,0.02594906400632865,-0.013617820843340607,0.010346957700093572,0.007537685648519294,-0.00041672259063261927,-0.003619711342025726,0.008495369262083472,0.011822947529885733,0.015474070994209468,0.024087177838559556,0.011706566594115826,0.01424521926852119,0.013003145921713425,0.015566071789648292,-0.00012002746785502926,0.0015467170269947608,0.012517307903137717
2024-02-02,-0.005419900507550659,0.07572554877189726,-0.002387073073282,-0.009498266920115546,0.008605483518867686,0.010392441954395272,0.005739528928335194,0.007768535127681914,0.18496509566402738,0.018258224046829814,0.048512818968898606,0.016759340627420984,-0.02192647873499161,0.01047226870199352,0.02038505749326813,0.001437710811214448,0.004113393678590001,0.010288175742929447
2024-02-05,0.00979852685091729,-0.008768909348284514,-0.014445303340187026,-0.005529246178959096,0.00908901888249817,-0.012557096908830653,-0.0013172033245427615,0.014934829441893074,-0.033350674826722854,-0.013637716466218084,0.04683046557310742,-0.0013061278816806244,-0.013585880547501285,-0.003647745650281179,0.0012963391907344348,-0.002517425834778318,-0.005918197560019074,0.002271949439305032
2024-02-06,0.008594672189489033,-0.006834432372405122,0.0015147232117161517,0.0052110917695982265,0.002918739224808916,0.005130041927287494,0.003432536788099613,-0.01981158942937519,-0.010261260463268527,-0.00039442277680166234,-0.016124692025130453,-0.0020093577305304935,0.0019522171146072176,0.0028989725085874813,-0.0011524413960402947,0.0032355559013460015,0.0020625271127195015,-0.004598627691588244
2024-02-07,0.0005808157784632326,0.008125368023266808,0.004228440711892105,-0.0002652330017039186,0.009943540123277106,0.0043285909040681105,0.001882752739404682,0.016540725636248213,0.03217818499196424,0.020890524729696845,0.027126681798870463,0.010237602095327272,-0.008814959356334272,0.008305930811758202,0.013313906609024017,0.002031970985640452,0.007440582885198491,0.013145956345620501
2024-02-08,-0.005771113467327096,-0.0040544313336464575,-0.001810216980260113,-0.0009022539588233346,0.0025389723622394208,-0.004198596751956371,-0.003597594138334512,0.018472068888168627,0.0008727688474515158,0.00014476570602941645,-0.006555021140875214,0.0018503686367442346,0.015617677046452567,0.00044146220751951,0.0012786917366544388,0.010216316367211799,-0.003841745086904319,0.003125760834293756
2024-02-09,0.00408559711029219,0.026781354306300166,-0.0015107576532901216,-0.003883683822386861,0.020956392132450555,-0.0020279499518490503,0.0012006062045192291,0.05318995132299726,-0.004029495330011622,0.015431794192164967,0.03515838620457704,0.009794773984053682,0.0014517634633463602,0.0057628877599908345,0.010876600423426532,-0.015483843254198154,0.0028188095405490537,0.013368372104160848
2024-02-12,-0.009042714055622337,-0.012168901576895616,0.016494473917417297,-0.0026153866387210066,-0.00991473866858044,0.02157393476574032,0.00444697291469884,-0.00393466882537314,0.001686270519882651,-0.012658531809316248,0.0015927884392395993,-0.003920171589529913,0.0038610049255467117,-0.0004391126465817472,-0.006200582093216713,0.01098258316141949,0.004595243439138268,-0.0076311199005509355
2024-02-13,-0.01133852450969316,-0.02170298682855135,-0.0262178958979071,-0.01388463719494907,-0.016332846460477685,-0.03601686846089158,-0.008741539957113175,-0.017117170061525425,-0.01890220960129126,-0.02176388099446684,-0.0016621114985353187,-0.015719765584298596,-0.02734542714638625,-0.01386856332732746,-0.013950477207712775,-0.010142769637810387,-0.013591587600900236,-0.017114410514388827
2024-02-14,-0.004821392409103071,0.013780303876272836,0.011536130365370309,-0.0005962900909107332,0.005496887335651567,-0.0018763305425673219,0.010106017215214223,0.025561337725086994,0.028199908024327067,0.009619088658100598,0.024270328665753262,0.010838025663790921,0.011811149287128673,0.009046436353065679,0.011827714539363595,-0.0009598866620734469,0.009507993229956649,0.01040147329722918
2024-02-15,-0.0015759022850218899,-0.006925273760105457,0.027977832750123624,0.00670130851432818,-0.021960510037091954,0.019333652902328465,0.02157985486734214,-0.00209897662924985,0.02245975871281446,-0.007180972334386088,-0.01694943382097526,0.0029735396303215084,0.0241674394830078,0.006875980508587233,0.0014159309515347565,0.027470562283861872,0.016990547840883646,-0.0021011676909462205
2024-02-16,-0.00846614726931273,-0.0017094021256489145,0.000586978819241862,0.0036558786728406838,-0.015885194209749452,-0.0025460671365596954,-0.004681067628125679,0.013316756640327582,-0.02237521415627189,-0.006168088718056025,-0.0006195700130198229,-0.009109204230346878,0.02126226361330422,-0.004992298446971949,-0.006671154634547345,-0.0005842077018252539,-0.003526415688822988,-0.009237721591799095
2024-02-20,-0.004122368094487159,-0.014439139136134756,-0.0038205873758585087,0.006045896751115412,0.004260625955778768,0.00020814664005881962,0.0039024246472374865,-0.028022871837157577,-0.003322561258475053,-0.003148026305870878,-0.044507833750192856,-0.007576691642588557,-0.015073281227681763,-0.00552050646497101,-0.010162465893562895,-0.009157395009593691,-0.002779833898608038,-0.010221459344161918
2024-02-21,0.004177315290668038,0.008996959517601153,-0.007685425398820297,5.331114505738622e-05,0.010082303280188871,0.009705191574690467,0.006488737211988302,0.0016532329266087454,-0.006856311089376343,-0.0015157140413887243,-0.02892316229010971,-0.004009829379981795,-0.005234397559096341,0.0009052280769657686,-0.0018720622256578926,0.018578769178148616,0.003031792017507959,-0.006303960990070291
2024-02-22,0.011181089705893892,0.03491338968982024,-0.002674402919878135,0.0004266309391015458,0.0107452749944592,0.005650184278938105,0.011924156488278841,0.04597044183103417,0.037943548450315445,0.023273721608602436,0.15186969820351426,0.028855375118429595,-0.006701767244096555,0.02048435775562523,0.03205499963273752,0.0017349052036414023,0.011537637023144896,0.03219893574969032
2024-02-23,-0.010084721437046739,0.0023457610294128446,0.00918114683836519,0.005635602023986148,-0.0009025311380453189,0.0014842364477725208,0.00501280241924099,-0.016936962916243147,-0.004329035081730594,-0.0031873005518546233,0.00354614997342593,-0.0029491981783593755,0.008132074399209868,0.0006893781654168484,-0.002096066634637678,-0.006609076246195219,0.004975225048921704,-0.0023355745388191546
2024-02-26,-0.007479322022523969,-0.0014869599257995307,-0.00918114683836524,-0.002229172292928307,-0.045402685637592824,-0.002124592835035748,-0.0034300184132370127,0.010989418999925327,-0.0047425019985881355,-0.006846963579778733,0.0034831398874176356,-0.0005267957393218329,-0.017784603639430158,-0.0036692144952900907,-0.002380742689583853,0.0034840004515628055,-0.004975225048921762,0.0009738881137625115
2024-02-27,0.008081698676561501,-0.006833819221537168,0.019738423136553107,-0.0010632481058260926,0.009477437825520353,0.0015107016772319135,0.0004908232604557083,-0.008590476871446543,0.010962274114610015,-0.0001472843584203171,-0.004956078498027566,0.002402497716368358,-0.0024278304598822848,0.001856022867731249,0.0015412358875632485,-0.0042986929764529044,0.002739289128423374,0.000875485909911705
2024-02-28,-0.006647374233095709,-0.0021920379551390117,0.0008748310370170826,0.001806857807827473,-0.01816514654878505,0.013107449294606532,0.005056712829077752,-0.008697573527438768,-0.0062405925793895855,0.000588779327737201,-0.013276848212295907,-0.005338700085057687,-0.0009727850126661692,-0.0013225828915811042,-0.0032252878333661017,-0.001981197339000055,0.0037236894011855523,-0.004727515589751494
2024-02-29,-0.0036997483377734243,0.02057680546309288,0.013121531434995446,0.0051370494877010335,0.015136314433332089,-0.010559703310390248,0.009070356185974094,0.016744670856071623,0.012544540171306257,0.014415506915635857,0.018485683866137,0.008532866876898245,0.008721000549268587,0.003588574623226763,0.007555622495923234,0.004887498915223852,-0.0004956719330742032,0.01107664752849615
2024-03-01,-0.006048784362103689,0.008225899848415687,-0.004936896826434818,0.018734204946424127,-0.009579128701585287,-0.0024447073366745823,-0.0041471662892679576,0.04509614705811419,0.024526871412991372,0.004486498423899756,0.03925120568878813,0.014944532806312825,0.021003184385140598,0.009344418515572816,0.012467353192462581,0.011542222460178676,-0.0012402067921602944,0.018097958143197843
2024-03-04,-0.025708990703186736,-0.0035975271186564546,0.023022713627518038,0.016045575240364,-0.02802500364572803,0.010636468042526583,0.0074736397242168755,-0.004093849557294545,-0.008215982309419131,-0.0013967985164657893,0.03531978203933464,-0.003574379025237981,0.032073421918679006,-0.0010729701735958713,-0.004138644761176794,-0.010729798175908793,0.002478877376452008,0.0
2024-03-05,-0.028853246907197122,-0.019676533274039055,0.006804630251147563,0.006002093012312608,-0.005112503905077584,-0.0034221648171899994,0.009967455821315141,-0.014861528527958613,-0.01612717226316954,-0.030018221968655494,0.008539957276183818,-0.018112633551795983,-0.008729691600338601,-0.010044495658969475,-0.016305760250248998,0.007396220328679955,0.000247706492339814,-0.02488481251863791
2024-03-06,-0.0058955333716418125,-0.0035094856867787733,0.000847233573581633,0.008181839163568716,-0.009618799243559864,-0.0034337528093427157,0.00518426860042917,0.01929146125682499,0.011902907293342419,-0.0013917012140626734,0.03133122093521724,0.006264113819114206,0.019648806715795646,0.00505448282836862,0.004626199457534119,0.0031040680528861666,0.005184503877285927,0.007897646210151906
2024-03-07,-0.0007097871611195967,0.018897104445031784,0.00591140645491423,0.005667751261581818,0.022425573410384446,-0.0029305585810229418,-0.008797197180420964,0.012861928085022959,0.03193838768160254,0.017381510644781013,0.043774168924223235,0.015063850601947067,0.006314833306151426,0.009877530052305765,0.014854208990529685,0.008458375480024812,-0.0014786852051277145,0.015657814294274583
2024-03-08,0.010184706242906993,-0.00834829600574499,-0.0008424624438472159,0.008417025116951235,0.007635747452328218,-0.003714167198009768,0.0018612145218150826,-0.03887292826970696,-0.012257770264208693,-0.007162498849044106,-0.05707533869184448,-0.014540025044569771,-0.0004497517069851264,-0.006020404213355683,-0.010945845543247852,0.003521867922816085,0.0017247582821004789,-0.014982465492108151
2024-03-11,0.011761919141484752,-0.01952208072253206,0.00811326031105925,0.0018333385345244608,0.01655216109100464,-0.0021471178296533543,0.00037187858512115256,-0.026963456057417047,-0.04520054673456152,-0.004193819246259924,-0.020242846316862875,-0.0037195937715862465,0.005383630743627326,-0.0008601065774932856,-0.005728274638635422,0.010268064072653467,0.0017219827011026427,-0.0027527153288824796
2024-03-12,0.002774828667803462,0.01975013161880721,0.0019485237374426581,-0.011000916093968595,0.006010809311002772,0.0052174206583645594,0.008198314290643088,0.023011208460343883,0.032870706691006335,0.026251830605607186,0.06912670341313042,0.01423317956739468,-0.011701313787993627,0.010699858279855609,0.01901379654312622,-0.0015726360751774178,0.004169060671274913,0.020297429379708055
2024-03-13,-0.012196523552202214,0.006648685830772736,0.0033316292686776405,0.006982966028737541,0.009271033012160604,0.010583162588163542,0.0080795348472011,-0.025694564006637624,-0.008399485444253046,-0.00043345600339062,-0.011214579055921369,-0.00771574942367979,0.03119685909033884,-0.0015686147224729103,-0.004270675395832111,0.015839581318764256,0.007315358063167575,-0.010863426666333362
2024-03-14,0.010867890035601378,0.012327433453265669,-0.010868488192735866,-0.004183879789555109,0.023402282744712642,-0.009476149393545172,-0.01797866708821889,-0.0011120931532450054,-0.007575480988506491,0.024087278672910127,-0.032927875821212,-0.0025244186261062593,-0.002636265704652774,-0.0019788645975337355,0.0013795587760629538,0.010239610117297841,-0.008049613691253796,0.00019151469833747834
2024-03-15,-0.0021989154305977346,-0.02452200827324045,-0.007876125329288091,-0.003199519647615261,-0.013508051056711295,-0.0036090042336744213,0.012319246139861054,-0.016985033377799816,-0.01584162955154449,-0.0209124349317215,-0.0012172683702560618,-0.011958053607089266,0.013112125922589582,-0.006890161179735775,-0.011928012555466747,0.0029532305893491396,-0.0009802664011137822,-0.015202485582113774
2024-03-18,0.006352277950969228,0.00034392410567333365,0.016802466045885513,0.0016010012977577042,0.04501209034559293,-0.007361513238185242,0.012325309422584339,0.01655281565424191,0.026258355452669142,0.0021590668514550023,0.007011226562932337,0.009492059601988423,-0.00522425384277056,0.005925499027260543,0.009401766538388066,0.0034510917614904483,0.005717282679670475,0.004902978041482403
2024-03-19,0.013493541600855722,0.008105519638180665,0.0005551416516607344,-0.0011504677080451668,-0.004410996788982763,0.01109929569357602,0.005847984660309219,0.006216649192210807,-0.001490162489121634,0.009752831530265139,0.010604260118809616,0.002488435425519829,-0.00525160637516634,0.005541688705201126,0.00579717638598334,0.011346496639248225,0.004881459913501499,0.00517307370460069
2024-03-20,0.014602041739144268,0.01271024074657137,0.019786387741933847,0.011841472011166752,0.01156317494565631,0.01989550944948127,0.013021958082497263,0.01917995085992434,0.018527956603376326,0.009023927697240247,0.010836163695814815,0.011787005222566243,0.021702239776219594,0.009206823584230514,0.011494494816411694,-0.0014112913934815215,0.01186038599782084,0.011125673210546111
2024-03-21,-0.04171559542959396,0.0,0.02046932585142526,-0.0010391759354036452,-0.007693942674720949,0.04256480720875172,0.013809247274699371,0.03467859523620571,0.0044212882238807896,0.009688834156766914,0.011693856316066306,0.004721000514441634,-0.027864288119026755,0.003299259953870483,0.0009517622785273707,0.0059571417045971185,0.008147696029496726,0.0007149422529185354
2024-03-22,0.0052962330317992525,0.004033399915744371,-0.012339227507970351,-0.008053310017860683,0.021249466702103943,-0.016794414332496465,-0.01233328480390302,-0.004764047983294168,0.003577951011769111,-0.0014682876290943805,0.03073607455412955,0.0011433061961224683,-0.003981432130021171,-0.00189753002411556,0.002172435138887718,-0.0021620255538273253,-0.011521926033816042,0.00033368572386557687
2024-03-25,-0.008335190560867282,0.00468522019633587,-0.005141450658576941,0.0031893153617754324,-0.004653322389610397,-0.004631931717992384,-0.00919689921451779,-0.006607562680385361,-0.012956887563399749,-0.01380950320572651,0.007533360655754469,-0.0036358308172458878,0.0008861523855964276,-0.00276675506819828,-0.0039408955220742135,0.009264275300209474,-0.0038704602428554333,-0.006643901273619126
2024-03-26,-0.006694691178661223,-0.007876935918428052,0.006220501121331568,0.0032287432792988957,0.00398993006039693,0.0030575480862992106,0.004659980156154331,-0.0043636266146058825,-0.014275763530061464,-0.002865648657281415,-0.026029872100849397,-0.0032429306375541312,-0.010685754871378213,-0.0018488054613192686,-0.0042301597869474844,-0.007750393113392257,0.003387388019580421,-0.0041330421850606005
2024-03-27,0.02099065558090807,0.008544428374293455,0.019226415189075342,0.007214572450621008,0.0013265488099354122,0.022084344638605424,0.01917859378754773,-0.0016142553201729643,-0.0041020435622570045,-0.0005218970856573855,-0.02528424240380201,0.0034003174207533817,0.007580864615338322,0.008368905934907862,0.003140085128154407,0.009250499667480124,0.011766305256939901,0.005091678532821131
2024-03-28,-0.010615269986465035,0.003053793447902987,0.0029048768913464236,0.01281752820240996,0.00039741786982641175,0.005858747352463738,0.003901668548123994,0.006091213642772721,-0.016908080185773174,-0.0016861913828362337,0.0011737587138788824,-0.0018451804257858006,0.01060548031031173,-0.00019128339954765174,-0.0028666241258955027,0.010755710090547446,0.005475482497948048,-0.002158262648429514
2024-04-01,-0.008491614744130047,0.00326551461029285,-0.010604552349846568,0.01015632882706488,0.029765424955683874,-0.010057918000085153,-0.006813016073023561,0.01046407788677949,0.011812637644785733,0.009109456322218178,7.746947362360897e-05,0.002114879195256447,0.004823539669248262,-0.0017412189950343235,0.0016390920766231167,0.007387032658305111,-0.005475482497948091,0.002780935624510179
2024-04-02,-0.007023429929527641,-0.0015484091821309372,-0.005880748766338805,0.014664311961913869,-0.0059990633881609684,-0.008158699963011102,-0.00040220063930837297,-0.014837651243316678,0.012177507013744112,-0.007399442858561717,-0.010132702038478904,-0.008667623237077484,0.041976163531440173,-0.006378200036639225,-0.006984904864555793,0.013886915342732635,-0.0052657123318348015,-0.00967073230090118
2024-04-03,0.004785789788260748,0.009474051539763393,0.0037461483158780064,0.008734121015036823,0.002326527668448994,0.009343136592142826,-0.0028201044983119468,0.01134809086410673,0.018663793280395146,-0.002351931025191087,-0.005470455559683119,0.002241898930722233,0.036652214425217,0.001097700404320494,0.0037039239345848436,0.006820249826792515,-0.000479984454810639,0.0026555195084984676
2024-04-04,-0.004904279225175616,-0.013300069884866008,-0.013986058539549583,-0.005751211782367559,-0.028746488235488494,-0.018897264695006303,-0.007637432565163377,-0.02771176886848636,0.00821503497253649,-0.006131202579854551,-0.03498992910326706,-0.015408879792850308,-0.009752201404718963,-0.012281066241523675,-0.015316113208548058,-0.000618096522916991,-0.011348906583768236,-0.015942039363426117
2024-04-05,0.004491667212221359,0.027777320574842966,0.005133115876023454,0.01696939930469014,0.01300213513359605,0.004469897728896621,0.009157992663576331,0.017655048938134993,0.031632389363958284,0.018117560278008232,0.02418595491732919,0.011715021322939513,0.021810271258437482,0.010392448434903306,0.015316113208548088,0.010660130780603414,0.009426093788212943,0.011399080491481153
2024-04-08,-0.006685800561120417,0.0006481667921116775,0.010454453251108588,0.006209168519561672,0.015292396434756802,0.006034734891373348,0.005202990960508635,-0.0013638276527458977,-0.015459916658281099,-0.002187838530653949,-0.009992092073234595,0.0002951262106169759,0.01467402612941437,0.0005592883451949949,-0.00041078799211062577,-0.006341456605437649,0.0043208114342258115,-0.0011630264395383531
2024-04-09,0.00721641319673507,0.0025885563003378185,0.006114448908696806,0.005482001328254476,0.011237889382217559,0.00041387096314512403,-0.006723551058921539,0.0062660548076306985,-0.004536132560700634,0.003972352327099528,-0.02062841143453706,0.0036927007201233183,0.012519713666472526,0.0011561042728221724,0.0,0.00030780592816582135,-0.005765114292213448,0.0050306873777011514
2024-04-10,-0.011201688227898746,0.0015069094018642995,-0.029041962858372135,-0.009508923035404604,-0.0029417978566524563,-0.02452464946461737,-0.008557853425793151,-0.012093243216898988,0.005652418215787211,-0.007109728987234801,0.019549090354400972,-0.008766913740473834,-0.010553099697964186,-0.010063546537600155,-0.0065971524703965796,0.0030726931952237187,-0.015048797581523644,-0.012331447434145243
2024-04-11,0.04236071561899525,0.016533742520170792,-0.00821919540197871,0.01924683287449554,0.020726456938375198,-0.00821789690511075,-0.00020480690424770807,0.02245717667753188,0.006385352050126703,0.01097281607956246,0.040274492296183434,0.015842077520742914,0.021765315285817193,0.007518591932832541,0.015597622884656973,-0.0007161010763111097,-0.0071174017979643124,0.0197825713652942
2024-04-12,0.00858981368688756,-0.015566165935951603,-0.015525720645701244,-0.013327746093360097,-0.010594695951023492,-0.020306582217472745,-0.06686430029456028,-0.027252012223555687,-0.021757863533280686,-0.014191158030628257,-0.02718254873659927,-0.01607027741104005,-0.014717580628526523,-0.013899313984611259,-0.014081878030561441,-0.016404720484771266,-0.013389793839297367,-0.01632019361825707
2024-04-15,-0.022106064074457143,-0.013577002419975346,0.0044604919493314715,0.01854610800435578,-0.01836317542023395,0.02882392874119197,0.0005471121343309449,-0.01142311054765663,-0.023061263373376287,-0.019772202887493116,-0.02508949031709953,-0.016587812662882125,0.029979212899588388,-0.012607239535032184,-0.018061051790853967,-0.009406462199127549,-0.005005135826715141,-0.019168050999913557
2024-04-16,-0.019353467049006437,-0.0016350785294987403,-0.03596594886085756,0.0012212692273934644,-0.0029751000029412038,-0.010078614575510493,-0.011493528778320631,0.01787009920900998,-0.0009400551796357381,0.0022699068164937193,0.016307946354574523,9.282731503009158e-05,-0.02336825817511027,-0.0018254139462742867,0.0002802525408720522,-0.00875404423025373,-0.006796585221863616,0.0011901541868818484
2024-04-17,-0.008180683865628159,-0.011190509048215303,0.015734995175026578,-0.007395532411290297,0.006906377940722562,0.017608615080620088,-0.003990372595171858,-0.054367149372477185,-0.011248352010787284,-0.006631028702921214,-0.03943338431509667,-0.01227644267859908,0.0019361533552127088,-0.005935884781432913,-0.009717614238876368,-0.0028642450577442777,0.0025225182096085793,-0.014528112518457642
2024-04-18,-0.00573078911682976,-0.011428682278624262,0.015211596471983462,0.0034096367107846366,0.003467187962095265,-0.0019826019188584976,0.006476227794410459,-0.02591786714047364,0.015322027275660675,-0.018552103772828395,0.007539709638338292,-0.005722621384927172,0.00038678123437237795,-0.0020599093734715744,-0.0051078635108717275,-0.0030856603265666913,0.0035214423798646324,-0.01148125757242238
2024-04-19,-0.012287763088404152,-0.025944630354616176,0.03299699466167816,0.0031266420969041134,-0.012382994712826782,0.0022054067376761537,0.024793587280635108,-0.021226664428617127,-0.04218880348275498,-0.012820757163899701,-0.10541163609935578,-0.020906077763226335,0.013062042941017501,-0.008766562798720007,-0.022877123682959903,0.011969961037257188,0.013713882502194123,-0.020817513074711753
2024-04-22,0.005078130144215655,0.01477882204751945,0.020348749508889753,-0.025012716627157542,0.014112189511552164,0.032510335790582934,0.019243114094582382,-0.0025081719112593254,0.0013709214686888846,0.004599494869405849,0.042621890917353404,0.01000620576424747,-0.04968753011010381,0.009166998778738115,0.009847919804234712,0.006507180847730352,0.012061834675217258,0.008894053630496548
2024-04-23,0.006371244083984767,0.0129496869735391,0.016820328042063674,-0.0024616906480957905,0.012589922368139373,0.01580820802553197,0.014310194225618779,0.02204593262807354,0.02939376213106892,0.01635108210097028,0.03588117103367088,0.01481283030708243,0.002403825911150651,0.01179675283843332,0.015870028871059972,0.005529114195228911,0.0063413207547464625,0.014717305415937942
2024-04-24,0.012622261543971582,-0.01656734624660272,-0.0013038599023800675,-0.0018618228395408355,0.005482233936249688,-0.0022666713205839266,0.004880343825694208,-0.0028550875996838053,-0.0052547153000737,0.0036491278149465758,-0.033883494884850915,0.003381927611756526,-0.0036079475373314903,-0.0004747199947719058,-0.0002836319567385853,0.000727932332240323,-0.00024297084976334,0.004555148090317005
2024-04-25,0.005134108998707086,-0.016673704471388103,-0.010756919877980824,0.005945756955740473,-0.01986545281381401,-0.007092987849033083,0.001500815969269338,0.018563433308872335,-0.1116166789699208,-0.024800258050569814,0.03641611503670675,-0.004841759935847595,0.006405140006171654,-0.0038062052113857162,-0.004408209487071709,0.004563829869910309,-0.005853796757269457,-0.0021736246092226544
2024-04-26,-0.003479039102698084,0.03368654484295438,-0.002112511618101565,0.0032366836371748075,0.09734776776952435,0.017744238295767323,0.0006205080276184123,0.02616704760700053,0.004318109020116658,0.01807936981102548,0.059923871751031595,0.015314104177480569,-0.006806836299222894,0.009429290275657226,0.019056392795962582,-0.009253067994105954,-0.001468698647760629,0.011222218632786995
2024-04-29,0.02450534067952269,0.007432568410519159,-0.007429133702345128,-0.002033283758808563,-0.0343128392783884,0.007549105209936657,-0.0010859977453585167,0.003710470548667255,-0.02436456117690258,-0.0100671863862815,0.00025072734550537633,0.004051956152768705,-0.0024134954101178666,0.0035353577292778085,0.002095001719481419,0.006766250298917346,-0.0014710519254440364,0.004294486263879413
2024-04-30,-0.018439781334633535,-0.03349007554568368,-0.014485268250923035,-0.02013850411793736,-0.02049122097291252,-0.009562600342831174,-0.007999534355755858,-0.03773989682574493,-0.005679121577419708,-0.03264657474509245,-0.015560860032680536,-0.019036180532795006,-0.031917631618707906,-0.01596802756190436,-0.019015910163099455,-0.030227183410607466,-0.009862056869744484,-0.022270203914151264
2024-05-01,-0.006065559344889275,0.022599831917240992,-0.0016222987992732076,0.009021337418355644,0.006612743752407816,0.0005624783116594916,0.0006255324137721775,-0.02985734902645982,0.02075163149028428,0.014306574271964115,-0.039676495923526886,-0.0072568479925352175,0.009106073771091114,-0.0032526216136668875,-0.003989823163955866,-0.016060646721919685,0.0,-0.01029386150142514
2024-05-02,0.021792822413363538,0.031455365813882176,-0.0018963755579309693,-0.003091862325121168,0.01670330598928839,0.01307722774072258,-0.001042909920012363,0.017788076068075188,0.005653313945541396,0.00731608339107166,0.03288269432172872,0.012682658318945304,0.0037014292973722783,0.009309996874314375,0.012062890957572727,0.005742560897144396,0.002474744565958944,0.01431074972231706
2024-05-03,0.05809547478488187,0.008033933494385928,0.009982429500301903,-0.0007979449099420573,0.003714297423420452,0.012885459587479416,-0.006018286704002093,0.027732866275765374,0.02300819564459769,0.021927555122153792,0.034045624795518974,0.01989905701541214,-0.005763758122584349,0.01231916583607324,0.019002975833073,0.00010798578622311873,0.0022219585328378355,0.027478487933470172
2024-05-06,-0.009148389445791903,0.013283331052944075,0.011743084991730131,0.010463427933373832,0.005129228994705586,0.012451401306654312,0.007790711295277023,0.01746839649045351,0.029905042849580243,0.0167768742803125,0.037046348926165734,0.010893987238093582,0.03449319022266049,0.010273837580908714,0.013472946746695332,0.007855031628455524,0.012742011109940264,0.011681691534372667
2024-05-07,0.003790003223669653,0.00031790155490520083,0.003971869953824148,-0.00461094049941965,0.018565327595758255,0.00029287417683337297,-0.0013030012759122106,-0.010470586822757024,0.0054821358722011515,-0.01020812602901199,-0.017362808502832013,0.00015899893909229501,-0.006001203016447769,0.0011028843976379043,-0.0004099822885381704,-0.0009651172717650887,0.003403128136909689,-0.0032747113233361396
2024-05-08,0.0018623879852978232,-0.004034374926922967,-0.0034414667772053676,-0.0029453952906236033,-0.010979698468652696,0.007072752100894219,0.020135012372762426,-0.0017831308621200474,0.009268415885529029,0.002927169912727165,-0.0015692103293799755,-0.0005908552187652944,0.001203155795455609,9.653142412101191e-05,-0.0006831145242264228,-0.0011807570474135537,0.003633205660613133,0.002835377921919928
2024-05-09,0.009964345817121639,0.00794706169253194,0.01500208885539549,0.01565541986116323,0.0034182859447553036,0.01908081986494619,0.009411235005114508,-0.006304772509341125,0.005949224916036634,0.00432635605305139,-0.018587394559893684,0.002179175888170384,0.03582354416959691,0.005745392190860414,0.0027302943659979328,0.013336912441486435,0.0074673428978088595,-0.0002929710472684311
2024-05-10,-0.006914128075296509,-0.010716874256865036,0.004431381581908056,0.008079783894319735,-0.00773760735899646,-0.0018237127517604051,0.006409761870995139,0.008645132860967072,0.0016393790330899087,0.005852009368964635,0.012663585434407166,0.0023554970705333845,-0.003486354518153023,0.0012872749317033082,0.0008175947165402845,-0.005526511153380953,0.0038324506762231966,0.0037045142928153808
2024-05-13,0.017491716896486223,-0.004865607224493341,-0.00626160046858586,-0.011265319955387511,0.0029012670230514825,-0.0025762904247185235,-0.0002012461653001306,-0.012785962829459865,-0.01734821750242985,-0.0024623185399691547,0.005780010451488014,0.002304701689304736,0.0011634199285679959,0.0001343734605375541,0.0,-0.0026679310702761544,-0.004072461320176146,0.004708204018834785
2024-05-14,0.006154429740651709,0.002676374471979152,0.007301381967133895,0.008426442720749588,0.007069616082413689,0.010767349130988663,0.01389191586251777,0.009634972801304863,0.008171485794423769,0.006841066950583558,0.010530827082292634,0.00641162695984386,0.012709585058626346,0.004577521428986709,0.006517326605649455,0.0012814744214175665,0.005028165984413452,0.00882253785310671
2024-05-15,0.012143894640985729,-0.005789979151338669,0.010852719622700704,0.012757032448187955,0.01265882290387004,0.016483864366925595,0.0029730018072884373,0.03785886087052008,0.020328171944608925,0.017332905971361844,0.03521052965033647,0.015509436248762165,0.03718744660247767,0.012306985965757168,0.016243198747225455,0.002238766238795782,0.007376533518429715,0.022261639901928632
2024-05-16,0.0006323289122184468,-0.012770048240180699,0.00793561171544686,-0.003900942141432421,0.009633866856894343,-0.003374220914347942,0.0017795991622099215,-0.005130759186416754,-0.017407804807508195,-0.004952241956271667,-0.0028678550132319523,-0.0020335507649602317,-0.0022148910107907117,-0.0020595463332229655,-0.004805153919019337,-0.002772644628703359,0.0,-0.003479763671762873
2024-05-17,0.00015799950768482,0.005809980560830076,0.00178323023213647,0.016363162829441925,0.010735887049488949,0.006865343905025472,0.011393300733491903,-0.03324338539324875,-0.0027932709367610464,-0.0018544149875741767,-0.020125197642003684,-0.0004868214527267242,0.06197153341768162,0.0014364832035496022,0.00013379448886885394,0.013891477984290494,0.007322611057132699,-0.0022163988049265786
2024-05-20,0.006143234152241488,-0.006300279871404103,-0.01203457406516762,0.004015863208074463,0.004872723099659782,-0.010272376379887403,-0.046015332202729964,0.03233113299793825,-0.006526706243819735,0.012134309874116409,0.02457686136879156,0.0069485374048747,0.006577784672418787,0.0011515006981775372,0.006267925842225912,-0.006550580227940611,-0.013744352410719779,0.011686679716370158
2024-05-21,0.006833810449374253,-0.00212713491141393,0.021155375637217894,-0.0014706294501547247,0.0052427696951880135,0.01600720753371776,0.019944906143303825,0.02304356153373748,-0.009020145367492039,0.008661217854136193,0.006373414231363873,0.001954471333325866,0.009957195246452494,0.0024494137638033982,0.0035831096188733923,-0.004887881564478512,0.006421741353587088,0.0016317044120669785
2024-05-22,-0.007567051476732387,-0.00010914608364277473,0.002770259989520853,-0.018544867564565665,-0.008299633983299519,-0.017217626421012842,-0.006083205954029993,0.001834464536894141,0.006756764873613914,0.0034435766846472493,-0.004581367123480523,-0.00019746888549923572,-0.03653219425034808,-0.0028834459263949743,-0.0027857299896651097,-0.019359601112231034,-0.005706174661066529,0.0022337244590293955
2024-05-23,-0.021282856566431516,-0.011423056748417279,-0.01494997737228653,-0.02014614803918644,-0.016175141816825226,-0.009190464575230043,-0.007033761517025485,-0.007942353327975502,-0.004284765291544275,-0.008209648024535294,0.0891059770996187,-0.0045085776455071214,-0.024028414186771853,-0.007330961447818925,-0.001994539706961767,-0.009164423804336212,-0.013925857095632446,-0.008167518999241554
2024-05-24,0.016452035492942524,-0.001658392028660058,0.013439868760617353,0.0009266841017383871,0.008263065210761691,0.006591755861533272,0.019063478640493917,0.012900039290452388,0.02635745356453298,0.007373251947827387,0.025397534711666694,0.009412013202355364,0.006872898729697024,0.006594717081072719,0.009801249418725191,0.001423989661093643,0.006026319653439483,0.008399995725953435
2024-05-28,5.273847788014997e-05,0.007715628907514658,-0.009617785439394622,0.01045829379441463,0.008025289393193843,-0.002974942041951197,-0.006046790831710073,0.0007106616102239548,0.0035485137085084343,0.00037181795755511407,0.06747566913042356,0.003770531909908732,0.052662220418163395,0.000698483273860056,0.006306876804538659,0.010235134785387338,-0.011116358745017894,0.0042198445898275
2024-05-29,0.0015777080161790671,-0.0007138953246986688,-0.015376979210795774,-0.009347362870368763,-0.0028384576666833977,-0.0057580851344019345,-0.006991898682651077,-0.01872746843117593,-0.011652878428027943,-0.0026759712525871175,0.008079565853126592,-0.00707333875272831,-0.002396840558758001,-0.007027205954460208,-0.004068603403647237,-0.01781564498805418,-0.008051900119492864,-0.006359923395454127
2024-05-30,0.005241362969396643,-0.014944634490046925,-0.002327108576861966,0.0018949634848045166,-0.021781809681363375,-0.009263356399305814,0.006139314920047924,-0.002668228429156882,-0.015530133471887891,-0.0343700429775677,-0.03839366516891213,-0.01077122582128148,-0.026047661141652977,-0.006655686202549178,-0.015639832617229836,0.002863146802757084,0.005375066728578699,-0.023083767148749303
2024-05-31,0.005006067683534732,-0.01619107105787046,0.034600180670994435,-0.005881436093592545,0.002263382240372124,0.013873832547634845,0.01641994992836328,-0.01939358444031898,-0.00047125673697725654,0.0011086860776691775,-0.007877143610871025,-0.0018618471937281444,-0.023496981469843924,0.0090668483612123,0.002001726414859968,0.024547828970725504,0.014514010563955121,0.001571518491954006
2024-06-03,0.009216078547136816,0.010710931098535235,-0.0027545050572755306,0.008878251926791354,0.0038765181146721886,-0.003378898844539934,-0.004005428665647111,0.003415177121353114,0.022578131080598512,-0.0038860153013003554,0.047793795770249815,0.005354933758392743,0.004672035871526707,0.0008151842523024518,0.005583590147614915,-0.026529161660946026,-0.006263598735260072,0.002518721359424821
2024-06-04,0.0016480757967785834,0.0055916049316681584,-0.00502761195992685,-0.00901759641821021,0.0035738811629387715,0.0007030085487339911,-0.013267752627517154,-0.013883320915873677,-0.0010477762079587794,0.006147730796861035,0.01241814464565987,0.0027327210752828277,-0.0316908302814401,0.0011171173570145214,0.0029126051063835152,-0.00963196436072533,-0.00460218404171198,0.0020863653792921417
2024-06-05,0.00779034077081456,0.010759365441920877,0.007031540489326705,0.011775993219294973,0.009278502697919525,0.013915422918879365,-0.009585751181329108,0.05173091907924759,0.03718352579254013,0.018903591111009695,0.050270859631280584,0.01995931339404423,0.013965649998058195,0.01181497596193171,0.019244999752467674,-0.00011129597111932802,0.0029091057226752755,0.021970594718382804
2024-06-06,-0.00712194613312945,0.02031303453242799,-0.0065277309160665835,0.0073641743967564136,0.007497018774884128,-0.007784484333764471,-0.0017758816740815792,-0.00985573011447301,-0.002629425547927652,0.0012019520060469924,-0.011847209062252373,-0.0003451751521878009,0.04041318982112738,-1.8592521562115075e-05,-0.000259381915384295,0.005215766164069736,-0.00048426363252148123,-0.003341664238583212
2024-06-07,0.01231599799928414,-0.0037909438439048654,0.008076857208985298,-0.036335512840658196,-0.012927545983506634,-0.006987811373306968,0.015320475843093666,0.0005506792340667854,-0.0016214793312930693,-0.0015793772531697205,-0.0009094697094619093,-0.000885351272182031,-0.06741684823831069,-0.0012163976943494067,-0.00025934902538632344,-0.003992552740798704,0.004591063538262959,0.0023216948008163347
2024-06-10,-0.01933345083467237,0.014864526720524128,-0.002769127210868553,0.009126408480625946,0.004294586783016113,-0.0029940701142965606,-0.0017018134618520977,0.04105780981592923,0.019366498574483373,0.009439712913173005,0.007433736598095294,0.004031255578832926,0.01673215296279032,0.0030849122809887618,0.0038843881126633937,0.0075279064865805215,-0.0038648512092059983,0.002547761136252841
2024-06-11,0.07013136623411645,0.0009083768397987709,-0.02062962912635246,0.0028525382508942246,0.009157403941641079,-0.020673103847364673,-0.026653319131423894,-0.0033152159576707836,0.00964293424293224,0.011179051554563207,-0.007169564946104325,0.006839189708890489,-0.0152335011720857,0.0024054409931384382,0.009389883051668867,-0.001987238763847464,-0.011439778127340674,0.01842748486441772
2024-06-12,0.028177570015719442,-0.0018175795783648761,0.014054187490958209,0.002658183908153708,0.006602385828073099,0.009922065441737196,-0.014667731008404196,0.03718938890020644,0.0026960976328113217,0.019182588805663703,0.03486593483409987,0.013012580637739038,0.011909392846152429,0.00817942039510849,0.014489217695478309,-0.010777172756905264,-0.0009796762302548602,0.02187809476498769
2024-06-13,0.0054762317929215616,-0.016508777761010902,-0.003813514408516475,-0.008183543017197694,-0.014903063656326399,-0.005251097904551327,0.011059670347820254,0.0008380490297030363,-0.00935893663312425,0.001178209713996404,0.0346174263885335,0.005405723218743847,-0.022447645528680005,0.0020112779290524254,0.005285647447762214,-0.009202146418064584,-0.000735194599309813,0.007878713126540478
2024-06-14,-0.008201949442050015,-0.000925185330377967,-0.0005095151609000472,0.012876289526632455,0.009262778923073717,0.000246270429142726,0.0006193326293428193,-0.0024296245765949107,0.0011114602023665988,0.002239470694891702,0.01736259043619188,0.0051678146999323184,0.021707436115725273,0.0006085966010575011,0.0033835052734647888,-0.007468645571830897,-0.003192942726699276,0.003740320705774738
2024-06-17,0.019480397282740584,0.002175536021534634,0.00685714943190126,-0.005205175700450875,0.002542243441978759,0.008297806381615239,0.006173626888487589,0.03389832153302207,0.004887228400586357,0.013019999365291982,-0.006847780905889778,0.012175374362672353,-0.00333766866786462,0.007927259566675724,0.009957460251157329,0.0026091208875725254,0.008816948937348449,0.015039852796158238
2024-06-18,-0.01104521108489683,-0.006814429382413544,0.012075494729574709,0.0039992641040523845,-0.012204724844312773,0.015976312394426106,0.010306749108758069,0.018414189166839345,-0.014193447497191173,-0.00453774550455168,0.034517081960814766,0.00030914108027438764,0.001484744474750262,0.0025374830869674117,0.0025977821713959004,0.0041827821289691074,0.006320027481506578,0.0012540548945371795
2024-06-20,-0.021747730142107933,0.017836847681061675,0.0,0.012407060942233438,0.00688706691359061,0.0013544765155294666,0.008441359660171281,-0.02628844648640875,0.004414810846953508,-0.0014348611100613005,-0.036045213146254314,-0.007737734303119478,0.03785025808982753,-0.00272011330779353,-0.007439553271971285,0.01822194920606625,0.005316613325163606,-0.011299075674479584
2024-06-21,-0.010499247945895967,0.015886019163884733,-0.012581785101431722,-0.015614512577113812,0.018712142119105515,-0.017330788909955566,-0.012001063464092236,-0.010380346859529628,-0.013889154943860877,0.009112498321500339,-0.03272105477025559,-0.0026827921398694735,-0.037108676362372285,-0.0013418344104653495,-0.0033661149861394716,-0.005777019609660043,-0.0038638223388505056,-0.0017496913607912867
2024-06-24,0.003127742803415755,-0.018738006784044702,0.013331832666251616,0.0039497558204108826,-0.0022853276651805432,0.02611222633081214,0.013057693176566711,-0.024996868137008656,0.008312497727607893,-0.004702142249007062,-0.06917926803467073,-0.011450061830775777,0.0007410321914974585,-0.0032558074186296707,-0.010637120852783026,0.024902087842020332,0.010222705627877752,-0.02482211574450436
2024-06-25,0.004458263853892413,0.004140733544431204,-0.016121424431929356,-0.004974590412272679,0.026484690231552886,-0.010245156708700019,-0.004081187273120492,0.02742167814527597,0.02316076710085007,0.007299959981207347,0.06537964489951688,0.011370578417659562,-0.022472870301669556,0.003843567663473732,0.012186950777140904,0.002297844061659524,-0.007481569018168336,0.01817744177712908
2024-06-26,0.01979607109066343,0.03827288718411035,-0.009696294177541843,-0.009271011435783051,-0.0008154162823396934,-0.003328938162207136,-0.003236546243284782,0.002712536291235648,0.004923365071506884,0.0026796070931018696,0.0024556203354799268,0.0020631716607931463,-0.0034149209491134867,0.001247373413376304,0.0054792074292159,-0.009885652511246049,-0.006318520933137955,-0.0011485010034637609
2024-06-27,0.003977994812775899,0.02166336912708652,0.006389816914337276,0.011273144249924162,0.00828627863890629,-0.02195634108257659,0.00877457251716663,6.64062035390821e-05,0.012472440480543386,0.0015249616434630962,-0.019250669346883034,0.0025780298563522204,0.005307112395353845,0.001575053708258707,0.0024809713920496772,0.002315503451343524,-0.0012196354381778858,0.0004860967133676521
2024-06-28,-0.016387732090786505,-0.02352451121310858,0.013161413413279905,9.297215668029186e-05,-0.01773896191882796,0.014160585151102193,0.015395305668334748,0.008506692546566793,-0.02996961280235716,-0.013114204515447852,-0.003635866961584636,-0.0052045131927019855,0.004526561137094811,-0.003942868108871373,-0.007336165312392071,0.0038470319987438644,0.0034114283264828314,-0.0005303486328019525
2024-07-01,0.028689016060040026,0.020233739225558187,0.006016402540059229,0.0026012036358740546,0.00460101267466702,0.024761687141967203,0.015648744756392524,-0.003970891901438201,0.0009119665752694568,0.02164561411775076,0.006133087363144147,0.005847935579929815,0.010483086876317658,0.002056002609921091,0.0072121720648023295,0.000548395130611251,0.0021868092223943456,0.007530298370001881
2024-07-02,0.016109482469421753,0.01409893985494711,0.022734189625143186,-4.643502198142268e-05,0.012220598207176338,0.00419683483687211,0.01631784112124612,0.011427613930212072,0.009505226710515909,0.005567658619487989,-0.013200274305252505,0.010444955630628923,0.004459276529722472,0.006707082518850448,0.008635791114152129,-0.0007678551244619621,0.011583179972187574,0.004988969076880297
2024-07-03,0.0057943243682246365,-0.012123208336190894,-0.0007333654758208478,0.01120993363706169,0.0031263833319014186,0.004949018474125015,-0.0006705494742588586,0.009204150421562125,0.0009024598286422452,0.0032389576966611487,0.044717520347923166,0.008302471580549378,0.031748729255070995,0.0044528171721015565,0.008561664483780694,0.004379810538788546,-0.003123998573968879,0.013398440775617488
2024-07-05,0.021389961215863902,0.012123208336190851,-0.01205283895390679,0.013396660734694752,0.025398461777727078,-0.006797759559783705,-0.013339168552130486,0.00466247753539955,0.05706999227113163,0.014628640415091033,-0.019283486955406572,0.01037290230989154,0.022728229523506394,0.005750020237212273,0.010178149049150351,-0.015746579969275788,-0.00024060346218161203,0.003053514462093456
2024-07-08,0.006517529923984844,-0.0035563498917093785,0.005183272850673971,-0.012479622087256387,-0.008271403206558463,0.00015060676785294406,0.001853826145670588,0.01261536309706484,-0.019809026375760166,-0.0028271767191740864,0.018659579569162355,0.00237544186133938,-0.01236547780295309,0.0011531625964091663,0.0020473200898801147,-0.006123026207630197,-0.0026516954160346762,0.006804269924700536
2024-07-09,0.0037677404831677726,0.0002508745118109151,0.01950316541544506,0.00169431118809057,-0.0002644888670525058,0.01708562547044803,0.011918754026022113,0.009882007504924486,0.0012837165653699259,-0.014474479828745225,0.02450257365244056,0.0008641439214084608,-0.00035549588048001653,0.0009718951024171976,0.0010820445418962615,-0.008861143269683807,0.00769431583840297,-0.0008105981606196803
2024-07-10,0.018629189776931305,0.0022548901390979956,0.0076962217885866435,0.003653653384415314,0.011574167628966242,0.01273510075149602,0.0008185012359745665,0.013170837934284705,0.008810211081476128,0.014495973642143329,0.026514046042048243,0.010372470170039326,0.0014214290840583216,0.009846557331140291,0.010639096847612106,0.0067371368557935666,0.003825023516794435,0.014408235361243402
2024-07-11,-0.023494870547964414,-0.02401082970854252,0.0016757056378335995,0.017578001160184497,-0.029783167960754472,0.0007097208467332052,-0.0016857413045135497,-0.061613094018476054,-0.04199638343351695,-0.025084006709767917,-0.057276178301556104,-0.022174216999713187,0.0182975005008997,-0.008659892213519975,-0.02114957404186546,0.0103536126790762,0.007843290678691644,-0.025352271259827693
2024-07-12,0.012966544926760698,-0.0028751754997392003,-0.005275768584659562,-0.0006272936376368344,-0.0026980630119993916,0.0013553529583413353,-0.012173036109117715,0.009278068456544265,-0.027345351108367544,-0.0025324459586833423,0.014339440524040336,0.005857775883382125,-0.019718929584958005,0.00628784672251405,0.006416171752969982,0.0025439973073634785,0.003308658348107409,0.00889308640081511
2024-07-15,0.0166047100235662,-0.009142411458262565,0.0071872119176597665,0.0032219172131206842,0.007857940695152913,0.02540999584870893,0.024628313099673654,-0.0006639136432421165,-0.005447030049400697,0.0009035948294927277,-0.006209207468433615,0.002684207543993776,-0.003205707113675248,0.002746234574301277,0.0032528576621375016,0.01502138345121659,0.014523715862316518,0.0017947860322060753
2024-07-16,0.0017900917876324033,0.0015554679731073517,0.05209276938332715,0.01972987782004887,-0.014091326610108328,0.021683836387627633,0.016853201419272212,0.006414627474066734,-0.012921697195427594,-0.009828806616565848,-0.016327048585663965,0.0003828707356497659,0.020480938722019146,0.005912788496971737,0.00012036940624845897,0.004452065073482261,0.011330852917268111,-0.003335779848114288
2024-07-17,-0.025621438978956017,-0.026724318518412248,-0.003404938493369228,-0.0046540195707980275,-0.01589320648430674,-0.0016712410930143262,0.015099244368433408,-0.10609506694056192,-0.05843349569443168,-0.01343743646613356,-0.06853516620575766,-0.02979441985777927,-0.03340753183940827,-0.014120510059323726,-0.02891702445624352,0.009918063802443438,0.007559238204853731,-0.03967318529446884
2024-07-18,-0.020748555293918072,-0.022493376002440963,-0.02230218510099914,-0.006401633154546632,-0.018567031508763814,-0.03231801229272411,-0.032285802400552205,-0.0157063531105637,0.029559419540218783,-0.007127597761779016,0.02593417189627186,-0.004743725102748601,-0.017131795204918997,-0.00771449355674057,-0.0063335236185374285,0.0018220829832809708,-0.012168505956013754,8.91019942730078e-05
2024-07-19,0.0005797565740786449,-0.0033798282769946274,-0.0025609023335914265,-0.018100662230646155,-0.00016883017851863848,-0.0026361352102184745,-0.0009528985672218467,-0.037967654507222344,0.0019734710760481618,-0.00743050011321019,-0.026442784609792987,-0.008903028159417932,-0.01892801792511109,-0.006662751077510184,-0.006749817288947518,-0.010982196176483897,-0.010216164699075438,-0.015766671511588615
2024-07-22,-0.0015615172877677308,-0.003172184996925187,-0.014084781914424822,0.0003156824791686295,0.022320219140815407,0.004341820423623296,0.002380583685706805,0.06332072513462753,0.022009044182804187,0.013249585039254488,0.046473727036832446,0.014787856429470768,-0.00225061511482943,0.010257027208723327,0.01530913126537563,-0.006298864300056355,0.005585462246084492,0.02340303270909874
2024-07-23,0.004677392639804134,0.02092444370758336,0.0025971801678421635,0.003510507096461622,0.0006602521205479837,0.010437193460376772,0.00023783727752313562,-0.01793775276706693,0.0026430890090084376,0.004302898358780288,-0.007719574168037849,-0.0035309183656174513,0.0018758641745402164,-0.0015697529434939104,-0.00012362567646755245,-0.016033578298406116,0.0018547279083437169,-0.003988491289062944
2024-07-24,-0.029175891441415892,-0.03039119500388669,-0.005201029087171296,-0.0035105070964615765,-0.051701494448358816,-0.011135594514403498,-0.008307227760677187,-0.053308751414910066,-0.05774475729009806,-0.03651347100448823,-0.07045631675165341,-0.036529441444059306,-0.009414492323030117,-0.022923452017785628,-0.038148821184355475,0.00011057384262872153,-0.01376095034212448,-0.04226617865228074
2024-07-25,-0.004816062480520214,-0.005434169444389781,-0.012161846267374585,-0.015768400613655725,-0.0314816468655337,0.010241096830969297,0.0003834431220800379,-0.028708780120540185,-0.01718668137617518,-0.024785796935891533,-0.01739331802881306,-0.011088937554284984,-0.03935694883572573,-0.0052237832769062255,-0.010579409182433764,0.017120725433019787,0.003750510846040487,-0.010757956660051268
2024-07-26,0.0021587301442898927,0.014626968944213104,-0.00023993366621306798,0.010479424389843233,-0.0016751924251211274,0.014777181995826331,0.016963718181124805,0.011828555486041422,0.02674491328880364,0.016286270263312867,0.006922839575796866,0.010203746737876348,0.00275102141131568,0.011137459437553917,0.009423664019278457,0.0031505779660848288,0.015554342817517436,0.012609151003832872
2024-07-29,0.0012837803839983878,0.0038282625594168156,-0.014016550102543,-0.0014060442276131696,0.015036120750841247,-0.012725174802488406,-0.006570674182995943,-0.0025741170503190665,2.1354403011712716e-05,0.003427228583350977,-0.013087212695172077,0.0020068139481427562,-0.0015710532736032182,0.0005877213106914053,0.0016689812336270384,-0.008606031946761737,-0.001382916319844096,-0.004448536888534775
2024-07-30,0.0025625567030193135,-0.008166388972744573,0.004613178311712046,0.009935936183544776,0.004473074474789262,0.025943325096543526,0.020374284045879657,-0.04290962142337835,-0.0054258014772159135,-0.008968414663726483,-0.073040042800566,-0.013826632387328782,0.015213844689301877,-0.005079456027720375,-0.012910092956043968,0.01541656015354589,0.011467953132776298,-0.025446458123298966
2024-07-31,0.01487974616355971,0.02858958980412218,-0.023778380696111094,0.017948680176279857,0.0073133640129918005,0.006622524650467446,-0.011168488038633243,0.07478296828955217,0.024819487153974116,-0.010864627942878876,0.12055346750492031,0.02916427763897566,0.021448523233040435,0.016123780976416084,0.026668239172640044,0.0041929062652614505,-0.0025115609499086105,0.04147928083134995
2024-08-01,-0.01689265566757497,-0.015685476578311947,-0.020298944119325084,-0.003448883709883457,-0.004557212659013207,-0.017658826689455013,-0.02300702767311117,-0.10389743687375985,0.047120997392196384,-0.002968480341818688,-0.06907216022881846,-0.02451960604392306,-0.01373538200161541,-0.014262138375341018,-0.019546996979846066,-0.0268568896301028,-0.014276237733254619,-0.03800766021538552
2024-08-02,0.006845990103552301,-0.09194763210362274,-0.0498286789387389,-0.0019064443892985788,-0.024303354625060863,-0.060754527448438005,-0.04333771263090578,-0.08456517911609243,-0.019475552424388105,-0.0208826118325127,-0.017923674639047392,-0.02402118766367121,0.00038410711338896154,-0.01879377609199486,-0.02085857094926184,-0.02612602868530681,-0.024889690818641126,-0.028507392820513473
2024-08-05,-0.049365698905409164,-0.041839920325843556,-0.02505868304701648,-0.01277316576262444,-0.04548053693262186,-0.024999810176904117,-0.021521602922447553,0.009638847488856048,-0.02575173990858707,-0.033202015079201425,-0.06568891352300595,-0.0302696702923426,-0.04637374186475212,-0.02955639436540465,-0.03389703693793372,-0.02230599838890454,-0.02943540874364951,-0.033881266968842444
2024-08-06,-0.009796124186903758,0.005635490449044775,0.007340068059163468,-0.008032891286850252,-0.0060464574345807315,0.02410687831788064,0.02752941943408529,-0.00028554688917205296,0.03786711323574244,0.011223735981372898,0.0371318020002076,0.009509702625295458,-0.008888996739558716,0.00917764442860008,0.011517009948293348,0.006112152912028619,0.016031573396353003,0.013501296163795234
2024-08-07,0.012420768692514864,0.005174089797253657,0.010239883147774582,-0.0006798590470787476,0.004098007840329728,0.005915974375337014,0.00029939805415853165,-0.029141514430735118,-0.010518692434852005,-0.0029572145092219616,-0.05258142414191573,-0.010888852688184198,-0.012660960234923154,-0.0067067332662981574,-0.010291324634007134,0.0040157402487945824,0.001204068727177872,-0.016335030379319965
2024-08-08,0.01649645962239474,0.0184440734555928,0.024103985037801198,0.01556622880577821,0.019254658367243396,0.026618708212449427,0.01809869606376989,0.06605380195221282,0.041486037809819666,0.010635095836374188,0.05946427770333103,0.030132434423490204,0.027565600381506468,0.02285416005928774,0.029636725479190697,0.02129922458738708,0.01599646581280104,0.03666617277604977
2024-08-09,0.013642509887181598,0.0068522199395901024,0.001830165196062793,0.002452251987911254,0.010070857578011882,0.00920050679544019,0.008490862210684786,0.0109147078566972,0.015846245245262087,0.008235401046547726,-0.0020981858440296463,0.00520875937876947,-0.00039992917293967575,0.00440005924475462,0.0073722279097544864,0.0022392978180180143,0.004254508019434544,0.004484138306341892
2024-08-12,0.007104555157224513,-0.0008389728264874979,-0.002877687864557484,0.01699935451192235,-0.008467415330810073,-0.00975647806946178,0.0018932542959791466,0.0036939879590222034,-0.0035214451008909685,0.0019437973292942077,0.039954883402663226,0.0021511652169528186,0.019410384540543796,0.0005253201136751975,0.004058027398485785,0.004909018825497746,-0.005202262600695312,0.008136926200357535
2024-08-13,0.01704690863212029,0.020354930507755713,0.0075689171349086,-0.0015335341694870399,0.01145658814138614,0.013177490914934782,0.00845139707813985,0.036173918889347345,0.024108511888808786,0.017543940073761286,0.0632648796227698,0.024510039416800234,-0.002749940646101162,0.016311777161781584,0.022731112084126866,-0.009729991060929255,0.00826345280681268,0.03026423476503469
2024-08-14,0.00203173462970021,-0.0007639034445704183,0.009059232420973631,-0.008189191333501105,-0.023358001860239692,0.01364797282887459,0.011000338751691822,0.005420879234292844,-0.003373113749371256,0.006860233973958181,0.01656618697879805,0.00032424674835568513,-0.011473950602821515,0.0031498706634310713,0.0019137095719117224,0.005827009082024552,0.012152631953678918,0.00546060991762555
2024-08-15,0.013439848494398134,0.043090966761615855,0.005652815516102602,0.0031339290416113642,0.0057825074892745515,0.0006413969847003783,0.00621152175743885,0.05160686978215683,0.019867215120146914,0.011754694186074624,0.03968305395067563,0.024949212153764725,0.028635078786037986,0.01699512125184807,0.02131111858435723,0.011884584986921975,0.009248516620238222,0.02835825793839742
2024-08-16,0.005901075443882924,-0.002988857651035908,0.007910930759227237,0.0221408117352879,0.010238803846895165,0.010445861451290098,0.011374453491618414,-0.021531290270301734,-0.018615323624168543,-0.006099092909308995,0.01390257161270977,0.00128496969633387,0.02180234321690567,0.0022394694153243084,0.0008729203430377191,-0.00110472645860522,0.007337824916289828,0.001672524377110653
2024-08-19,-0.0007080081717712726,0.006530104639669463,0.008353487495894358,-0.0016393656726291592,0.022511013436535623,0.0008325542210389542,0.006892997963971174,0.011572706177661353,0.003520387242383269,0.007285836944119262,0.04258631776732132,0.01305051036937909,0.015020921431161585,0.009515726510956715,0.012757903233932433,0.006719801669486049,0.0054682039289223995,0.016351659060661636
2024-08-20,0.0027408032302782908,0.0036964682293246748,-0.025014081318021943,0.003663270802502215,0.0030552275485529884,-0.01465068281032215,-0.004325859477171662,-0.021122909120748698,-0.0048295009207485655,0.007727484728014654,-0.021380717967481297,-0.002100807053479062,0.0014897922665725654,-0.0016272146940490048,-0.0009851402803339475,-0.02670390475613586,-0.003186009271142077,-0.003516577988580757
2024-08-21,-0.0004857937997297011,0.006852561474421805,0.0015497763621626268,-0.0013345079227065216,-0.007987255465167873,-0.0017709109322331812,0.0003728455193875183,0.012061051284940116,0.015877766861745857,-0.0015548198865839458,0.009775008264985867,0.004653209806888936,0.002972871803948092,0.003430549994761013,0.0036890932771434185,0.0016901342821688654,-0.001596953426197396,0.005868837067654592
2024-08-22,-0.008293917792258075,-0.02234539227075752,0.012565833751048642,-0.012047289256477975,-0.012437646468762591,0.0025949543196252534,0.009415080592391717,-0.044020049573214474,-0.006053731948916348,-0.02046073931706289,-0.037746195026481265,-0.01598187984534924,-0.02099819827735298,-0.007879428239905761,-0.013967315261613836,0.0025857562223647415,0.005691504129993919,-0.02327610847465806
2024-08-23,0.01023547530749256,0.005153271352930898,0.013416203444442077,0.011487194343258993,0.01104978463864121,0.02317486709230718,0.007725168316390696,0.0138440367100134,-0.007415728243592668,0.002979588407422532,0.04449382643830569,0.010787055320502946,0.03023187396410141,0.010569368402715641,0.011386436589468243,0.014823480460550648,0.008589472448540407,0.016068708943602884
2024-08-26,0.0014978367535109045,-0.008736614913990125,0.0037644042266901847,0.0031842629268953445,0.003255206684571276,-0.003047366595997429,0.0039316827487522145,-0.03416315907558423,-0.013115818095585582,-0.007949155157525624,-0.022750303785235366,-0.009755691748988706,0.0044020221809768076,-0.0023866256463959076,-0.006667498362969806,0.008921116825515609,0.003146179910502009,-0.012626360182633429
2024-08-27,0.0037344687251517376,-0.013654075452589952,-0.006282136466321422,0.00270301522962425,-0.008947019619619684,-0.0012018127643843865,0.004597596942221631,0.0018663593183622065,-0.003883861677274495,0.000846080442738507,0.014445263468091994,0.0029828661764920556,0.0014630915303479248,0.0013721566775546563,0.002598121761761522,-0.009363776591132661,0.005147044137494636,0.0060411223584256
2024-08-28,-0.006776371617467972,-0.013491668231426824,0.007033598241000226,-0.007051666972008083,-0.011174544112293192,-0.007777648724781614,0.005028576615960032,-0.018861810456744246,-0.0044793602195216395,-0.007859934948514863,-0.0211894165348478,-0.011412378425107976,-0.024793131636435872,-0.005822277223462519,-0.009934287074153524,-0.006440324665702065,0.0024523835136702255,-0.01389449198675751
2024-08-29,0.01446507824791516,0.007698580379841969,0.005491752393998269,0.005164620716356872,-0.006592094395360033,0.01336078497370344,0.004148919128069964,-0.00972275914708961,0.002782686328172262,0.006118630462949898,-0.06597800901435963,-0.001464831749408877,0.004485948901692838,8.974143756624206e-05,-0.0027491364660694184,0.012949103639937945,0.008867258908747823,-0.009064783227904164
2024-08-30,-0.003443762953870593,0.036396721617948,0.01433537420594846,-0.0071515197828322195,0.009841442533379012,0.00619256611667783,0.011588245761335709,0.029279034780418902,0.005945060351011128,0.009683763489915178,0.015023998564445057,0.011848790664453723,-0.01730664286337691,0.009500598940789194,0.010456711877111157,0.0037318754857847843,0.009445575025919478,0.01320342382076067
2024-09-03,-0.027582262541598606,-0.012685159527315687,-0.0012277508312857409,-0.00433295027353233,-0.03754261865297433,-0.045692575079273115,-0.020220824898187075,-0.06971863357884306,-0.018489238046341925,-0.018631495757825745,-0.10009665816680338,-0.03083124020849215,-0.029657496296266423,-0.020793917798950682,-0.03144914824076092,-0.02518286994073446,-0.007461184008031863,-0.04701935376331885
2024-09-04,-0.008655979868392312,-0.016706139175178974,-0.0049262308874868516,0.0006077417877377091,-0.005799823120246228,0.0065024372981967145,-0.004412845855847338,-0.00167302452835174,0.0019130647106508141,-0.0013197347505974938,-0.016712974325863307,-0.0026018353880005616,0.0039016975374181057,-0.002048748622708571,-0.0025589901218304894,-0.013915088618756512,0.0011006924086264733,-0.0025721406809919053
2024-09-05,0.0069038901416024374,0.025968075788917713,-0.008928539251478736,0.008297784905920138,0.005036930737476815,-0.005641106301560541,-0.0077808870883834536,-0.011207888469164784,0.008003197258693168,-0.0012480678349423644,0.009371273527181673,0.0009330872114813081,0.021191285721317035,-0.002435114582399547,0.000896495251638509,-0.007776769101568219,-0.011062087229032612,-0.0015274111367833774
2024-09-06,-0.00703977635381635,-0.03722372046282126,-0.028486097095381132,-0.007430165851405754,-0.04102352448092539,-0.017096402277736934,-0.024042708075238565,-0.029658096517721638,-0.032624113383998836,-0.01651695518267661,-0.041712411704062854,-0.027152656957216557,-0.029009963688514148,-0.016973509763818825,-0.022132725399427705,-0.01259333168719696,-0.014791618388348629,-0.026279650517959743
2024-09-09,0.0004074640735919906,0.023127387297091972,0.018152016275633818,0.004197056104325384,-0.013425600333466762,0.01850961668402679,0.0202675081442017,0.0006536758988272127,0.008994664929522828,0.00995762184456689,0.03478617762654401,0.012777763395398132,0.014416802973132147,0.011133987795898397,0.011192356412611024,0.007182521013412164,0.014791618388348632,0.01624616140452312
2024-09-10,-0.00362790809586857,0.02338469252840609,-0.004825359320479604,0.004394427867847918,-0.0003362827432561373,-0.04487514184788246,-0.05328336685527183,-0.0037519485855878826,0.0,0.020685763725492797,0.0151933700238954,0.0091992314932956,0.0034755837649989947,0.004346326994243965,0.009018223749479928,-0.017349131259207635,-0.010286186957119876,0.01484636004601517
2024-09-11,0.011518496567161739,0.02730414417528586,-0.007153847353325906,-0.0015918222264343484,0.016676922033880687,0.008611325827739715,0.008091383499453706,0.047112033991465886,0.013849865448620135,0.02111771356654095,0.07834776500741118,0.021483143226615698,0.006915137061659103,0.010206569301276718,0.019936121123864708,-0.009322269880015019,-0.004731413714082326,0.033562355743390525
2024-09-12,0.0004938135357212315,0.013350735010507195,-0.00565696792171386,0.01741476344611925,0.02308434967317621,0.006114961263451098,-0.0030447783529201503,-0.025182464934299337,0.026547989141786594,0.009317276265155248,0.018980410397306097,0.009768167625602552,0.043085877105698125,0.008388231315991434,0.011499821206907483,0.00896977171029867,0.002255762207890328,0.008240382908986365
2024-09-13,-0.0012128122894886628,-0.002730969055689944,-0.0033577882237740835,0.009894570827460453,0.01774829705905269,0.010345814072291433,-0.011097235421401076,0.028917846147356673,-0.0018660379475657581,0.008372418689576193,-0.0003358726283659943,0.004469892934887073,0.02713134360205051,0.005209146793229185,0.004959298688044394,0.005623700189401615,0.002925080218021525,0.0050024982069148075
2024-09-16,-0.028168170501985286,-0.008616597457795744,0.011575674328437337,-8.375168155570817e-05,0.0038031683163130014,0.012799006753753913,0.01717754958639265,-0.014723364022022728,0.017325920078566277,0.0017402912007441497,-0.0196716222704719,-0.004427647834995117,0.0017828222559418767,0.0014758122262165468,-0.0030966783065131086,0.011385033729032878,0.012946511432997828,-0.0038178891285023378
2024-09-17,0.0021703686548696435,0.010705675426824473,0.011443209994066646,-0.005546263478781612,0.007940121779735972,0.0004740214984119505,0.006664876652489463,0.012968100846455588,0.005684229657879332,0.008794040981460178,-0.010242385794682224,0.0005280758662197127,-0.003926494880409435,0.0004083748900554105,0.0004962089936296535,0.013424558768311324,0.0053088069424422025,-0.0019599963931636205
2024-09-18,0.017829810434849776,-0.002410931547252041,0.0017683244879478036,-0.007740344731775493,0.003070921366802096,-0.0016701868273216165,-0.008253871663047838,-0.013365028380994516,0.0030345346487314863,-0.010023579611074928,-0.01939267623995325,-0.004338999273366097,-0.026088411742531757,-0.002970247907622801,-0.003602314615198853,0.0019355917843754198,-0.0030934357800064807,-0.009167222238261533
2024-09-19,0.03639510459591479,0.018283807518041345,0.03106211463906176,0.015421236419487627,0.014474436997110252,0.038956390386005416,0.014114764750465303,0.042985590261444565,0.03856277034556697,0.018125895477975898,0.03892557170898064,0.024969906361277223,0.03072717366936483,0.016920528075937056,0.02446186520150742,0.011873340436921544,0.011003573092965709,0.029267645557560982
2024-09-20,-0.002931691555953585,0.009070295653554553,-0.014789502856198062,0.012630557682531525,0.008903174457427051,-0.010775809600813462,0.0028938829036831044,-0.020330127493557577,0.004016348394327327,-0.007826565394854391,-0.015992100011663485,-0.001905063140390518,0.011327543946915186,-0.0017301316421127779,-0.0019448015740657495,-0.0022507290454258965,-0.0006568006684014335,-0.004886264324121417
2024-09-23,-0.007609904430239669,0.011829538769620484,-0.009982500904907262,0.00193852671610104,-0.010693323076502097,-0.002048409336025512,0.0016566967979925295,0.013986210029218404,0.005436292373348747,-0.004051601051815549,0.0022389229507733975,0.0026471602372900084,-0.015251237618228289,0.002495598728947723,0.0017046123318814682,0.0122721611507412,-0.001209552156399339,-0.00018447757490308778
2024-09-24,0.003966123923665201,0.00041255068996117736,-0.010590278591873222,0.013872405171650835,0.0027148511841224472,0.0012255315195865179,0.000709130829625977,0.008862829958727286,-0.0019153570566701908,-0.010061762038656911,0.038886498446491335,0.004811933378268205,0.04882418930399898,0.0028573556111468747,0.004854463953676734,-0.002471631719835948,-0.008397773013524889,0.006820666049182964
2024-09-25,-0.004407859930241056,-0.007400007450933529,-0.005082495876816978,-0.0013827232563758825,-0.004941562384879976,-0.01391102315739132,-0.006638443401583389,0.015914484035789465,0.008801468364255861,0.006827069130521101,0.021606479583318294,0.0009267534799881502,-0.010951502416565584,-0.0022079972930059673,0.0014517277995635533,-0.01976664180019397,-0.006010090149886438,0.002858003260896655
2024-09-26,0.005067342695137321,-0.007141186533660476,0.0068554989307070035,0.005073989582052931,0.007649063102969578,0.011699818181633572,-0.0019525599048420734,0.053002508933440426,-0.000827190807158814,-0.001853073929848452,0.004281993127690512,0.007485020456238063,0.006858763649944185,0.003956909205468846,0.0025354634611000778,-0.019814102008306536,0.005121837926342799,0.013157370551098797
2024-09-27,0.0011860010870499743,-0.0168284107446147,-0.0030410320386637752,-0.00796748708764577,0.007469129634692964,0.003194576170517126,0.003426344069430895,-0.024341102846328212,-0.000845603237963146,-0.007657289823285822,-0.021513221222779034,-0.0055725947493525515,-0.013764828919896546,-0.0014514158032163835,-0.005319795677914809,0.020158061887635203,0.00288352891736468,-0.009374091303856977
2024-09-30,0.022614298451544716,-0.008763077056375612,0.007081475403329692,-0.008031540905021974,0.011522309286983003,-0.006843691312282997,0.001708779629632508,-0.013437372592942353,0.0089137623617786,0.005312699488284063,0.00032944748824290657,0.0027082501251524753,-0.01571538399925266,0.003999221306372743,0.005440279014880807,0.006971958741630552,0.0037581335719087906,0.0029277153335430543
2024-10-01,-0.02957464927194047,-0.006460997690134298,-0.011660383533777149,0.01043659814331518,0.006850156025392417,-0.010027624687443835,-0.018282520445628756,-0.023181034647606867,0.007015196912958447,-0.022586227569192048,-0.037246379494171936,-0.014030434035160218,0.0059659793370593775,-0.008998800666687687,-0.014573859338362615,0.02252352379072267,-0.005309709761656613,-0.024663796087059146
2024-10-02,0.002516574093651485,-0.002000651545077023,0.0002547780712653577,0.000203566476664949,-0.006789732608977658,0.0037060297025675645,0.0012067526733167357,0.02073963306758764,-0.006369048565860295,-0.008498418517789754,0.015688189712374807,0.0014119796797380261,0.01458866015424002,0.000421992719650843,0.0014668964018120807,0.01019280891690172,0.001108477228157249,0.007373093256134848
2024-10-03,-0.004906718001858156,-0.015270736231762942,0.0005096631671387214,-0.0006922454344502302,0.0,-0.01204404542606649,-0.009987463729443664,-0.003679606423483651,0.017238467196787583,-0.0014153103541925342,0.03310195892506669,-0.0007473529576615339,0.007899733475932062,-0.001829959097201489,0.0007327830283893394,0.017482966449353605,-0.005332210689308529,0.004137658688904543
2024-10-04,0.004994975294564139,0.024697907897679776,0.021674244729474223,-0.00199802503899798,0.007208723024637152,0.018466664111506603,0.034878375792064764,0.005287450450481886,0.022347416139775724,-0.0011531046399169257,0.016709403860813807,0.011827889988415666,0.004437661072449421,0.009046338124377482,0.011167763522046343,0.009272234697673463,0.016788681154543933,0.011069030771438832
2024-10-07,-0.02278861556233194,-0.031093362659704415,-0.0037468194549844127,-0.0033935140367649104,-0.02472547080691861,-0.0010912784158929477,-0.0013741026633140034,-0.01147090326790726,-0.018904284654137828,-0.01579488698868557,0.02216682927019195,-0.010769437663394946,-0.014754094998046592,-0.009081570901981272,-0.010557693095137433,0.0035354449813376635,-0.012343257833825906,-0.006903755626297086
2024-10-08,0.018236746214728466,0.010563468311108654,-0.0007508537868205542,-0.007399232494344503,0.008553361955159237,0.003934812590242384,-0.0008536154563078364,0.004949893636224337,0.013773115312437398,0.012544838026224353,0.03968131682871131,0.014824171435114032,-0.03231753209335895,0.00941320719075716,0.0150141824554343,-0.026440071173848584,0.00574968034768429,0.018509982860621638
2024-10-09,0.016560565824221957,0.013319379012842232,0.006490316948975564,-0.0054610705017173605,-0.015449006539615,0.017190246885622713,0.01258955300753761,0.022579697734282044,-0.004022335902802981,0.006609314635004209,-0.0018077063688764694,0.00783763242878299,-0.005369607183981486,0.00690247597092669,0.006946216701207093,0.006021317535818695,0.009218678649883702,0.011126039472988618
2024-10-10,-0.0021806327310848785,0.00796086049904925,-0.005489007555830154,0.007316064767089658,0.001358168290745331,-0.002894175176786678,-0.002721412892362242,-0.009701658866510946,-0.011376631844422393,-0.0038882785362851354,0.016152341646412997,-0.0011361314191440045,0.018492651901130898,-0.0017514865874064195,-0.0008356777127213215,0.006744242410591509,-0.003063431385852586,-0.0002603327944482278
2024-10-11,-0.006526728043427087,0.01155904643352474,0.04834911127980643,0.01085428686886074,0.007131537114100242,0.024667306195571476,0.04344218022506684,0.010063752559433413,0.010427953994225777,0.0011537886172475478,-7.405664408115913e-05,0.0015618793132915147,0.014690718490347069,0.005970301784518169,0.002147528637804943,0.0061604882390225305,0.01910201283249638,0.0017344510741502449
2024-10-14,0.016345680407718235,-0.006802098901968148,-0.0009540261352978954,-0.0016308312397319176,0.010481440633692737,0.01241543978858093,-0.00365062939623439,0.03333828896790034,0.0007962019656033546,0.006750622119645914,0.02396862957161232,0.008356427692516016,-0.009068716523513187,0.008145081837390078,0.009608120932467181,-0.00043120607971883186,0.006215694614921438,0.01295690158021349
2024-10-15,0.010964224425503072,0.0007995584839864811,0.0054729577697728475,0.0034623584364339233,0.003026651537997467,-0.0007078527092673722,0.004100292391838237,-0.11539385063724039,-0.00705357819623482,-0.0009546687146410183,-0.04799380089788591,-0.013456974907295154,0.005938818116742258,-0.0077999686368360405,-0.01163630308134447,-0.03276112171993068,0.002134714618921871,-0.022228080331271237
2024-10-16,-0.008891228931429277,-0.0042714734594326426,0.015540710011823283,0.0049891427128232555,-0.0018148728427330328,0.014217221099584532,0.00560495399540899,-0.02950364579056909,-0.01630229698839153,-0.00627648124417874,0.030826887966629458,0.00012225764325249624,0.006942088506047378,0.004336971876182105,0.0019089857198576555,0.004778105906947245,0.012290814619626627,0.0030999980117519636
2024-10-17,0.0015950751966288344,0.003418620886077508,-0.0046838428181729475,0.005970452161761758,-0.013594020399034462,-0.0016242188126092594,0.0034818295471773664,-0.013579893855619552,0.00024271954450036932,0.0014408913508018773,0.008875892497325845,0.0006923441442918986,-0.0006920573988209944,8.599310033373855e-05,0.0015484464692978796,0.004755384134899254,0.002734169422036308,0.003046986169479421
2024-10-18,0.012201807667000455,0.007755306570388279,-0.006594381918723887,0.010562207979593495,0.0030027938545869725,-0.000945773843268517,0.004224217561083243,-0.004110265407814434,-0.0007976980014804497,0.003449573866339328,0.0077838696637059415,0.006533347593638768,0.05881083160089804,0.0038389937679599064,0.0054600368601853055,-0.0033152760951044155,0.00021007447389521206,0.003557404380109194
2024-10-21,0.006278149585819692,0.0004232229251258213,-0.01332095653608499,-0.0001990210805239133,0.00396970205351987,-0.02045353166455355,-0.010571686004961663,0.0,-0.0022749265752651892,0.0014814944316089394,0.04054367112187221,0.0019194234846317201,0.006830437764403722,-0.0016435547744221436,0.004016537513589669,-0.00299316612865476,-0.008011869376050262,0.0046662818367680025
2024-10-22,-0.002625229368123095,0.0033265052557146266,0.012848181088242809,0.010729555523637746,0.0065004405581947314,0.0009651259237005857,0.0050097375393281405,0.002194420290187813,0.011839386462812513,0.02063216040380865,-0.0008352359522236715,0.0010893935086090643,0.02844094517041102,-0.000531233286671082,0.00023567452685704715,0.0023287722116768507,-0.001907000023659856,-0.001035108338334026
2024-10-23,-0.02186021659325295,-0.026656796914304174,0.0009453274846793218,-0.012123752431615111,-0.014394004997225263,-0.0021246538995190792,-0.003172946374053544,-0.0019196287503186946,-0.031983233421081475,-0.006830245813678992,-0.028467573344633484,-0.015442456935531389,-0.032989403246411336,-0.00917942688650807,-0.015202077250848912,-0.005219717800732348,-0.0008486137885288206,-0.014429408026043835
2024-10-24,-0.0008236926145666017,0.009000562616286057,0.007294941457703199,0.007663817134299539,-0.00036870281245692633,0.014015873227595751,0.007002833915269888,0.04966554250563011,0.007229675175576636,0.00030615356170265784,0.006072150576929348,0.00807605232313961,-0.0006514186073771351,0.0021603916004062384,0.005847005089487297,-0.00011120648623289221,0.0008486137885288304,0.0029288528554670197
2024-10-25,0.0036364825996623214,0.00774968161813032,-0.0179802440254545,0.0020548662166116312,0.015549630717589894,-0.02294974131936096,-0.011938725165439566,0.014392442026679773,0.009587858873760634,0.008019793599015345,0.00801561364956664,0.006075136663844556,-0.0019569925877093177,-0.0003455423012858097,0.005102860120914585,-0.00033422853414221386,-0.011089806930523055,0.005180718062953525
2024-10-28,0.008562672971425022,0.0029769707636567114,0.017276579278910444,3.945329776617785e-05,0.008735201249495549,0.021194094908810013,0.014247287655611887,-0.029127758558570256,0.008528577855842157,-0.0036502327224060375,-0.007232402857319112,0.00016151523055104992,0.0032594678004638517,0.0030867649236738953,0.0014195353231037334,-0.006369685808988517,0.0123615442660915,-0.00030394333098610705
2024-10-29,0.0011562054870414215,0.01286871001658346,-0.0021139699908678433,0.010835937036952448,0.01759847795438205,0.0013361204183684173,-0.011596831946150177,0.03720525513401011,0.025816102525058122,0.012486491395575876,0.00518140000496346,0.009562550463139254,0.021249990163640715,0.0016169776628493643,0.007419295465149082,-0.015364091238555786,-0.006161796098853011,0.013375512563215581
2024-10-30,-0.015395885446496008,0.009907234588807736,-0.005186218541471746,0.005490789207931537,0.027781221872056606,0.00022871238030049783,0.006751527240159198,-0.024038503281075624,-0.0024979346094000637,0.0013418686542398706,-0.013614365766067709,-0.007586366495103104,-0.01865005613505044,-0.0030296026872412524,-0.004350727600314863,0.002274301993097632,0.00446584188718755,-0.016028720976497452
2024-10-31,-0.01837732705189544,-0.03339535403553647,-0.011648810526545539,-0.01561647178727062,-0.01938885502741846,-0.01268509519639262,-0.011157906045136808,-0.027853269467289853,-0.04178701575342284,-0.06243685357917225,-0.048373896648429816,-0.02556682553591874,-0.03299540550007601,-0.019797963432215397,-0.029781588176014902,0.0062277229947371475,-0.013887534145361353,-0.032624217792803514
2024-11-01,-0.013368578142622366,0.060018526321249224,-0.001435786225196029,-0.004110813705942248,0.001051334587044795,0.0030082877328323297,0.004585846596301571,0.006034265949605206,-0.0007402299287972968,0.009844308808418283,0.019690320908507957,0.007371822470110567,-0.00909858167856085,0.004211678376356711,0.007137259004102845,-0.006341438053555819,0.0034362656797913916,0.007486252409764405
2024-11-04,-0.004045777717688089,-0.01092182223034851,-0.010350128993592849,0.0014248987496042703,-0.01204006965217848,-0.015288917590883732,-0.014275627115427857,-0.008458142290984412,-0.01149102789183718,-0.004665257746190879,0.00478915923530701,-0.0029174887913919986,0.003042025165665929,-0.0021563387077012815,-0.0031390497264444004,0.017342765931592896,-0.00774862806820947,-0.0007595696870989982
2024-11-05,0.006465341994951844,0.018822662731709527,0.013219642917152035,0.0022519104403696992,0.002949950135543713,0.029835686568658235,0.007750442636706067,0.029622959977548928,0.020740106900444418,0.007317938934530326,0.027976817218828647,0.012676199679548136,0.004041798729938372,0.012019296392962288,0.013690780666482022,0.006676403420487957,0.00924826310186754,0.013980629182939588
2024-11-06,-0.0032723454648742574,0.03733922736991443,0.08092386513311721,-0.030857976694085517,0.03910973055380657,0.12308245412815286,0.10925371331091673,0.004961454620689451,-0.0006640524935497438,0.02097128455800276,0.03993244359178733,0.026800852183302772,-0.0453841955944434,0.024561573185624373,0.025669473076574044,0.036906247629809916,0.05902408111530047,0.0280742442654116
2024-11-07,0.021146995079634842,0.014192148444279072,-0.014194106618534416,0.01594864539186116,0.023737305221220927,-0.023444653594597565,-0.0441904840569022,0.031158384169211184,0.03377338822876692,0.012417305673438855,0.022208924224246574,0.015621457016419048,0.023636842327411596,0.007702320909745663,0.015343184697050562,-0.00460662623677622,-0.01627708329334069,0.01729119130629041
2024-11-08,-0.001188971492537396,-0.008942557238934116,0.008009053618103756,-0.006792442588197375,-0.013367004077044541,0.012105001832290938,0.0025349791084012105,-0.01283297929917601,-0.003996411461443225,-0.0068162602768291,-0.008431516841448895,0.0011679479801539093,-0.021879708253994736,0.004322491038592225,0.0027437952482640927,0.006635254661778307,0.008985184265117576,-0.0010956944591102562
2024-11-11,-0.012101449498212746,-0.006457525082191786,0.020831858993596675,-0.02375140115119195,0.011151626443667207,0.021954526720972343,0.00970047605537476,-0.026301882346487105,-0.010524824488156451,-0.010778701168551072,-0.01618413882457461,-0.0005836238851064906,-0.018069587806100955,0.0009521646996652316,-0.0012565503774325916,0.005637432483643425,0.01413033601851194,-0.0055389893238027114
2024-11-12,0.0,0.009958024917575062,-0.0047858007424865555,-0.008668821068980244,0.007017026978778658,-0.016319112765765705,0.0011276845959893869,-0.006189515680881166,0.002825382755662879,0.01193770620447273,0.02064454192110596,-0.001811749541642748,0.0035688968373245892,-0.003111074729682036,0.00022859717283131326,-0.0053175614671102,-0.003011171345551806,0.0012710631000302209
2024-11-13,0.00396129963483659,0.024539669362855586,0.000218065290162521,-0.010132384997697268,-0.01520134586394476,0.002746707575121659,0.006656751832054603,-0.02474210679179318,-0.008276015044335748,0.005116516039656945,-0.013715460291360998,-0.001287540832093316,-0.01652333145359554,0.0004855474799212158,-0.00022859717283141862,0.007754161468258938,0.0006029600782059423,-0.003478200080257362
2024-11-14,0.013676494129966283,-0.012312812938838414,0.0006538247106229109,-0.002612551531378293,-0.01862057495273489,-0.009485831184394713,0.002939752222100929,0.012648263223979214,-0.004908445471982933,0.003966747698392304,0.0033443801879045514,-0.006974014189183522,0.0072176009938351455,-0.006450779429981379,-0.006537172970286843,0.003801973612350028,-0.002615430558686119,-0.003405378705747626
2024-11-15,-0.014209658442695373,-0.04284745921407266,0.01834911208942733,-0.0017736414154014318,-0.017755378598756862,0.008340881832735892,0.014122328235012152,-0.06547501361761503,-0.04081066010141491,-0.028247930170279083,-0.033112302460422585,-0.024114322593325913,-0.008667435075495323,-0.012891449069122629,-0.02034113726311783,-0.0014769689230682357,0.004622571422938552,-0.025128676494279408
2024-11-18,0.013332926109904214,-0.004501522120521847,-0.0006419331892931927,0.01884162282592499,0.016159454252041253,-0.00939476763918714,-0.001142006832738773,0.0073957885227442614,0.0005776195816501754,0.0018296693155508417,-0.012973105668497487,0.006923658907301276,0.02895642819401945,0.004089116364646489,0.0035164040017719505,0.013213172395899277,0.003003411961391494,0.0032303284267789964
2024-11-19,0.0011395214906782835,0.01432430133148399,-0.006657324759565061,0.00891942849470824,0.015958823984522266,-0.011305332401738498,-0.007948968382588557,-0.005684147492921242,0.01199487696422297,0.004870746567937346,0.04778747181089832,0.006856133437878976,0.004219445114005378,0.0036488176777682395,0.009897199319839092,-0.00637486657185226,-0.006619359747805513,0.008160068131275138
2024-11-20,0.0031491009969562118,-0.008491035845116046,-0.007570133307398356,0.005616245032295766,-0.01208714280669311,0.0009456385159608508,-0.009548045913887008,-0.0017116410298229478,0.007864253300356915,-0.00552036560538747,-0.007647675353840602,-0.0005761395929151608,-0.014134497359469733,0.00033874168050923445,-0.0008113576953434032,0.010014589889138234,-0.0030232311329405916,-0.0008649000506861318
2024-11-21,-0.002098164010935638,-0.022430287385072762,0.008646820850373833,0.008304918886222272,-0.04861120277003341,0.024074923195982114,0.016394389322165526,0.04302937582934509,-0.004306182237297958,-0.004326088390182938,0.005332271265106755,0.0035907634464106748,-0.0021374950979851375,0.005353982844241787,0.0006955789524946252,0.008063750552588667,0.012636853722188835,0.0101160973272813
2024-11-22,0.005890135574902158,-0.00637175235688548,0.01155590874691792,0.012809813332372074,-0.017269352891769015,0.011127303706320072,0.015366000421304035,-0.006722872546714412,-0.007039449660538914,0.009953381110286172,-0.032710356948934205,0.0016027126103884206,0.015218782354583418,0.0030943815536372864,0.0,0.0015432435987028,0.01110011036493834,0.000513820229019212
2024-11-25,0.012966370936938485,0.021728540914003922,0.01058209430296581,-0.029901483187305778,0.017388638341854827,0.0004147235474118675,0.006976133805867948,0.014622733817607196,0.010620394556956254,0.00428340797233777,-0.0426727915584615,0.0015804746888491387,-0.029948768610400717,0.003386516581217846,0.0008107046262208142,-0.019936256172289127,0.006484020917602022,-4.284672310559702e-05
2024-11-26,0.009360464058107474,0.03132358260823746,0.005249431148956613,0.001936433160954421,0.00872997612061425,0.004087303133200702,-0.0012793059630289772,-0.013934697638878665,0.014807139371331214,0.0217302626975466,0.006594877111326975,0.005354873202831216,0.006133884691392979,0.005207999689768441,0.008990363517018546,-0.0013643044120666256,0.0019566340078644114,0.004996255302560384
2024-11-27,-0.0005532952624121473,-0.010251516694207487,0.00041882595138147436,0.0022202481870022992,0.0006503439844816735,-0.00011545289163344449,-0.000720376712228477,-0.015527663382375283,-0.007595565756611139,-0.011751375316011352,-0.01160692604749631,-0.007904690583101443,-0.012669797503399584,-0.0030346594097351563,-0.006561829988440667,-0.0010506359078873637,0.0019527369005148277,-0.013638218926487457
2024-11-29,0.010164119329824764,0.010395828320660513,-0.005457720008973616,0.008587567442534243,-0.0016559481602785085,0.005172924213646564,-0.00028024470604231714,0.03176592658205694,0.008954809995387735,0.001110566644315841,0.021273715587895096,0.008748496503725254,0.016977084877436717,0.006192745815013075,0.008968565984568019,0.004300986938672626,0.001559418249000693,0.00924105783067488
2024-12-02,0.009477418125383955,0.01347372166869659,-0.009941964290457139,-0.008792948302693988,0.014922167454983202,-0.006394465140560866,-0.013993082304671247,0.06078388071275368,0.031721000251788284,0.017602635999916835,0.002744673886750865,0.010829063084993056,-0.004667003927862229,0.0017908603149040228,0.007753819169821267,-0.010629020305661359,-0.009983460516139409,0.009453354362822403
2024-12-03,0.012691009298981702,0.012872961773847143,-0.004687902423220283,0.0020107532444556663,-0.0008750728890462101,0.0006147525190680523,-0.005823941699930783,-0.002167766507781912,0.03451696046626433,0.0005103432898376642,0.011689512398268214,0.003061454502177459,0.017478588609722526,0.0004634692380657936,0.004759033429113913,-0.00010566469452671467,-0.007504003264116148,0.0035960154694714007
2024-12-04,0.0014825707720744507,0.021872981158048213,-0.009657580496339203,0.00302908748607766,0.01752950403177703,-0.005613035794673464,-0.005817079278639758,-0.0010215735578749002,0.00021185481668714603,0.014321832782913758,0.03420095933444592,0.01228722206650958,0.00880132398427599,0.006190608703054764,0.012916600169143163,-0.024420165604110054,-0.0037731464110167647,0.018120426022523877
2024-12-05,0.00012340628273707047,0.01089568506430291,0.013494815815686376,-0.0074252082091734815,-0.009970858436827231,-0.003195394517308351,0.008509297272898586,-0.03975247856647983,-0.007933232305895613,0.011817736164122317,-0.0004824406836717148,-0.0027751535587663004,0.0010509294789879833,-0.001647160499821848,-0.0006698772037780355,0.0038956056670504014,0.0029799861127794954,-0.005072454139187199
2024-12-06,-0.0008233757757571519,0.0289577215747153,0.00021386808216286186,0.0003705001517975754,0.011918985225690086,0.004814119244490189,0.007629338296255464,0.018182385769208224,0.02407831688688653,0.002144061057540624,-0.018226688860072494,0.008909935385254503,-0.010913661179437118,0.0018937400783937048,0.006011946916046234,-0.017101878073283477,-0.00019829157927605582,0.0038690254301884854
2024-12-09,0.0159730781392521,-0.004149028072046304,-0.018131249815358474,0.009870874002918592,0.004915841400524086,-0.009314779649140549,-0.014455532062352379,0.011166069934920045,-0.01648737234880452,0.005508084054511961,-0.025814794011919478,-0.007817957635952479,0.025512463504238383,-0.0051628296258001555,-0.0057886333003712735,-0.0016492997120181293,-0.013785182926455008,-0.006540224452824187
2024-12-10,0.004125196716571002,-0.004654999543156226,-0.0034911531779583593,0.013078415980993926,0.054376361334975594,-0.01541809947909362,-0.003904104256662772,-0.030412566438717363,0.0093277550319842,-0.006049367753604238,-0.027312890067357407,-0.0034133985842910667,0.0003450139416761249,-0.003113859477937577,-0.0024592830188944685,-0.006846182462252402,-0.0002010841426872648,-0.013972788330172322
2024-12-11,-0.005179501014866014,0.02293094704166905,0.007187309008668261,0.009488652360594872,0.05377441513556353,0.012788990934616844,0.002754938247144787,0.043499187392455924,0.021342586395467465,0.012686237995035972,0.030908435127401213,0.017744206279861185,0.0017232864446540175,0.007700935315359931,0.01631834372607884,0.0016605319350461638,0.0020099649576727214,0.014390491083091409
2024-12-12,0.005946060380318725,-0.005618085452278564,0.0,-0.01477229774782158,-0.01776169263755805,-0.001604536781359955,-0.008246522355854177,-0.03446152675801721,-0.0029917480632721443,0.0012686584936829938,-0.014241993437873687,-0.006474639650548333,-0.02935221648436049,-0.005165913499901922,-0.006628297651869716,-0.008108045149855305,-0.004427315078941001,-0.005613653545147154
2024-12-13,0.0006852734550317814,-0.006616567663893641,-0.008937509789917026,-0.01216527622337442,-0.011210790979308015,-0.010415720869259475,-0.006604688366532539,0.008956813443368142,-0.016689158268139128,-0.005106846719802948,-0.022755880284121857,0.0076250601739918985,-0.0160861648062145,-0.00019853872071488776,0.001993046862633119,-0.005030974708969615,-0.0008072413139294943,0.004276093816077337
2024-12-16,0.011659546023243034,0.023763519526408726,-0.004388777913436154,0.00241229791280552,0.03540006542003939,0.0014509159620801869,-0.0015015005520571285,0.020378551768069002,0.007057462618112861,0.009612375081595964,-0.01690196132161028,0.014297754829181953,0.0018001530602822508,0.004260687828236235,0.010782351384966539,-0.02221297845930779,-0.0018183829657522639,0.009948149709728456
2024-12-17,0.009672595130981274,-0.0076711237701660145,-0.00927984563631006,-0.003846011153453628,-0.0063252084394251696,-0.0200694216082022,-0.005105319891763176,-0.00025714776321619635,-0.007719072918587091,0.00633508283658725,-0.012271801418391242,-0.004413381881839035,0.0003596557893496845,-0.004128564198781632,-0.00361765506153397,-0.007477030287339697,-0.007102957339622411,-0.006065296568015002
2024-12-18,-0.021654567925706178,-0.047078410933269275,-0.03501194941796211,-0.01937149963953244,-0.03658384193997586,-0.04344060040740141,-0.03409543371247616,-0.03411855147267811,-0.036580501542523916,-0.038284634357638486,-0.011415412673756687,-0.03674361758464784,-0.035129813879763286,-0.030256520766793266,-0.03384477112948586,-0.030003314956278827,-0.030396260388623392,-0.03278428760747488
2024-12-19,0.006990182973477677,0.012482931876037162,-0.002762489730825597,0.0014200879312812307,0.0005837112519572627,0.0067736595975311,0.01118014788280713,-0.054517952794424174,-0.002716492068060225,-0.0008234431706340536,0.013636898095124089,-0.004463307137745783,-0.012366652583577019,-0.0003072584615240992,0.0017026174290917886,-0.008723384915651965,0.0035628850478222475,0.0010759104991923418
2024-12-20,0.018641054768084406,0.007273430311082978,0.018047401186769226,0.01037999743966833,0.015266766138869901,0.02162409818019858,0.019721909066290677,0.00811196181690502,-0.017479805037610163,-0.0009842427097601135,0.03029856619282355,0.008694601099107292,0.014970325031890788,0.011939648015103879,0.010941466728577619,0.009793438095526873,0.014744324106718406,0.014815076045238814
2024-12-23,0.0030602926490455144,0.0006222471909635992,-0.006359453290621401,-0.004719916680210798,0.01668261096199636,0.008233305739640272,0.0033192342917005985,0.027613487461221047,0.02464057162375277,-0.003097016410427392,0.03623250055834111,0.009695446590612743,0.002596910939041334,0.0059703602676112535,0.010743505851578381,0.005855504676342924,0.0023985063064510042,0.010539575750597965
2024-12-24,0.011412643345853641,0.017573311182246015,0.011102399416401348,0.001990032656870636,0.007575411295450344,0.020822867985072754,0.01630986895640283,0.0004064409457687085,0.013084053993390998,0.009330246238435163,0.003930121131408304,0.013468798512456774,0.0011109309240458646,0.011053541106187552,0.013145783089517245,0.008423795042400607,0.011703223883529356,0.010280105994593643
2024-12-26,0.003170779304427241,-0.00877006267142877,0.0038232494753751784,0.0067284927019149185,-0.0026039254843785637,-0.0026802898786502938,0.0034195067515314518,0.0021647605884341807,-0.007266202391691813,-0.0027807593261932593,-0.0020702967643343503,-0.0006796332097432683,0.004431282444005689,6.683036504476618e-05,-0.001317898167524577,-0.0008274825980465464,0.0024465010282012376,0.0006649827667714551
2024-12-27,-0.013330716177614567,-0.014640913829901727,-0.004724892978506684,-0.006894214453703814,-0.01462596565014263,-0.008726336319303406,-0.008135202870933634,-0.008006013742805084,-0.0058845636182591424,-0.01745300442989159,-0.021088443572040184,-0.013382217212488542,-0.014100388104558497,-0.010582515737152503,-0.01494619189419913,-0.0001182409020868585,-0.007357532735467953,-0.013384277725338213
2024-12-30,-0.01335213781759899,-0.011010096307821616,-0.009745210294748114,-0.0031947790408758405,-0.007916603471735858,-0.004574989755005723,-0.00770055692757133,-0.017176769030579023,-0.014390936239370756,-0.013327944612058757,0.00349716305354325,-0.013389080243262418,-0.012408503650395161,-0.011477116582275737,-0.010991768962275689,-0.00011816102602300697,-0.009687726868644938,-0.01279792430339065
2024-12-31,-0.007082823233938198,-0.008668295678212696,0.0009105584525033977,0.006214287831739849,-0.01019622515311043,-0.0016227739858597921,0.0016283606674496775,0.0011082756664701284,-0.009738748233667055,-0.007869258289796805,-0.023549378486750698,-0.008531091817824339,-0.003790769552152574,-0.0036447900509968315,-0.00872168631319678,0.013042950839283522,0.0010351569554801696,-0.008351318716739033
2025-01-02,-0.026586284356441607,0.0037760870596221323,0.007706497344447718,0.013496228917030742,0.0006864666134391599,0.0040955649917651825,0.0012090283140629232,0.0029030872463072133,0.02317888670033272,-0.006951776045787636,0.029495854198452288,-0.00195794654953936,0.022531947545081178,-0.002459961564865795,-0.00045525399250459866,0.011606343913402197,-0.0024860341081451957,-0.0023683113825541335
2025-01-03,-0.0020114679136594873,0.017866865271653997,0.011672298823377279,-0.007895124609843816,0.012381443998657113,0.008934256232609248,0.01357413757343274,0.03619513914242841,0.008954732906991732,0.01133126948448819,0.043574381550611226,0.0162328017673887,0.0018549156571376919,0.012425949719521512,0.017040476085754784,0.009303480519271629,0.007851292497134335,0.016163954763599865
2025-01-06,0.006716462823724333,0.015139723199454136,0.013080850087230771,-0.0012328556129918074,0.0261425274936578,0.005603853269004275,-0.004887363430865264,0.037498697940188126,0.04142045292254684,0.010573271084037677,0.033756070053507004,0.011427314887794719,0.00959063906606313,0.005743928888736339,0.011016603581110458,-0.004583408609929119,-0.0030918705471357634,0.012645046649141924
2025-01-07,-0.011453176831198555,-0.02446088330127337,0.014866874266222121,0.0056176267350635505,-0.007034190998904878,-0.005621012946331596,0.009586456212146405,-0.005916468636969307,-0.019726774002868996,-0.01289083170670146,-0.06418613606176692,-0.018005420533193275,0.0032985242694996164,-0.011368392539831382,-0.019105547114212244,0.009942233608163095,-0.0022733878418533787,-0.02026678061922771
2025-01-08,0.002021008618495214,9.006065292234922e-05,0.0028170328986605432,0.005301603121984425,-0.007908912312953435,-0.00017236856413517797,-0.00016459189406308727,-0.006211199163306812,-0.011672075558014378,0.005171689215201735,-0.0002140470771220685,0.0001746485738363895,0.002558002323377295,0.0014599780364298663,0.001240109846746279,0.001022984036517968,0.003305047182104561,-0.0003420004588959626
2025-01-10,-0.024399103678973594,-0.01446508722386957,-0.02409204080211262,0.009512918374949771,-0.009896652360870077,-0.03512583487070803,-0.013499192983044975,-0.031514163404440146,0.008381154233149012,-0.013301845372670304,-0.030434810508772607,-0.015805247101539462,0.007635048576468728,-0.015385336560276882,-0.013954473377545384,0.004081054283943898,-0.02442461632307916,-0.02204739388685116
2025-01-13,-0.010397980476670161,-0.002194768679336334,-0.0011092352207768116,-0.01000110030367562,-0.005378025588539926,0.005254122341903315,0.01793151387070709,-0.0026830317129545585,-0.012302117168668261,-0.004209754232900795,-0.01991594804979075,-0.0032189973950665232,-0.023823795962864006,0.0015494529999662216,-0.0033188730725582684,0.020824892169617706,0.0071595219920015845,-0.007106227502599883
2025-01-14,-0.004789586640451314,-0.0032094484707197966,0.015852449047366043,0.005235693007988435,-0.007092750960825238,0.015126048780426596,0.01326074646659716,0.008160186781901254,-0.023417304204773365,-0.003650148263079361,-0.011095060700391828,-0.0009499804242745226,0.00886274926581948,0.0013748771556175742,-0.002409924442081822,0.010690423917442944,0.012303377973732202,0.0026378527412472784
2025-01-15,0.01948482149103695,0.025346561447878488,0.028425683439759323,0.007461090407550896,0.030583210110024683,0.05843097892350998,0.01952777181918039,0.014417433713181294,0.03776341550728081,0.025275085137600344,0.03343616578197316,0.022745679893616103,0.027557883270230673,0.01802673111940654,0.023618694400276353,0.014691004308182513,0.025172591844266647,0.01969409942960979
2025-01-16,-0.04123893151690381,-0.012117003196939351,-0.009814536991249704,0.0068871946090514665,-0.013592353618843724,0.011600669421279146,0.0075795537638324775,0.039523493836847924,-0.009475774415077196,-0.004066381700702156,-0.01979237157166056,-0.007030598624764963,0.0028572101957236107,-0.0019251302809906758,-0.004273514285437594,0.007211776384313771,0.006647245335722918,-0.007735635131157614
2025-01-17,0.007507064696791382,0.02364641617601076,-0.0023613042382351025,-0.005321403332684962,0.015890873552281054,0.020905917740083452,0.019048999819090518,0.013540996152356257,0.002401901248050945,0.010426461096747611,0.030524318440046147,0.01673751708730998,-0.015454046768909673,0.009989991745035336,0.012988489401684873,0.00769228627374326,0.00839670891900091,0.01554014208616096
2025-01-21,-0.03243627073323865,0.02089205157407654,0.0027901638816236344,0.015366546556984287,0.010404822483876705,0.013960856591456003,0.014822467870046898,0.0148333488814101,0.006003740111984598,-0.0012361368726452522,0.022403425677288254,0.005847830190747795,0.015454046768909557,0.009111737917268138,0.01018272107499647,-0.0051214974654262575,0.008326790872441668,0.008294834660857628
2025-01-22,0.005330667375457601,0.018466503377704703,-0.018821567995425642,0.005122510213068569,0.0016144487941715867,-0.003171651140417881,-0.000722521406022601,0.021245068565208556,0.011355284924655814,0.04047652294560006,0.04335530962462631,0.012704873516370743,0.0003565099522874926,0.0056057265506004325,0.012149275382861787,-0.018353224518565824,-0.004749694849400086,0.02232798719617208
2025-01-23,-0.0007597667449294769,0.0017431021503980866,0.013018121120289567,-0.0014158718257654048,-0.0019679257226058594,0.01064290748114213,0.011762789814849094,-0.02456342155675686,0.02055719990438983,0.0011423652368763003,0.0010192802084361431,0.0021237267372425815,-0.010032286966621637,0.005443181011497253,0.004883663134033592,0.00456571514381731,0.005736362262021439,0.0017798134507585768
2025-01-24,-0.003942335063843827,-0.0024241067445138365,0.0027984879688107665,0.006199449222329872,0.011200820097319816,-0.004074073441600433,-0.0041825472874586584,-0.01926611881460304,0.017197437391513217,-0.0059499935887853544,-0.03174443740492834,-0.00566721699196408,0.005028724278274428,-0.002923547955896641,-0.0037963509480015392,-0.009699841369572087,0.0029541745753320124,-0.01047562275936104
2025-01-27,0.031285743998031273,0.002424106744513845,0.012178357604616684,-0.010459313683880304,-0.04286167067733055,-0.0056998382989756555,0.003806420292663587,-0.052165508155250055,0.018954599920321526,-0.02162561268534637,-0.1859461131303102,-0.029546683278907738,-0.016254675081664408,-0.014246368451215253,-0.036971507929738884,-0.01045857724703897,0.010952657899991116,-0.05026015258850205
2025-01-28,0.0358920507137915,0.01152955641148476,-0.00532317289717462,0.008619165823801737,0.01803169068482768,0.00711203023928191,0.00484068593483315,-0.014919648231678581,0.021661722974823956,0.028672020659799565,0.08549736499756076,0.014671550077685103,0.006171741561906741,0.008555846234363987,0.0198732264753222,-0.009563031464281106,-0.0017522349711927697,0.02632359858056852
2025-01-29,0.004606184324655427,-0.004545214548105975,-0.0019233438315037997,-0.0038478030414185464,0.0005630158683394643,-0.0006586961530927178,-0.0020986174556190495,0.008552735661302633,0.0031980583427213905,-0.01094972158629985,-0.04187561547375504,-0.0018797048953148755,0.013302401613871232,-0.00449299756588761,-0.0068773751298118095,0.002232106814411623,-0.0007796566404714028,-0.008165359533049431
2025-01-30,-0.0074222408144265315,-0.01030306500192206,-0.0006418255276341656,0.015031970539815968,0.027558102977790322,0.012968953478066002,0.006170542432094266,0.07162411330814795,0.015416561644682266,-0.06380195771154011,0.007650554032242074,0.004253207815922629,0.02538921009654936,0.005352624078568015,0.008975762316060872,0.005115139485179469,0.009509988295572789,0.001853726261073225
2025-01-31,-0.0067146479891791785,0.012872778270920829,-0.009030437743343752,0.0019744486005825435,0.015560064939150482,-0.0082420192820472,-0.003473211682566014,0.003956025888320839,0.0031681582951552127,0.00016875526402611044,-0.037434957560758333,-0.0014541426524306363,-0.007338809319048007,-0.005336264620740578,-0.004976641922971499,-0.02834849392161627,-0.005811643452565567,-0.005875122509757397
2025-02-03,-0.034442427845016575,-0.0010944834258047257,-0.001945797815009877,0.005323078655223284,-0.013769494779155936,-0.012618387609610794,-0.001834876019540486,-0.010667399391745288,0.011942732167211754,-0.010024581145684969,-0.02881111168562612,-0.00803521037178947,0.005596371603680323,-0.006752292334652508,-0.008349582021953553,0.0062561855823524935,-0.004088401230966742,-0.013565781515654374
2025-02-04,0.020790327049243183,0.01935490231141661,0.010762062088368076,0.00980023748604468,0.02527065449240606,0.0028580816163615882,0.0042263846992245625,-0.003497760424723173,0.009602894813985468,0.003522511625465829,0.016914206165716338,0.012200434685062544,0.019002100267005564,0.006685926836990567,0.010896185606091851,0.020760406238062145,-0.0023439188630970985,0.01430222032449997
2025-02-05,-0.0014184269393545564,-0.024633742288564034,0.008527027972776328,0.00619034264242983,-0.07571944561138613,0.01761507996510314,0.00925011431715879,0.025086266070406694,0.0009653045211763216,0.002228546820383526,0.05077485051581471,0.004527731998234382,0.004439176447978981,0.004046405680562023,0.004193345038106983,0.0021080998465791523,0.010503999111004485,0.013801522982847493
2025-02-06,0.00322096622531368,0.011200132499427723,0.013284499477177133,-0.0026537744373774834,0.001410076224181587,0.019591303213808694,0.023643106640509434,0.010802936911425485,0.01005039931829469,0.00610298158405231,0.03037583582212831,0.005206220861148471,0.0010215829095749245,0.003469690167650366,0.008006757186377176,-0.018568847720318506,0.008286009360160988,0.002729122074380767
2025-02-07,-0.024260743875656753,-0.041375225115693685,-0.007147498538689039,0.001782570144409176,-0.03321793833898597,-0.0035307267905046826,-0.00398038292217318,-0.006054795259451453,0.0035473049210023775,-0.014705359719003252,0.008974120050238163,-0.012693548487848203,-0.011984340491444357,-0.009195733845060524,-0.009328903271883935,-0.00011299019421108877,-0.005580637898099832,-0.00859620734359569
2025-02-10,0.0011866867973147088,0.01726234455405195,-0.01552076127097025,0.01679638680250656,0.0060784019465024205,-0.008220918243354355,-0.017409496325829218,0.01686187271734273,0.004022460163565541,0.006010021317124562,0.02832296972128091,0.012032486246542873,0.005838933712798144,0.006768133482180273,0.00834511603016747,0.02178017966905105,-0.0079435037103448,0.014497956160245977
2025-02-11,0.02159686229322903,-0.0016312726853763525,0.002568082135163825,-0.003658285589870855,-0.0061863433530341795,-0.005070271490453586,0.014468190530469783,-0.00562911832236844,0.003339791052925905,-0.001893978503425346,-0.005781425513216704,-0.002383588605456578,-0.006872905415825161,0.0007604475555592844,-0.0030663979313957355,0.008032809292295894,0.0025255727529817228,0.0004655310461034606
2025-02-12,0.01810530840941033,-0.016591608211964908,-0.012473411863826061,0.001046607072714827,-0.009270131544128868,0.002715627131669828,0.0016715938607044902,-0.02050671219465742,0.007722312631354762,-0.005850285554868431,-0.012578766202813282,0.0005870708289053863,0.011655947929039448,-0.003226897978572042,-0.002306090432821268,-0.024407552521004527,-0.003498607085499957,-0.002160318977061417
2025-02-13,0.019482183788990057,0.006270442838655877,0.002593613113698689,0.009814510830150894,0.013685296969741691,-7.708188999544848e-05,0.0031534766568647645,0.02098701179828314,0.004374334905776181,0.0036604185889007293,0.031154902860570374,0.014283149601835878,0.0040816020420066275,0.010502227295592378,0.012672320617609955,0.007496441599915011,0.006598053641533046,0.014063984404584697
2025-02-14,0.012630594967861392,-0.007363076447512864,0.0135063143171906,-0.014983466926549421,-0.004900839096381783,0.017717030761840176,0.0009764866124609915,-0.00662454341466438,0.01106994317783272,-0.005152834155394223,0.025973733309642755,0.004189892996402993,-0.0051046434557229965,-4.915336877765427e-05,0.002277001120476543,0.004004957845739495,0.0019324934661238361,0.0033811311625585854
2025-02-18,-0.0005316274709570028,-0.008916663909923439,-0.009198912196138137,0.01642526914447792,-0.007913300369303685,0.0174682994837259,0.012074757788534179,0.04524475519599559,-0.02794314655260826,0.0029582363649602625,0.003953285283349827,0.002264280759471182,0.020264131038491645,0.002931466307709479,0.00032482739046440443,0.013563654167193519,0.007117347473381641,0.00908480231822277
2025-02-19,0.0016348167622983812,-8.819720145894445e-05,-0.011238395697960174,0.0005539429240083393,0.008129193648856513,-0.006028345076985068,-0.0025036587490738097,0.012396829758738749,-0.017745156986219222,0.01244528428152225,-0.0012203144289284471,0.00027816381773661995,-0.0033489777656936777,0.002352377052266872,0.0003247219118920428,0.007855183139896808,0.0003832539814540161,8.252390611155105e-05
2025-02-20,0.003912790097394392,-0.016685221316839496,-0.015551774653538589,0.000516699154436362,-0.0038395709345574727,-0.03951950588834986,-0.045608116891358276,0.015395381853663985,-0.012770043565184621,0.00527684518151524,0.00630060974003788,-0.00425365842330451,0.004685460260634214,-0.004169244904220711,-0.007387162643351133,0.009087110433311006,-0.015447335395479598,-0.0031844529455051997
2025-02-21,-0.0011396081644735152,-0.028673529284667792,-0.010875602135365828,-0.0009229691054979344,-0.02690838544419531,-0.026282028394950956,-0.009641409735900146,-0.034281210683118894,-0.016381782068503607,-0.01921612397368516,-0.04138426330905019,-0.02097291366326965,-0.012092878466372733,-0.017252048995169477,-0.023387908319932742,-0.02100306041888778,-0.01253183984587239,-0.027464626649575406
2025-02-24,0.006292526993913915,-0.018030235415601108,-0.007841384187852324,0.0054148811569904014,-0.0022847724204552162,0.0008628968900539029,-0.011035631893269289,-0.031651236178432435,-0.022817070036369628,-0.010366780415874879,-0.03135748577583991,-0.01187454128088894,-0.005082159567637323,-0.004560658050286892,-0.010660364158570248,0.0002198168809454122,0.0043255973072620245,-0.014409037558822932
2025-02-25,-0.00024293974720204436,0.0004230045694208501,-0.011764996207438715,-0.013276072540975698,-0.02159839926743157,-0.018098121721746088,-0.015190985910738855,-0.037283580726506366,-0.016038007392847442,-0.01521414608538603,-0.028416584572387975,-0.012679381310035306,-0.020937802997247252,-0.004985667960468419,-0.010775320788162724,-0.01450809534552353,-0.00019619533673366705,-0.01304308401948707
2025-02-26,-0.02741243635010092,0.00725744971005982,0.0,0.0015251697060953886,-0.015453367137324205,0.0046403376039614915,0.005385797181574658,0.012501091835957774,0.02434022350334091,0.004588689696816546,0.03606298840298956,0.002412831130061748,0.0038082306533260744,0.0005047276523352883,0.0070454025280418395,-0.005705744926871543,-0.002160998859141949,0.010837738080574906
2025-02-27,-0.012812563750172512,-0.02652073681079192,0.004087989750505576,-0.015357280506670757,-0.024793971656850294,-0.015941439789359815,0.0010041120713537354,-0.06517842612553328,-0.02321535403808095,-0.01817657405635984,-0.08859145138795066,-0.028164323679419682,-0.01883560792217051,-0.016090586880045797,-0.026157213747615503,0.005371049017998809,0.00549147603456804,-0.037086237548330896
2025-02-28,0.018951084186947617,0.01681666750153127,0.04389992984104936,-0.006285532695668532,0.010508458784577302,0.028177684707097115,0.021387018553616785,0.007455355688810132,0.015017966955253922,0.011298206730681527,0.038932529091025625,0.01566817024893604,-0.0031740514759475277,0.015484883120041119,0.01797060321173185,0.015392514579116362,0.020327836475211043,0.013121659250902994
2025-03-03,-0.015879649346846304,-0.03479859601476046,-0.011782755620647622,0.01309428477593445,-0.01939049291738183,-0.027747961175170113,-0.015344751777144814,-0.01258867843302746,-0.019876089005947426,-0.021643670751607412,-0.09094892921519282,-0.022125477960971557,0.015422686984179377,-0.017675269999276228,-0.025086461465188326,-0.03557029202671361,-0.008468159657473823,-0.030889456546787493
2025-03-04,-0.008861550228096498,-0.005968420431592876,-0.06553408497023648,0.008660029400338953,0.023141870812848433,-0.040666393116873124,-0.040602967868277606,0.00867182668180801,-0.023243315088990264,0.0003088179743623249,0.01677934865633183,-0.003022343629428353,0.008658062743114531,-0.011907293850438516,-0.009645916698702238,-0.009726100205967413,-0.0358095810585595,-0.0007777720070024821
2025-03-05,-0.0008056225157174363,0.022128220043401252,-0.008945492677287394,0.0020791481693780457,0.012211738438230282,0.020320642316665177,0.005101845635581989,0.03658788767557443,0.025408807100491638,0.031435081512493405,0.01123077045938652,0.012951789171382573,0.026205360417887732,0.010690353717385886,0.013734994749250506,-0.014710375174144323,0.005792506211096577,0.013952717430836137
2025-03-06,-0.0017406837006826556,-0.037456115209580504,-0.019821557863860775,-0.005094160642131142,-0.0038798964482483138,-0.043772264831525645,-0.020038002171613372,-0.0331820523275871,-0.04444822808918083,-0.010352085892590259,-0.05908591046205051,-0.027894842943317896,-0.002690883640899095,-0.0179105433535515,-0.029100730144926763,0.003029233243751108,-0.016668624475577876,-0.028149041751336923
2025-03-07,0.015767651839406743,-0.0072509229263983,0.004842860470472793,0.0005218196474086795,0.008722910843439603,-0.014192974169945952,-0.017430178028671493,0.03267589058784887,-0.0036216950373785498,-0.00906104418340054,0.01899190692690696,0.007326630128708929,-0.0033738351946060122,0.0055893217140628795,0.003833720759130232,0.016956424036292578,-0.005279196135249576,0.014379445996853528
2025-03-10,-0.04969413952822101,-0.023922554740530594,-0.038660509893945774,-0.008794495623060066,-0.04589498935527439,-0.05134308855249144,-0.04240889926973742,-0.06808022241720504,-0.04523310056729092,-0.03400592960461345,-0.05199878522832824,-0.03952739458487481,-0.016354692844249803,-0.026996817266839387,-0.038269292878449775,0.007407032659408182,-0.022648725713053354,-0.043439292601535895
2025-03-11,-0.02962380670226798,0.010482560161564325,-0.005538878469562614,0.01165930639065754,-0.011094099478103277,-0.0004327201167746139,-0.013351956251910501,-0.00611546110913966,0.012827391819297476,0.0007625843868829922,0.016501736476349838,-0.0023932581869383495,0.028781349366088733,-0.008347592381907083,-0.0018654691444211905,-0.00797902748238016,-0.008574805388167552,-0.004070548045661499
2025-03-12,-0.017633248059899076,0.011631581915007516,0.007545185094821536,0.004337373317600702,0.018542044562446573,0.008021686576714652,-0.005426278026005239,0.0430877822631395,0.02260816573957535,0.0073848815173584185,0.06229466299076358,0.011217678074462644,0.008640806032338614,0.005292522344748348,0.015316707860850414,0.004567185333808488,0.0014692299150231396,0.015616464170279655
2025-03-13,-0.03422274892490426,-0.02546092021137873,-0.006031626146277217,0.01760034574283983,-0.02637541462467426,-0.020556800760180148,-0.011962520394917,-0.017517758982071006,-0.047802773688192794,-0.011810564497453059,-0.0013833929690728268,-0.018154266515680577,0.017060796541682164,-0.013420289364922736,-0.018932756839241945,-0.0068586240858856205,-0.005467938233856346,-0.019173606791954255
2025-03-14,0.018007522852252683,0.020723473340341268,0.030290344022605227,0.0003996778676249641,0.016633948314122262,0.031140408440031905,0.03168773155364965,0.044567311928901496,0.02919920694143396,0.02551848014629073,0.051349503358979635,0.023882974430771885,-0.000976426024012958,0.02044539224722203,0.025408392746422707,0.02916456639854096,0.022931956465165125,0.029793535412340484
2025-03-17,0.0023859725357845284,-0.011227182074080659,0.013361004715528289,0.005398932434643415,-0.007277662406245742,0.018175057255800493,0.006389770221206733,-0.004840766463189235,-0.004453492487016974,0.00036026619574727736,-0.017745076192819703,0.006462794385910291,0.0032509906339674966,0.007681745675809987,0.0030399329167177056,0.015805686911614592,0.011679323275966744,0.006940315122380898
2025-03-18,-0.006140314258336676,-0.015030126840267754,0.005054838842199074,0.011604364010877142,-0.02228053658287584,0.0007977775604264908,0.004435993510843035,-0.012205488673290724,-0.03797446415047889,-0.013416093695738431,-0.034903127403256934,-0.017194376259605976,0.001297467442032613,-0.010867171874899478,-0.017144692752775848,0.0016434952028725354,-0.0012230403145927766,-0.015342387937424241
2025-03-19,0.011918018625125523,0.014007778521538292,0.013355754063460817,0.00409929439969153,0.01984292490224638,0.010026034667520951,0.017465731070690767,0.0073411751581658625,0.002914990729633038,0.011149551447065257,0.017944250649201257,0.013292695030928267,-0.0032467684641770416,0.010831906618755681,0.015443483924286067,0.016181227237087877,0.010953491224429058,0.012925884702347078
2025-03-20,-0.005310463195201758,-0.0030218279679656837,0.006376316006902493,-0.0012814060805390753,-0.006673073764159425,0.009535525662540442,-0.00041829048909998727,-0.004888090768224943,0.003316165661026707,-0.002530090619708565,0.008557527259815392,-0.0033953441934389565,-0.008163310639160981,-0.0028958818324559083,-0.002557439419640612,0.0036557380665311547,0.0014111774221154969,-0.007144896562439958
2025-03-21,0.01928958046898615,0.006442448675219972,-0.00023545325548975427,-0.008082476604942154,0.007283057310902493,0.004362449477520381,0.010902327744909908,-0.022297149162411628,0.017340178459721054,0.011361035662617692,-0.007027070855381454,0.003291242271048779,-0.01586284215942688,0.0003298658402161609,0.003043821161157253,-0.007000957088915184,-0.00363284065847879,0.002714565333384126
2025-03-24,0.01120739306756486,0.03530037223454001,0.01402870872425436,-0.004462490783133984,0.02225193117681235,0.026126918636968394,0.026262894103439637,0.02795475533067331,0.03720279425873392,0.00464087914614763,0.031034325734698574,0.021707046583332293,-0.002000713363243436,0.01775008426797725,0.02390148312622169,0.011329449218422532,0.017480066203506624,0.018761438833432727
2025-03-25,0.013589090744291274,0.011981521917604297,0.004864000778001716,0.004390711790074645,0.017029786444573224,0.010017048335563881,0.01230019848007018,-0.004111436555586045,0.011982685364712115,0.005277544606027789,-0.005947997580503561,0.005690351579622111,0.02048306991532369,0.0024007823092283237,0.004388308774725188,0.00408435058672297,0.00556771255214567,0.0033029917680981705
2025-03-26,-0.009971321561526665,-0.022515953159889142,-0.010685473574437682,-0.0008263225124260293,-0.03277823617715542,-0.020727533329768018,-0.00039839024936467755,-0.019895282587978427,-0.024781271446621532,-0.013220866385686876,-0.059134310275674694,-0.018572067390751842,-0.0016363687683878664,-0.012010067262381878,-0.021773691618599763,0.005882039735861432,-0.002978803465719035,-0.022556146223883404
2025-03-27,0.010418207068331341,0.001142864416179142,-0.006090333040105773,0.013316671121389569,-0.0172322396424834,-0.02648356011689624,-0.011659994145695803,-0.01762220876262714,-0.013843831424189131,0.001562952027639864,-0.020694319286351886,-0.005714363483389678,0.0255470321411718,-0.002659284863130742,-0.006309137477568695,-0.009750918851135864,-0.0019909386777181176,-0.009270851137436933
2025-03-28,-0.02693996501737922,-0.043855989217514546,-0.03126377542123351,0.007384788228782128,-0.04998360581226168,-0.028676046008760822,-0.021468403311970113,-0.029848916184866174,-0.04382889187220998,-0.030624504313062968,-0.01592077694349004,-0.026680480621459172,-0.010269656893657188,-0.020343714466003155,-0.025142963255867984,-0.004749085848315695,-0.0195196997391778,-0.024553201696356705
2025-03-31,0.019226538745356993,-0.012846835734262254,0.011569162992838253,0.014261049112946074,0.002006771281798888,0.005819664298947828,0.010037921676033524,0.0012386597066058255,-0.0006591399784340367,-0.009042716744666448,-0.011832353585052373,-4.263700735942972e-05,-0.0003226400711568997,0.006690341369994916,0.0031153830365898876,0.01097486687768694,0.012118871024143595,0.00048439895854296346
2025-04-01,0.004760696995733947,0.00998885850959942,-0.005767897903462076,-0.0019801896396476866,0.0155917120684268,0.003946129275282768,-0.006708060449741994,0.0017867404817486147,0.016587476638287732,0.017952257959341793,0.01619951884828537,0.00802866962718223,-0.011684670968372052,0.0028204874356634155,0.007190569601570094,0.005868233219104537,-0.0012053461238048643,0.0072865174073982256
2025-04-02,0.0031314275761356735,0.019785262896236874,0.008639372295024384,0.0020495598046479263,-0.00019108547330840995,0.02636101083687487,0.008825736486896956,0.01295955677378884,-0.003538634442665437,-0.00013083738115062156,0.0024481965929616057,0.007271991199122698,0.004235258632717788,0.006308493665045585,0.008242779414347104,0.001382162706208517,0.00820746466558312,0.007376929226601568
2025-04-03,-0.09701328389030289,-0.0940813573992858,-0.1172455684083487,-0.0060565822044141146,-0.04107671005519033,-0.0966376076095254,-0.07223219763643761,-0.12332148689402504,-0.09385231665108017,-0.02391375294690621,-0.08128114142925111,-0.055019702558286795,-0.062719658726933,-0.05053652929189468,-0.05580438913738339,-0.08176173637798968,-0.050496154784457986,-0.0706886125955024
2025-04-04,-0.0756803959587411,-0.04242073641032032,-0.07908039465165753,-0.02367020473214484,-0.034560585755267846,-0.08236495788610904,-0.07778683519907403,-0.09870445156277245,-0.05190524755908657,-0.0362138170750929,-0.07642287656214382,-0.06412149948229509,-0.06470004812468182,-0.060326675171205664,-0.06337343564779858,-0.09650986939857116,-0.07599687236624249,-0.06814076695536266
2025-04-07,-0.03742591488083676,0.024606997782102066,0.0340179436072917,-0.021719986685703737,0.007867220828459202,-0.011320936388219897,0.019590090851262176,0.05129330739363515,0.022567430453665646,-0.005517664816820271,0.034700022546239474,0.002410297309692583,0.00221318669099888,-0.0017827814203064058,0.005368717945453199,-0.006496385061855816,-0.0024918484704840823,0.005959126064564242
2025-04-08,-0.05110183145136371,-0.026597259717812963,-0.015578997184254872,0.0054290299021522185,-0.014067871940243958,-0.007092635279281756,0.011268014397910643,-0.031852452393542965,-0.011298435997696508,-0.009264191108780255,-0.013818918685907799,-0.01817254163203882,0.0,-0.015786671024523878,-0.013963079172928593,-0.023402633035093972,-0.003863309589044601,-0.020541084978514024
2025-04-09,0.1426173600607624,0.11312358861813517,0.05875890769857072,0.036323492196158734,0.09241604121895787,0.11175030525751223,0.0774750012876085,0.16572533136036316,0.13763459393817135,0.09652482956871296,0.1716206566786014,0.11335615284061376,0.03333642372389378,0.09986278391659298,0.10759943448991185,0.07459368669079733,0.07265962037449458,0.12597779233648468
2025-04-10,-0.04331863405620976,-0.053085113655140896,-0.03562023560146693,0.02413009288681445,-0.03781766016164901,-0.05379423907645718,-0.03133856333421923,-0.06807908827966946,-0.06977740409587939,-0.023684764287432335,-0.06094720820004916,-0.04346316097561369,0.007809809667010393,-0.044808164846050234,-0.039655894125779,-0.06755428554866443,-0.028346328719582526,-0.0476698819040785
2025-04-11,0.03979211101040739,0.019941079422269643,0.0027856531599056633,0.01890679950058093,0.02787624557651506,0.009428691862516419,0.03924437998677425,0.015682547005080878,-0.004991265777935798,0.018446853656901428,0.030757562677878148,0.018255378558624018,0.03167133785331028,0.017685395006403478,0.018174143651745234,0.024508806871674636,0.016418623612123054,0.02026965518774038
2025-04-14,0.021814324625151652,-0.014987065296594422,0.01982991945597891,-0.005722318290653523,0.01220728469723988,0.019110843717583224,-0.006285527461638613,0.005615379531072019,-0.022492979504853048,-0.0016489173349667403,-0.001985198741229029,0.006755349593227849,0.0064879390190120245,0.009654795728337464,0.00598551165306255,0.0035430052320357557,0.010232397733521853,0.009083813538440476
2025-04-15,-0.0018780608247662516,-0.013989329016472998,0.03536395403759767,0.005218738019025799,-0.017503303050101764,0.007728276758754378,-0.006797118225439894,0.008510712702258061,-0.018917810122559494,-0.005377916425242271,0.013368805296761056,0.0011141030098419406,0.0010206051966586737,-0.0028047392406681144,0.0005077030384293844,-0.001516837064548849,0.0025419254756049946,0.0036404915995806174
2025-04-16,-0.039711625012887185,-0.029726389380639047,-0.017525554521471417,0.032022570753676,-0.019248710974522305,-0.017558606033244627,-0.015213959280785028,-0.04941859856328135,-0.03753030642120692,-0.03729281302681963,-0.07119154777139383,-0.03061745145578696,0.011830470278208832,-0.022478915868915324,-0.028968937085199084,0.008188955149394697,-0.01577869578332484,-0.0353632861489423
2025-04-17,0.013853250405553743,-0.00991534732389348,0.0021407343741765106,-0.004400359490663115,-0.014253612840771252,0.02070390106391787,0.010182754804384802,-0.021412922353665615,-0.0016537415675891036,-0.01035998901106052,-0.02913122409811859,-0.00018006730892834326,-0.007081499622300191,0.0014259098046638316,0.0003918181212394162,0.02233345518039269,0.0025757524492138134,-0.005429693317979003
2025-04-21,-0.019583364231764565,-0.031126527586896723,-0.013184746010642904,0.030466725196562627,-0.023358689919284407,-0.016085895508236355,-0.012886625714596162,-0.021720968816370183,-0.03411619797338538,-0.02382817434631872,-0.04617737977834921,-0.025058054528881792,0.008089079424384766,-0.024090563717786426,-0.028611307272714673,-0.026482547052565617,-0.02166927305041017,-0.026161016241242462
2025-04-22,0.033497710668311975,0.03442328337941731,0.037218595519705217,-0.014297390879940051,0.025407401297016134,0.03648526828618536,0.02841459912983055,0.017319915741666015,0.031720371089236726,0.02121461304857907,0.020225297468870862,0.025913430572206252,-0.009782534112123396,0.02568505548438023,0.02678147435672514,0.025131887692694206,0.03254239237438596,0.024084933924291556
2025-04-23,0.024040339909284596,0.041953201051518486,0.011158870414953673,-0.024270798064606143,0.025293048862059953,0.017764616701024916,0.02220589679107419,0.04992973246379808,0.039180076593834066,0.020426836894573197,0.03790135709485257,0.022424766162825568,0.03530168347683808,0.015376643965653828,0.023402627902579673,-0.001844559263542041,0.011804503108873021,0.02858054079625342
2025-04-24,0.018258409417234913,0.032360982528496264,0.02119315050025978,0.014451351409752674,0.024983072826899017,0.02989025248605129,0.015488890380731087,0.06061584853210852,0.024454944630188158,0.03390131895464826,0.0355780124145906,0.027748533186878456,0.0,0.020830547015513994,0.026607768190835785,0.01587515794594559,0.011045351112771454,0.036636313471307275
2025-04-25,0.004357847248277384,0.013048475365695443,0.002775274876446284,-0.010900878955956528,0.016685677039209656,-0.0009355543658733273,-0.004465514481961672,0.007307435321865759,0.026139290019091394,0.011679712066757419,0.042132911308412305,0.011086288049104274,-0.016829311230396073,0.007199286808822397,0.014577287838075555,-0.0018188363185419952,-0.004778298114492602,0.014689851358791632
2025-04-28,0.004100780664630525,-0.0068492053390797475,0.00226500907658713,0.014141637459613693,-0.008370241368190397,0.0028223985198209834,-0.001355857275041342,0.0020981793832317865,0.004503088171010683,-0.001762497413079066,-0.020752557799449293,-0.00031750136301641416,0.0046481258164158415,0.0003812293734920367,-0.0012272832359991348,0.007015022904487353,0.003118698458304904,-0.0016322892106495966
2025-04-29,0.005079000432605932,-0.0016529240033086564,0.005265122584524279,-0.009786658970495412,-0.0028058178897782753,0.004601325401674188,0.005739533948112223,-0.009405614705097494,0.008513233285203158,0.007335755075155966,0.002663541701362443,0.006582739844728741,-0.01199616543959947,0.006279582464638656,0.006730698760459874,-0.0028968250295192412,0.010326501677659031,0.004649817982688868
2025-04-30,0.006089154733784381,-0.01597624814818092,-0.0027544264775378716,-0.007510353244041899,-0.008527769161998872,-0.002498758824811729,0.0,0.010801673240075294,-0.009860180579659403,0.0030914086271372934,-0.0009177460396820735,-0.00012620817174354294,-0.007740221751527114,0.0003967340036316154,0.00012192566395457782,-0.027325148103332773,0.0018473870594870382,0.004152032293152801
2025-05-01,0.003851392366518024,0.030860378884021808,0.007245456943329064,-0.02099106650379782,0.015620450485419934,0.011403977061058036,0.009236989902359504,0.0008369148516087976,0.04140772828196854,0.07348604606912208,0.024397011671066938,0.012976265487125334,-0.0071199145540005665,0.007062032092100689,0.011759923537291937,0.003719833280096002,-0.0002050614593697816,0.014562223684337525
2025-05-02,-0.03807757245772203,-0.0011573530932636395,0.02215740874067418,0.0017466735903771576,0.016783348354477208,0.021912800306051656,0.022507894953569824,0.03815848322955903,0.04244446856841013,0.02295958736135993,0.02556424954741541,0.014734749885218926,-0.009229207515191816,0.014735033338764254,0.01791726343873826,0.014498448620463752,0.02050624212463031,0.016571590927463138
2025-05-05,-0.03196397952264492,-0.019292122294797282,0.0012167999988018613,0.029430400577679455,0.001096878177801477,-0.011619807405078161,0.00019803619002070461,-0.008219372169004386,0.003761700624008027,0.0020426474448761974,-0.005956572091273119,-0.005950235304661263,0.012286799644882733,-0.005750908210447426,-0.0048654793948534805,-0.01821828190055972,-0.006451524685127632,-0.005323213887042913
2025-05-06,-0.001912525164044045,-0.00721681069789819,-0.006832560865610895,0.027638515747736927,-0.005986001385922847,-0.018396917725391627,-0.01319244178809669,-0.010199317168473715,-0.02015964384567697,-0.006578776575473096,-0.0024630207932687313,-0.009345290016605353,0.02479188232983862,-0.00839344835526772,-0.00884229591388771,0.00024832856373103947,-0.005679597939841287,-0.008342591292285819
2025-05-07,-0.011449973591303604,0.019801632738363693,0.0022012994012598174,-0.015106592963135799,-0.07536691275413585,0.004649173053115629,0.0005615892630426043,0.025638932117335575,0.016046128103344846,9.23962696408228e-05,0.03053137522671381,0.003918332606929717,-0.024452719057186843,0.004196729249441555,0.003115717000900349,0.00037271940790900473,0.005881797766525481,0.009965686205383155
2025-05-08,0.006298553278077304,0.01770048072706834,0.016236694851381326,-0.019890788928179075,0.01897573452771261,0.024660777737263505,0.01622741664209808,-0.0021338028455163563,0.002008809364644823,0.011061331119675968,0.0026447956189682383,0.010271933892103543,-0.001017835108327347,0.006943736889946084,0.007390585098621783,0.013073540304927612,0.008257051353902325,0.009500162232471212
2025-05-09,0.00525233343800654,0.005089047328858073,0.004557028621902075,0.007228485693538802,-0.009966376111113574,0.002471857400601098,-0.0015398009826253617,0.006122783859582819,-0.009273644734256055,0.0012771098672327381,-0.006153430112763323,-0.0006556102718598544,0.011474987951843166,-0.0012751464308772592,-0.0017829437094817123,0.00999775947465881,0.0,-0.0012400274854501056
2025-05-12,0.061232530390413605,0.07760926703827985,0.036880219021796515,-0.028595551740996136,0.03669964560652787,0.041855548138900356,0.027168228181879844,0.0874866318669129,0.0762432486761551,0.023717625628310892,0.05300641080963476,0.039932270660808906,-0.005721034647662995,0.03251318263492386,0.03793854595075971,0.025748381934700963,0.0200542703236326,0.045370431823423873
2025-05-13,0.010101107307854204,0.012999853383055317,0.020995813117642332,0.004249948759953267,0.00672958403394941,0.02086835220015071,0.011318201340523056,0.03582465061669514,0.02562940728504828,-0.00026712203076284774,0.05481136920807433,0.015125771616454288,0.010073998799224554,0.0065822298340525425,0.016923606990038517,0.013971378314430828,0.004119665710769692,0.02137725324745319
2025-05-14,-0.0028217892757707217,-0.005312830342904736,0.010334878463351556,-0.02126227662564288,0.03595342497260412,0.012818905493695996,0.009950096618288022,-0.0032898442311904592,0.005063144054131659,0.008424997392753736,0.040794262711428365,0.005975165092443742,-0.02298175838305948,0.001277138441893241,0.00718211593833761,-0.006081147575677841,-0.0027445572064945197,0.006470293222325472
2025-05-15,-0.004153047235287477,-0.024458403999516362,-0.008079134775373023,0.015837869719407486,-0.008562756985853296,0.007006210202083685,0.006939901114412446,-0.002120519410791749,-0.023757337314568416,0.0022535929529821906,-0.003775350441351778,0.001098352652513144,0.012232589048655644,0.004872452698348495,0.00033539666931835385,0.00421405996112323,0.0066523000277080805,0.001365871271512989
2025-05-16,-0.0008989153607039185,0.002044981599618388,0.006960843533282163,-0.012160689602209927,0.013509098076997149,0.005069014993415043,0.000261773880613252,-0.004254849569677145,-0.005512994420367856,0.0025126226962358315,0.004218666534108666,0.0043430489313248674,-0.010524672742388998,0.006313998383485037,0.006351341399165832,-0.001519729432762076,0.006027129778928395,0.0018749095086446504
2025-05-19,-0.011808605851656271,0.0027687076543830617,0.0017884919569870095,0.012798420816745652,0.0021037775881929304,-0.010931444992175349,-0.01006695538695629,-0.0072511133991791515,0.00014044732352143076,0.010075195089195408,0.001254695838942981,0.0009583492630918446,0.004087227782427475,0.001093320207623707,0.00022214860912953886,-0.013070511909187907,0.0005812094326143526,-0.0014484938509750497
2025-05-20,-0.00923883715308381,-0.010189475975831261,-0.0017884919569870071,0.018450974483986242,-0.01549101333408183,-0.009484505752306567,0.003015764996556281,0.005591614040168974,-0.0052131927993854695,-0.0015265760973737531,-0.008816451945526478,-0.0033388564702673774,0.023846607521902867,-0.003367792702729912,-0.0047865480698245045,-0.009288085216830758,-0.005438935095329655,-0.0037589887970667078
2025-05-21,-0.02332905938489805,-0.01456138756787949,-0.032752476836831884,0.007351594562024017,0.0275473291337936,-0.021767981225748113,-0.01761892575237947,-0.017956051326130696,-0.002514550817376545,-0.012297847710938498,-0.019385979908510684,-0.013994306147765255,0.012533180941978625,-0.016994383379737646,-0.015404785595889047,-0.018594971183245476,-0.020663968752773584,-0.018965819452983094
2025-05-22,-0.003618773983488661,0.009796778074282274,0.0013863533540261572,-0.008900989925318167,0.013611260689456214,0.008005534912001674,-0.001418368859834484,-0.002782046340545517,0.001682263323379692,0.0050472095157763144,0.007784472588990611,0.0018695852475126872,-0.015857601369884206,0.0003945692246958432,0.0030547739347550084,-0.003907747103318683,-0.001193834622536978,0.0002615999148406279
2025-05-23,-0.03071127969684819,-0.010443315729919826,-0.0025431027549663327,0.021669792905121613,-0.014145350641698473,0.0005179618613733269,0.00015335356834867165,-0.018335594542657034,-0.015052134028289995,-0.010342208052536684,-0.011661537423707832,-0.009303947729328634,0.013889114350831632,-0.006849289817504448,-0.007825445300691,0.0031761887487413484,-0.0035898470256230676,-0.011092962260458101
2025-05-27,0.024983713302410802,0.02471808928544102,0.023336763975554516,-0.017094433359300068,0.025955766103895862,0.02831523668957715,0.017414899052840292,0.03491267208112121,0.02404436707887019,0.023077887913620077,0.031562961731518485,0.023252881553917908,-0.00725122556271703,0.02057749361541795,0.023183518176304915,0.00862227803650861,0.017429509264458593,0.023486419807183023
2025-05-28,0.0010483354048508517,-0.006330074379308311,-0.00362488686698303,-0.002268589173612519,-0.0031281551615452313,-0.011910234772064389,-0.006808245912899508,0.0007145302126194937,0.001959752205380318,-0.007254590473756205,-0.005105126806973366,-0.004441910253057305,-0.008304316243188347,-0.005802110384951137,-0.0036777688812945505,-0.012777721915393603,-0.00669809313187864,-0.004142866947279164
2025-05-29,-0.0023478901995321877,0.004775584008620333,0.004077108288925917,0.0059072333619440654,-0.002905052341421006,-0.005901253772918171,0.0033343692152373408,0.0019029520594086675,0.0022815339898179785,0.0028820428859637954,0.03197351965516137,0.0019639446128632814,0.010617209930320008,0.003939611908384163,0.0037891503759590727,0.007443154429634789,0.005126120618651315,0.001685151633048917
2025-05-30,0.00449115316727154,-0.003360050181079145,-0.002489575608554058,-0.006598665713002106,-0.0006983845462812784,-0.0023455504248557,-0.0014005494849508265,-0.04086648243525273,0.0037754565995676763,0.003655906508106462,-0.02960257386263701,-0.0015784791834056236,-0.00995030567364789,-0.0011191873844055738,-0.002338712056079687,-0.00891398236252796,0.002160939728444553,-0.003113326781502845
2025-06-02,0.00422304755014603,0.007967779780350723,-0.001133669404908675,0.026233913208447007,-0.015905683445848688,-0.0028852848928837787,0.0024968443454911142,0.020702692460954845,0.03551678415683351,0.0034912429168350886,0.016513500505562415,0.007867128437991344,0.051643237982097814,0.005617096261868067,0.007774303439095613,0.013038674915930571,0.0003923002203328563,0.00879583084075238
2025-06-03,0.007753703735756887,-0.00455906882030232,0.012848126286647674,-0.008894994642019345,-0.017004567020246445,0.00849867648737958,0.006064842948432505,0.01420503544430657,-0.006054976841397683,0.002162253700448431,0.02756804517640441,0.007786644763311232,-0.004759635096682046,0.005686392165638516,0.0067259062242880615,0.011794671344684926,0.0019597267634984318,0.014912891515552463
2025-06-04,-0.0022162836174873693,0.007361824330479417,-0.006516102717482497,0.0064213132412345815,0.011190029871674815,-0.007680538727070676,-0.007728634463042011,0.0131806797251961,0.031151005764670493,0.0019420919004993064,0.004944626116286623,0.002784086774585587,-0.003185742750905992,-0.00026837630786721444,0.0019761231766527183,-0.01969507750873332,-0.005693646149341526,0.001479246702989944
2025-06-05,-0.010856493087603674,0.003276044436817532,0.00045061875129010935,-0.005062672644074125,0.000951596646225093,0.011069833286835588,-0.008628638742517451,0.0016502010423057655,-0.004852217634255593,0.008179959295001706,-0.013692452665405617,-0.007555464490139544,0.03480522486466474,-0.0048444841425529205,-0.007596283644218454,-0.000976624961429234,-0.0027601734846855012,-0.0028334921134222303
2025-06-06,0.016265311589657865,0.0268593707089079,0.019082399654689185,-0.01350688232494814,0.03200122160907981,0.013312924685155575,0.014327332887393142,0.01681686027737373,0.018939642985083167,0.005756667715160575,0.01228211848812834,0.009727864383262164,0.007368712065274228,0.010216507992027987,0.010334292414478766,0.01863556990420442,0.012361562455240662,0.009399646049681128
2025-06-09,-0.01218652830788699,0.015840481625608374,-0.0022261952652507756,0.004707437493749117,0.014990630163810335,-0.0007820539084529003,0.0037934917476322837,0.022331364804353333,-0.005245165497663262,0.005025787612065977,0.006400723144077613,0.001470842761388233,0.021187256949486834,0.0009008769765978307,0.0005467368475028143,0.0019162863082117848,-0.005475171297459636,0.00489657166387513
2025-06-10,0.006037830522308634,0.0028993089092673027,0.004891121395123892,0.00029346792267399537,0.014153492525431875,0.002197950706459608,0.006948910103813565,0.03011937614362518,0.011944665718701019,-0.0038784070832168422,0.009281581599223064,0.006592151157907925,-0.0048033670852029595,0.005653754979559288,0.005124533972059645,0.017672344223294695,0.0011757447271909544,0.0055786843087835825
2025-06-11,-0.019380381731049234,-0.02047379463536856,-0.008016092291645398,0.005397696978330561,-0.007023508153016118,0.015011934925928878,-0.0016768400607814187,-0.0005496074027343559,-0.011829377113131825,0.0036033329475096496,-0.007810998523934495,-0.003375250166599798,-0.008461784487912426,-0.0028560914136342855,-0.0017415382122573516,0.014356853182718704,-0.001175744727190907,-0.00220286378341192
2025-06-12,0.0021107094022437905,0.00018763973740831241,-0.002462253095169703,0.01234370232269246,-0.009347168848958228,0.001504809186978138,0.00033559303100428364,0.007776155974096846,-0.0011244325905046975,0.013137468413418245,0.015078685098274031,0.002345023333129194,0.0033328498292545306,0.003966349722052468,0.004131388653348494,0.003470576489755232,0.0,0.009235878810044859
2025-06-13,-0.01390141153604722,-0.005360427367806205,-0.011949206211109571,0.01301549409169947,-0.005879580215356637,-0.01868216017451358,-0.012340845715312488,-0.023624029651022317,-0.01524478402220488,-0.008198578582541157,-0.021118073175124843,-0.012634055137613068,-0.002726039823928857,-0.011243031070609706,-0.012665314559797409,0.01728808354653618,-0.020602881486953602,-0.014115908065490498
2025-06-16,0.00997806923497654,0.01868340140955021,0.007231647041028363,-0.014361734303802328,0.011951054183655893,0.02305588626109708,0.020213157862224905,0.04253639171289497,0.028568981659577636,0.008762294353875523,0.018977830742543268,0.01381397798170057,0.0018181083369897906,0.009469221553216311,0.012231273892124198,-0.0029554954724794026,0.011344395089622913,0.016051498742096663
2025-06-17,-0.014109748545778743,-0.0059407894922023025,-0.004061386504666483,0.0005130624809404316,-0.0046497054704149506,-0.005125897244845259,-0.0031119180035887777,-0.008061528995103323,-0.006988983922701336,-0.0022984435487914917,-0.003947309718690903,-0.009799061921586989,0.021267924419618955,-0.00858175064837527,-0.008283442069818634,0.009291958206419213,-0.005755567323239703,-0.007102160501701598
2025-06-18,0.004793127408847266,-0.010764380578029788,0.018591703516210936,-0.00540018233840262,-0.015060089058443537,0.016827436289619812,0.016339694415010812,-0.002057720667097074,-0.0020961438519335237,0.004591552451335456,0.009392319389974604,-0.00017029997471593083,-0.014028023075472853,-0.00015075043315051226,-0.0010951742730318727,-0.006563423035231193,-0.0003982338950287516,0.0012010376709814905
2025-06-20,0.022235628502947215,-0.013405860444963278,0.009717402565530192,-0.0004191069541604869,-0.039303807332060264,0.008714517259969889,0.0037889193160830373,-0.019154596334358884,-0.01947659151669255,-0.005931223968961204,-0.01126743272200272,-0.004091384123763854,-0.01666955474733934,-0.0023511946213761307,-0.0063749264261658755,0.010166186796247555,0.0027839280151470856,-0.004438520360022208
2025-06-23,0.002484357775073064,-0.005835109391705959,0.01742966329753364,0.003058490504208936,-0.008739518086479898,0.00944347268514605,0.011820742056228113,0.012301132313624868,0.02343558204167419,0.01785389562841106,0.0022220651174162756,0.010229912194552533,0.0073081282222503385,0.00982881092575261,0.012346787200690065,-0.025613642395477403,0.01251396782353111,0.011337165309064208
2025-06-24,-0.005973181643514452,0.02041663831593163,0.007745322014263433,-0.015844238391270016,0.00951929114415698,0.023270868692020902,0.010687729383634551,0.04294610734892254,0.019380598471856157,0.008421191109100416,0.02554314304890008,0.015176253311772034,-0.010675668746421943,0.010986736854918454,0.014617775416118082,-0.01310417090703989,0.014844012252303156,0.01779195683019573
2025-06-25,0.0062708567997190896,-0.0036726605052767557,0.004063677133196472,0.0030327025232496515,0.02317480004138968,0.01165193774146305,0.009905966288297386,0.004069962018848468,-0.00495481086313949,0.004397547461238664,0.04242730300362518,0.002553190030548303,0.012191486499951557,0.0005601062999573756,0.0036480682701678455,-0.004367044610074267,-0.0033012802500103867,0.008498064174955088
2025-06-26,-0.002782032931277751,0.023911043937020576,0.012936252298510467,-0.0011076604529502278,0.01661762603765584,0.025483484785004933,0.016375764151677817,0.008503568336949615,0.02426996748470159,0.010467708027766509,0.004590493120936221,0.009306803438873728,0.009947386881490999,0.007793534795984752,0.009274566359297803,0.014211213513879127,0.007364369206769318,0.006874243218237865
2025-06-27,0.0003979183330852768,0.028065998915184062,-0.007189626805025114,-0.018289975504647085,0.028348523317216733,0.005297761672734903,-0.005695916722321502,0.0037106377431650106,0.010330931127021858,-0.0030401030082375146,0.01745740501441185,0.0034179355305174537,-0.02183231745068457,0.004956029834652175,0.0058192584061770615,-0.005261669617422157,0.002892100311466236,-0.0011955709801666915
2025-06-30,0.02013590894058458,-0.017665207343808734,0.004235444881652682,0.011913301279755133,-0.012966626289882332,0.02422608819267086,0.00970521208428063,0.001439219253999727,0.006060918119442569,0.0029596989342190664,0.0015203325251185616,0.006456037555246165,0.005807824380192147,0.0047697123045244375,0.005575760092879563,-0.0057610217101046884,0.008244688773044302,0.009761973541308342
2025-07-01,0.01283348104812217,0.004865337820140418,0.0173881540704234,0.008883435847179964,-0.0022154210416870474,-0.0018243756838148223,0.0017231401905186696,-0.0054596728207484775,-0.02589850206927938,-0.010834417588273844,-0.030134974737803088,-0.008465054187967391,-0.0024413143018457303,-0.000323632079386807,-0.01044043818023867,0.007635045537710857,0.00552230001900749,-0.00896482846673233
2025-07-02,0.021987282881436514,-0.002452467458083949,0.011563171730087946,0.00551237530942954,0.01579802227051327,0.01325995910912356,0.005460064844780618,0.020650936164861782,-0.007886776517920751,-0.001952827311318752,0.025439993152528935,0.006941010872351519,0.015461945955605991,0.004523032166475909,0.007603934275678986,0.017054846801527294,-0.0007599010807599277,0.01050368972494023
2025-07-03,0.005211365348392025,0.015744829251554494,0.004506402288859467,-0.006846293882020621,0.004969729577280614,0.010822681425738398,0.018411726944491467,-0.00020239998036565915,0.007594800124077438,0.015658036268665743,0.013203438882959067,0.009792270037689128,0.008089831178045962,0.007850588492425306,0.010673929697733026,0.0011495283741458728,0.010774125735412943,0.013083398139262625
2025-07-07,-0.017001567384060678,0.00026851753624536286,-0.005533379525175676,0.0007485003525817282,-0.015379756932344632,-0.017775311296946407,-0.013708303948198457,-0.006803673847153886,-0.000918426648040841,-0.002247782571864004,-0.006927356204234811,-0.007561396209012183,-0.0023901420998760146,-0.007480020512419195,-0.007522817263031983,-0.009698590753970525,-0.009634563827930466,-0.007970716248746727
2025-07-08,0.0002856961320083142,-0.018562963722362966,-0.031523294963880295,-0.010498326962963742,-0.01384043352057181,-0.019386868278873474,-0.031981822361171336,0.017073733960727932,0.003224434808746433,-0.002212547157965789,0.011060928263480669,0.0005613782359973233,-0.004196630472301611,-0.000547866269065751,-0.0022048242448933484,0.026561299114692568,-0.008961839151194653,0.0053598997516879476
2025-07-09,0.005366341327769875,0.014392611963869897,-0.006596603595975604,0.004461316177625558,0.012878470033628065,-0.0010330584944531565,0.0013428832907191432,-0.00020044911420609549,0.01666423914670077,0.013778453499477553,0.01783988777058804,0.007053984870394073,-0.008749517622025365,0.005978718557821743,0.00899874614456905,-0.0050971766117396304,0.0036326152475455818,0.005990761845948223
2025-07-10,0.005996888569178622,-0.0012589875178302516,0.0027716040854337464,0.002223316131965108,0.0056457663131398534,0.017870716173279372,0.017607700685888992,0.012446021112065771,-0.007589083443356966,-0.004039855451496449,0.0074622986953861055,-0.001439159033745371,0.022472855852058576,0.002816242249871216,0.0009370080760385753,0.0075797621400496605,0.005898591489532797,-0.0033020813920876858
2025-07-11,-0.005902135852657517,0.01234146308748988,-0.005122809717499248,0.00955577301886398,0.014365523235035977,-0.00589777770090924,-0.004625694439191658,0.0066078141676531674,-0.013469509142798613,0.003662369936473059,0.004984454919256748,-0.002253047880222565,0.03722438504349314,-0.003521519137273235,-0.0026051665626695667,0.004497910732577521,-0.010489328135076265,-0.0044069307889020954
2025-07-14,-0.012101895628634117,0.0029730809278073135,0.007249578824642815,-0.0036620144241214002,0.007574294926136184,0.011775141374446184,0.006393920203561175,-0.020959262015414495,0.004741158503432871,-0.0005961819339719182,-0.0051673099282076845,0.00362039725886451,-0.011484413104062265,0.0019063975979420422,0.0036453198943777894,-0.011056121491262475,0.007449217406825324,-0.0008211282554496439
2025-07-15,0.002346106185547501,0.0029201137891530816,-0.01973887181180061,-0.004164364075514542,0.002420594701817424,-0.015242490079408344,-0.007475138919589607,0.014450361909499877,-0.014714034530690924,0.005550974992262568,0.039614420191223965,0.0009162874718609827,-0.010741945354022519,-0.004282421636416066,0.0006235889929061512,-0.014512096360511125,-0.017274897632689305,0.00884050925261619
2025-07-16,0.005008724622513407,-0.014059063272129654,-0.002603720966880716,0.004975696789391886,0.005315438362634949,0.008942015929035168,-0.002550653066990783,-0.006949936517415116,-0.010585325994257115,-0.0003954909711362287,0.00391734766955151,0.0010234038091116618,0.004368771471036469,0.003337615079474222,0.002904845528161731,-0.008669985548042939,0.006945795707618301,0.0030969803004121717
2025-07-17,-0.0006663968221358684,0.003086778258328562,0.021279732384336263,-0.0021758989541098375,0.0033284140494186936,-0.0042129635970846666,0.014173710725137872,0.004175801045544487,-0.002136229802750815,0.011953129932020627,0.009466639146369284,0.008060220539776463,0.006950554297837001,0.006101040721242929,0.0071226579986095094,0.0061346493959210545,0.00956760956026129,0.009042389878533683
2025-07-18,0.005508060298912894,0.009999860894734277,0.0063600371974283886,0.0025975477973482998,0.008029462605880033,0.0034225730388036148,0.004714540463795029,-0.0012907562944566447,0.004083504801290641,-0.0032298198906944658,-0.0034161611860592275,-0.0009616987733175869,-0.001155094390446068,-0.0007326812474744512,0.000514048807352325,-0.008110382703874607,0.0005711368921048341,-0.000651158488631583
2025-07-21,0.006137005974840423,0.013921126445029842,0.003375519723662837,0.015253192127432761,0.026870187859220258,-0.003195921594251867,-0.0010304689023803485,0.010672129866033855,0.01226322162219449,1.967869860667272e-05,-0.005992059702308101,0.005171361693961276,0.021155673895315214,0.0018943796948635745,0.0029770686421136954,-0.010407634869622236,-0.0028590257191835246,0.0013022451334328224
2025-07-22,0.008995570441175984,-0.008012836242670535,0.00608928880987753,0.0094401831613078,0.006501711031333402,-0.007949453925742886,0.0015796751017683726,-0.04062136100300763,-0.011510978196432242,-0.00943547453188553,-0.025709853858088744,-0.00518926253053106,0.01041244100482785,0.00014311092236799798,-0.006066043709040224,0.004691064571142278,0.005520124334255789,-0.009306968307592143
2025-07-23,-0.0011667067342310043,0.003598354221935051,0.00771554971341141,-0.012478717461642091,-0.005818135851980564,0.024134988999164615,0.018124003312019618,-0.0060578231310458325,0.012366289325522008,0.0011867643937927476,0.022202635834811597,0.004550998933379237,-0.0008402911587627416,0.008471458892609137,0.009340594434549767,0.015556341485394823,0.00794106917522189,0.005702193773311194
2025-07-24,-0.001822810721298693,0.01711152033504944,0.005179741925118471,-0.006137070328856787,0.01014661887247545,0.0023108312521860934,-0.0007079426120110444,0.006978616644108953,0.0017082595338736564,0.009855098900553631,0.017183810026743608,0.002126107542131473,-0.005619485071273472,0.0003310947914258314,0.0019393789652401108,0.007116620337499642,-0.000565184628322862,0.00421722323241251
2025-07-25,0.0005612022815048572,-0.0034075702705456917,0.0012392136000049182,-0.009293039490678532,0.005241881443795523,0.013534586541871703,0.006955991025299726,-0.00842147468515426,-0.0029703831469030935,0.00552424316396272,-0.0013823270754584475,0.0024041654304375656,-0.023664734067441445,0.004215355509912938,0.0049839523203147156,-0.0037815688410375663,0.006947758536750339,0.0022924998002011635
2025-07-28,0.0007946588520612744,0.00581605955069594,-0.004551149724101442,-0.006494663067578282,-0.0031106527588062828,-0.007338383109015904,-0.0011391955147140172,0.016975606498102057,0.006921623331459317,-0.002358295404068372,0.01855865226448988,0.0031201414887602995,-0.0005772138106541781,-0.00025103506196874024,0.00354489646648646,0.011302162912292715,-0.00694775853675032,0.00794589028413344
2025-07-29,-0.013072756763627699,-0.007675754918146071,-0.0058223735964949945,0.002746613677307996,0.016326613898228957,0.011445327120796744,-0.0041658125944052105,0.0032394808642214373,-0.02487376980864612,0.00013660524372767702,-0.007040184739807816,-0.0015500521244295575,0.0005772138106541174,-0.002641133326156579,-0.00445841157173147,0.009715390125592872,-0.005100502926057822,3.782505910606814e-05
2025-07-30,-0.010563477354532497,-0.0035559103854630675,0.00020845740384293902,-0.017424424698434752,0.003976825782341991,-0.0016818117280708094,0.008681659078998379,0.001514894425973232,-0.006866334716463936,0.0013062394425995454,0.02119699099576292,0.0013390090949705715,-0.033742428224356504,-0.0012601246347007209,0.0028394487765348165,-0.014380633415573605,-0.0018957916298832835,0.0022316967554640134
2025-07-31,-0.007104898643164115,0.016886027515609428,-0.014491407974632064,0.006623418228251275,-0.023840748011239886,-0.00984644140632125,-0.011378512469442204,-0.04383733298240815,0.10663412065578584,0.038715532668236165,-0.007840175111206516,-0.005313263889738921,-0.005686043520978185,-0.0037582800219577626,-0.0019259336712897403,-0.005374807090208805,-0.00628155083668785,-0.007356662621427674
2025-08-01,-0.025321454624625636,-0.08631653211497635,-0.03465326882955522,0.020096397826572604,-0.01453967795903078,-0.01956575983266421,-0.023463848068748232,0.016003779958758443,-0.030761501884359232,-0.017757575991914736,-0.023608121226798857,-0.0198953380135253,0.00807060002715474,-0.01652617763451541,-0.018431796755699142,-0.018750521374582135,-0.018695660137745578,-0.021816530597586592
2025-08-04,0.00478153497173791,-0.014540622735209995,0.004152576030434359,0.005806339793967675,0.0307699238358103,0.0229321802185116,0.016757696644581783,0.02094751445482222,0.034542643203814595,0.021760769050937805,0.035512069773851344,0.01828326229098342,0.011543694605364354,0.015085355384855111,0.018837622087737947,-0.0022224158043100857,0.009873160561584831,0.020102355249127592
2025-08-05,-0.0021168857193060897,0.009873169687714855,-0.0063450076833704685,0.0008037680984962059,-0.0018987869302601946,-0.007077107428379598,-0.009869849517754527,-0.0177359198787376,-0.016768489357842514,-0.01483970500642718,-0.009713718442209087,-0.0068125588928280795,0.010829871474622343,-0.005082764440420212,-0.007124735405567031,0.0012873117859728313,-0.0040536029338691494,-0.008307735830484015
2025-08-06,0.049653393530185774,0.03926568541504039,-0.003077655831298332,-0.0021233597342562006,0.00726793416818688,0.005298706737062667,-6.864840954640899e-05,-0.007683529858456186,0.011110778715546235,-0.005338583656342816,0.00648625663512085,0.012504719857980925,0.0,0.007630493093452442,0.01127439660882729,-0.00928170994867749,0.004823967939340117,0.011201077911579026
2025-08-07,0.03129869520106027,0.003681789897764909,-0.011069392514963944,0.008402586680171171,0.002190461919317486,-0.006922989295521031,-0.01525215621152204,0.032910850478143384,-0.013248130393358214,-0.00784114425754604,0.0074960875747013345,0.003378629427949547,0.011865277863036768,-0.0008379749990245634,-0.003541387142873768,-0.0039026764931982517,-0.011227483640541732,0.0009121219937043178
2025-08-08,0.041485325469322876,-0.0019739023688590293,0.023975610281929998,-0.00022360485625666846,0.024628059775692466,0.0021235843801846745,0.006322663865378098,0.02588487585170881,0.009757599377547992,0.002301408926911543,0.010619919900410979,0.009284860362176548,0.003446377553465318,0.007767328747427917,0.006768059126446253,0.006378374748424575,0.009300643372737501,0.009939406230237955
2025-08-11,-0.00837230955100568,-0.006261419913672536,0.003254921095172326,-0.014479017992943764,-0.002087355842318347,-0.002818457703621079,0.0027667229668324558,0.0024540944057828526,-0.004468532152483818,-0.000517320119292145,-0.0035091545807863955,-0.002963249254965305,-0.02027294304741366,-0.001979497560583303,-0.0015112255482834125,-0.008038817107616766,-0.00038573949866898703,-0.006792030472115905
2025-08-12,0.010813739262220462,0.0007678847964323423,0.028616057644137074,-0.0009078785028290671,0.011574521194117225,0.033012277075879864,0.011298049858075266,0.03165057576413382,0.031020454756871742,0.01421506451612655,0.006023816556037098,0.01249046950945093,0.00670652875904893,0.010589747830358579,0.011129621371470121,0.004854807443560853,0.0120817948449884,0.015366775574870891
2025-08-13,0.015897409188223566,0.013855775538096454,-0.005488640288705454,0.003044643380447489,-0.0068097760093447125,0.001760651259076282,-0.007953717404253168,0.013772582913591366,-0.012636352039227538,-0.016498443628628182,-0.00860873784140695,0.000499854932109572,0.017000846114430014,0.00341730182405768,-0.0015966678948630825,0.011509098856087488,0.005702303366766144,0.0003727064050471104
2025-08-14,-0.0023600172840491777,0.028188187008165968,0.00989998529014805,-0.006358881635978504,0.00484072333036223,0.0033648629198463616,0.012417017789280007,0.0059778928898793745,0.002624370717165159,0.0036430358758228107,0.0023651897166505477,-0.0007756528822317328,-0.014388737452099556,9.305657202052432e-05,0.0012974820128602523,-0.0009345578466305144,0.004727278703770843,-0.002164045340692021
2025-08-15,-0.005125246266400223,0.00021645874568753922,-0.0162709095147581,0.0005856467855486066,0.004719303991407146,-0.022302566216477814,-0.01255482290780189,-0.07611575551349593,0.003955748484299955,-0.004430971384685024,-0.008662804692042862,-0.004407014553971541,0.0,-0.002344034961438168,-0.00289670333360627,0.0,-0.01042958207053691,-0.007611079266904137
2025-08-18,-0.0030271086609148412,0.001989132843084511,0.020662718149559216,-0.0015624875893944005,-0.0019637145669551197,0.00032842714484299253,0.003573801937226149,-0.0063510928259020525,-0.02300761380234965,-0.005919476116473005,0.008607801368352591,-0.0003986301440096994,0.001448204094180743,-0.00021755943935958995,0.0008998910213353932,-0.005978541124872703,0.0007622178656939198,0.0021429318548170776
2025-08-19,-0.0014302831382129908,-0.015147236228621111,0.003333487217572179,-0.005488312721199512,-0.009529212916283072,-0.013192651102037453,-0.0029886074888235644,0.014557722004522438,-0.020924426013696144,-0.014276504165331777,-0.035625106188042995,-0.013660364372327309,-0.019877892837546717,-0.005439995209500652,-0.012470018257114754,0.0003527780620019187,0.0019028599798330385,-0.017617823295197427
2025-08-20,-0.01993191516264375,-0.018591996826338653,0.0055998630824060204,0.010071289165624142,-0.011225113707040761,-0.0009708307916434875,0.005421031932125845,-0.011830895490220554,-0.005016141491094255,-0.007976491622802652,-0.0013673634964971996,-0.005955122579177239,0.01639865092014321,-0.002660619942930772,-0.004462559119157567,0.00831028902943873,0.00512006653859168,-0.006788602562954933
2025-08-21,-0.004923337094260738,-0.008345349193359648,-0.0018631657074086804,-0.00347592916281607,0.002154850235594516,-0.006584890096396702,-0.0026381645505125562,-0.007491400740949549,-0.01159533299004401,-0.001288299478559743,-0.0023974379006856325,-0.00464040523571677,0.005214389068282988,-0.004019891234610142,-0.004278266849586854,0.006853672867614103,-0.0032206740552561176,-0.0036238352517918653
2025-08-22,0.012636571111288266,0.03057093586711227,0.024965505547224168,0.010649518982753443,0.031246402064691054,0.035590701695540454,0.01623282956546283,0.016827378813467294,0.021006364683876993,0.005912290029565607,0.01705581002367675,0.015309567580035764,0.02087279592688653,0.01524006767331853,0.01600036369112893,0.020170362258656482,0.016373842187630622,0.013465684265831135
2025-08-25,-0.002637850248934095,-0.003940606259072855,0.0,-0.002417757282480456,0.011578211269541552,-0.004187475462307711,-0.004533624002195092,0.011919025982865455,-0.001975931991401979,-0.005872544882251361,0.01017330889317426,-0.0028889797344714965,-0.009096131280062541,-0.004410775275590772,-0.0017093141656131636,0.0026061362864926245,-0.005803766284604604,-0.002250938129784053
2025-08-26,0.009420191929208597,0.0033724076943096397,0.015441997808549436,0.0072358055476428994,-0.006496213237187709,0.013658617214479201,0.012368022868734972,0.022937933615289716,0.0010613906153763837,-0.004412227578508171,0.010841395706416915,0.004007297409854829,0.0,0.004178295104639576,0.005719759958806351,-0.0015855117090997416,0.007668654110560458,0.004572777339057947
2025-08-27,0.005132723136336729,0.0017910076284830656,0.002583763702291592,0.0020166939883499383,0.0016400470136292808,0.0009608295210667946,0.0023752416885406986,0.0003859366452066903,-0.008951185991350507,0.009318203571517273,-0.0009356628960004141,0.001535687660874973,-0.0008569855797029969,0.002275921406955702,0.0014998185488270472,0.01115812783033057,0.0020474897425082563,0.005384006204096256
2025-08-28,0.00894079103525418,0.010765909591411497,0.0021809707775852665,0.007391652350960381,0.019851797348215974,0.002065377513059985,0.005963210865767549,0.004043072864640335,0.004978344131056833,0.005706561968358172,-0.007905624375742408,0.0062404092446850835,0.015033576661964702,0.003535201726632855,0.005281212522714094,0.007592797277776985,0.00130075564091038,0.00787226434305256
2025-08-29,-0.0018076532753705872,-0.011289768498294606,0.0049393273347987125,0.009603638858147003,0.0059828567724644725,-0.0026398283627515648,0.001161823741526762,-0.0385867706843271,-0.01666022364760569,-0.0058051995631202445,-0.03381165435421267,-0.011642903361598239,0.01868686861749196,-0.005981630225622505,-0.011293876862984381,0.00543563915218262,0.002596446363862858,-0.015463804380086857
2025-09-02,-0.010479415315868323,-0.016111647069703763,-0.0063267652478442415,0.02336740250914344,-0.0073540697694492565,-0.019511517722981573,-0.0057225521720612,-0.03164883120619611,-0.004871840760248719,-0.003103369107083713,-0.019713036514491123,-0.00841563197685182,0.026181012608271836,-0.007437888193564877,-0.008681628165336188,0.0014372103810843604,-0.007436438936281688,-0.01014861639033801
2025-09-03,0.03738232170686491,0.00288041832828813,-0.007165574212166095,0.007801481349128729,0.08742917194742962,-0.00039686268882164154,-0.0006342127111027122,0.007290674688902927,0.0026356273559348773,0.0004552682916525242,-0.0009372260023245525,0.00783689297461317,0.005101329962798735,0.005404926745351524,0.009786636710409805,-0.02268137694389445,-0.001680699443005229,0.00594846130342171
2025-09-04,0.005478258508480344,0.041984146824532165,0.011124433336686713,-0.0044286747373555105,0.00708498638736714,0.024794105695450312,0.014287588522144198,0.027050450885100042,0.015615926119870994,0.005171154071776547,0.006076904242296264,0.009010620212264717,-0.011040905071922692,0.00832282071833723,0.00929406404509358,0.00664533537248764,0.010412837854284106,0.004923863657348177
2025-09-05,-0.00037544004701183827,-0.01431613896889294,-0.011387522080609053,0.013257668006979742,0.011555793294211955,-0.014377079387153708,-0.03156390220814375,0.02488209859398071,0.005062937938060968,-0.025864628358700167,-0.02740216240269134,0.0014419237197609777,0.007553280626094922,-0.002900635192256315,-0.0007962237885618248,-0.019497232271225243,-0.01848282667992446,0.0008371956988634742
2025-09-08,-0.0075800439522243105,0.014994810804568525,-0.006248204294260055,0.011323711365555902,-0.00319950130122843,0.004918655459197218,-0.005006089068671909,0.020383369518937003,-0.00019938152762056027,0.006443817121539332,0.007693824414153946,0.004866029099374516,0.008030001592418071,0.0024538143774652382,0.0051634754591205105,-0.0022919485782605248,0.000753532770246703,0.007466479120687942
2025-09-09,-0.014950592233048619,0.010124998519937195,0.016641997377069107,-0.002272485609217019,0.02360414026428712,0.029316052598659766,0.016724626609272958,0.004747430766381296,0.017655251377726073,0.0004214419360077569,0.014451498666018775,0.002829273840139144,-0.008836528845252052,0.002309062585920231,0.0046440552721540955,0.004806994967860493,0.004321304105953307,0.0019239976804142308
2025-09-10,-0.03279128326264767,-0.033765520828453625,-0.0031865697009847227,0.0035857690781288176,-0.0019215563499957269,0.0073818480309609975,0.008990757550597394,0.016813440851465255,-0.018080736970282126,0.003924773849070978,0.03775343262051414,0.00032719801305724344,0.006167053779894362,0.0028866837953472123,0.009516822012097576,0.017318919237272634,-0.003380313008481757,0.017965315697216547
2025-09-11,0.014185282152052413,-0.0016511904499798356,0.012291978158322938,-0.0014924929949519461,0.005004838148942116,0.019494792342730275,0.016565237045192967,0.0737752229699625,-0.001437138047226124,0.0012782561102659654,-0.0008462586151700266,0.005803681615277243,0.010106497306851361,0.008275831003020973,0.004676077977115116,0.00022445513741315418,0.016233157561612175,0.003362886142461049
2025-09-12,0.017410513088878223,-0.007858600093329492,-0.0033553866700926365,0.0019696315993883206,0.0017872947959423383,-0.005968850024530414,0.004408492992327468,0.011869097561412877,0.006226338925209736,0.017588555726204592,0.0036620168169008314,0.0044073356299503584,0.014449200009253257,-0.0003346689385492503,0.0014568479888811539,-0.005964136020800855,-0.0042660005823189975,-0.0006642299750860306
2025-09-15,0.011173207622585361,0.014274139722700788,0.00019774594086845052,0.010351078276418409,0.04391355436609088,0.008552372112268607,0.006463004798292994,0.019054622133693404,0.011984736974073042,0.01065103481439463,-0.0003937326094895513,0.008520678106492399,0.010895002121107753,0.005309923421289671,0.009850381545406276,-0.0033917154567879196,-0.0022329693179088303,0.008967311565070423
2025-09-16,0.0061072678411055875,0.011257360441086762,0.0013826710555765339,0.00200440059968761,-0.0017900718635644308,-0.0015646029647731839,0.0009384404534865775,0.010514088906213852,0.01852742532165782,-0.012339077089064716,-0.01627798588375764,-0.000845543903240005,-0.0041365067782248004,-0.001377834568811041,-0.0025017081531850233,0.01662209096387485,-0.0022378945551260396,-0.003481832679510862
2025-09-17,0.0035210509004652986,-0.010436704109897131,0.014501539734935542,-0.007745087571334619,-0.0065110527491523415,0.011001858778196111,0.008245489476055393,0.011800301044527839,-0.004219446425258564,0.0019233021834196365,-0.02659722737366243,-0.0019979406941483258,-0.021207695352136225,-0.0012432077551662243,-0.005022196408825366,0.0023363306841985426,0.009661911604772193,-0.0034571960335487303
2025-09-18,-0.00465544610939042,-0.001685208986324988,0.014102454670309959,-0.004014356216469492,0.009968996496071043,0.012624276222580576,0.004736294017841951,0.03561737062027454,0.005822702088717751,-0.003083015295126659,0.03434388991210669,0.008976598384148765,0.005278469793232357,0.004661563154355169,0.0070433323080103145,-0.0031163221422710534,0.0009241209112628695,0.017131285839113664
2025-09-19,0.03153063426328445,0.001080590559717161,0.002299238011723962,0.010551365296973236,0.010616794339763886,0.0008574874153311124,0.004936188316925597,0.004738509779576348,-0.0023994427442629676,0.018473142240245984,0.0024367633114044094,0.0067465299591487875,0.02726377361456036,0.004940649640818598,0.006803000254507367,-0.013353793760871077,0.0022144263138696376,0.010089532115478715
2025-09-22,0.04219290013168558,-0.016771933038536895,-0.006335854881420832,0.017158380367683163,-0.008634901810108654,0.0006954116512918485,-0.007461560400919563,0.040758971521947664,-0.0164552006276834,-0.006741704761093789,0.038530451374934785,0.005902560057156402,0.025292192316438686,0.0047198519222895665,0.00694645242496451,-0.0011513693326090336,-0.001332484987918543,0.01460406297008046
2025-09-23,-0.006464126391678221,-0.030871872178262885,-0.0042462159774234115,0.004078048498240162,-0.003451024718333726,0.0009430328851495326,0.0009596918787714564,-0.002044480749554998,-0.012837483295684522,-0.010198490509050449,-0.028617642790173294,-0.006664444678056771,-0.0020000464430800094,-0.005458344535398913,-0.009924680111972603,0.01707703785829883,-0.004454364345670694,-0.0086696771712532
2025-09-24,-0.008367236857623894,-0.002267986025112884,0.0,-0.009104369003754706,-0.018124063417669697,-0.017376464617139036,0.002172121755438379,-0.025771536584606174,0.0069389904176186245,0.0018049158360357077,-0.008216136468703266,-0.0035167228478133047,-0.003509639897089632,-0.003186705609680798,-0.0043250309588071,0.012923550099245128,-0.0027940602721927654,-0.00619302161609966
2025-09-25,0.01791156533826258,-0.009398795415484473,0.002897047932404691,0.004156538489887818,-0.005477429606287339,0.002935966774839775,9.562154107726212e-05,-0.0014817111483142293,-0.015567696517135235,-0.00613457935532753,0.004060340737146719,-0.0043206014549962745,0.029934185730448495,-0.004624172513464782,-0.005795936007277103,0.008926204437157038,-0.0026148470934548628,-0.0017609180810678358
2025-09-26,-0.0055042148040742,0.007444168873481812,0.0069191728743054496,0.005755674720215595,0.0030467196717036335,0.009704121604671363,0.008292103857317773,0.001559697921010044,-0.006913836103827308,0.008699201183663099,0.0028099031575023995,0.004102442173319647,0.020027254896019548,0.005712795234045289,0.0044465697567963635,0.009173355512694546,0.007267334147425121,0.003016993403389737
2025-09-29,-0.004040113676564628,0.010815805882780046,0.004014166774841761,0.01636192499893196,-0.010151114241028419,0.0020042187320604542,-0.0011712356138277417,0.02127898309855468,-0.00047063111480474514,0.006120433528702793,0.020331822428759798,0.004620437709346346,0.015173344331734808,0.0028064247447203627,0.0036583378345043855,-0.01854235942380655,0.005000497841144959,0.005329248549076719
2025-09-30,0.0007858087357872592,-0.011771724709007034,-0.015960276147799858,0.008503744538253297,-0.0039001948597837633,-0.009709839031457484,-0.0008239898251448029,0.021209089021455015,-0.012207740355054043,0.006488918695771688,0.02567782632915341,0.0027354487081807433,-0.0030635365011373863,0.0037597898827210047,0.00431522401094234,-0.010688258143731144,-0.004814844978105738,0.005443019324659093
2025-10-01,0.0032151298202565005,0.004815990813160187,-0.017796520658448535,0.0015741326049985922,0.0073770348997329194,-0.013705503270550914,-0.015076754567138207,0.06428183455813499,-0.023476576559829022,0.003392318678860003,0.003531195606199452,0.004785485524438967,0.012664356018201166,0.0034017768166523053,0.004201187445500373,0.0,-0.008950302140621934,0.009744510327818525
2025-10-02,0.006555105475919997,0.008035429408424817,-0.003954171285251025,-0.003488904306035992,0.0032206022619954244,-0.007834434612370478,-0.010222340684173855,0.028989542404829923,0.013445238375703045,-0.007668304758186292,0.008773575541577188,0.004102644713341661,-0.008895214884059359,0.001151048892017506,0.001808779736861655,-0.010124833372640462,-0.000749427015420285,0.005396167310132638
2025-10-03,0.0034552785601604428,-0.01312477732054764,0.0031645107274487125,0.008000845595952238,-0.0013847532324269226,0.01350889952013735,0.008031352622975722,-0.00806015418942751,-0.022941854330524987,0.0031167465862329048,-0.006746228303479965,-0.004218592005638049,0.023010932502778317,-1.4767471260179647e-05,-0.0029527358507825596,0.005300297484278142,0.00691138229418678,-0.005044859097313129
2025-10-06,-0.005167971387568354,0.006312318256467209,-0.004948982553730065,0.018670357712142448,0.020493602963267292,0.008570959547409078,0.0021044890431273096,0.02264811015774626,0.007151812151099968,0.021455827695391016,-0.011148155872539896,0.007482066859813396,0.012331759476699369,0.003579813724412676,0.004663235165524829,0.00493653048361329,-0.00037237726272660866,0.010064395288371187
2025-10-07,-0.0008183388500996244,0.003975811225101454,-0.0019865480055866543,0.005146197838027116,-0.018823996841812764,-0.008988788058463686,-0.004830689828929094,-0.06081321780209764,-0.0036115655785397835,-0.008721831535095682,-0.002698441213908405,-0.0052795418778261655,-0.015323386799235299,-0.0037143820348426687,-0.005426721975223702,0.001565570253135334,0.0013027142123674194,-0.006698293926001659
2025-10-08,0.006141440918380204,0.015391813667974614,-0.008988357396432455,0.016356457714615965,-0.004649421506269645,-0.016780269033704342,-0.011966560748913594,0.015483308101594756,0.006653118638235424,0.0016589857908293844,0.02175681948046783,0.011398696294134494,0.026607640694328676,0.005945343779221919,0.008271213268063723,-0.005827508713279722,-0.004847159427031296,0.017385051421358023
2025-10-09,-0.01570053155599148,0.011126943813862119,-0.0010037031649559416,-0.018625225753276277,-0.012712328321986498,0.004433075679587534,0.004921679784367424,-0.010862774040591541,0.02159447557837204,-0.004678862571105753,0.018130894630978597,-0.0012110596628714585,0.003360543330927138,-0.002901212830195306,0.0005678996512768704,-0.013693522408649699,-0.0035570530074206875,-0.001687056898512023
2025-10-10,-0.03513201331059678,-0.05121476887040818,-0.023162277406528348,0.010047058859954893,-0.02074944144455287,-0.020203827009716055,-0.0153032148885125,-0.07074219504861173,-0.03921799264960719,-0.022142294719191255,-0.05009963153015511,-0.03533111853495656,0.015975516719932505,-0.027399797306962,-0.031528945742173554,-0.02936966174410441,-0.021995560370884404,-0.04154731633802339
2025-10-13,0.009697244813388845,0.016955828210376053,0.004307195421551592,0.024010471634505016,0.03153851989341768,0.028909890606199203,0.02325765549504561,0.04785828005247171,0.014637832209760894,0.0060291789089077265,0.027782585224038966,0.020999303481887274,0.039491549754364294,0.01522754489520044,0.02087431263548015,0.01351994953933935,0.009540271722514036,0.02406258190557781
2025-10-14,0.00044402022615236544,-0.016863378479674927,0.024862399029524137,0.007115811676483972,0.005310456827166223,-0.020571658511536126,-0.01931053886433947,0.003621618351680911,-0.009899217602967365,-0.0009341673944619213,-0.045019240466326105,-0.006683336337263552,-0.009781049621695043,-0.0012224016319925188,-0.007969586857794812,-0.00011566619752555128,0.010953830400857649,-0.01291757137608348
2025-10-15,0.006316514957929752,-0.0037966156016826813,0.04279243603432254,0.01718391083164241,0.022479209588675445,-0.0036785021262448095,0.01187966536779382,0.04571786649114833,0.012480782273053336,-0.00027266725767293955,-0.0011114789856192203,0.007032016956618481,0.032169337122019005,0.004429789843934252,0.004808587195804235,-0.0005790700777387938,0.0,0.009861949928362717
2025-10-16,-0.007608847967879364,-0.005115842622809568,-0.03582946311852351,0.02311798516943165,0.0017115230188457526,-0.012896438009854686,-0.023667636439974726,-0.016786101769511425,-0.0076663752402458514,-0.0035510972261531644,0.01095022271154542,-0.0037098027882145846,0.01723112044108693,-0.006833556176281727,-0.005001483287040239,-0.012121421805118491,-0.028192442860461634,0.0007384561953493461
2025-10-17,0.019370592698148312,-0.006689964147498498,0.016516369081381748,-0.018996349267191237,0.007290587009788774,-0.009702725398643319,-0.003287973059531016,-0.00605891764117699,0.006787975192971718,0.0038433358984866937,0.007725462942447067,0.006545338741229069,-0.045348795350198624,0.005660250871856184,0.0050974181060471375,0.008174899452847688,0.008081710150293088,0.0017558787720619606
2025-10-20,0.03868092101339173,0.016018234695332655,0.014711893226035815,0.03575507474940295,0.01274901853459743,0.01657793503605461,0.016002387675059772,0.017790078426343375,0.021048484402705188,0.006230571987293041,-0.003170638763439442,0.01252196984914069,0.01541577397586674,0.010346762560389149,0.008691912226746569,0.010528180071201073,0.011622501152358735,0.011095693258806466
2025-10-21,0.002018888131504994,0.025314357693141158,-0.010042583757240582,-0.066427122202817,-0.024024304144002227,-0.005701884224665999,-0.01758328066511804,0.006849053251955487,0.001501313545190485,0.0016821661103704202,-0.008136414546060781,-0.000261491687970832,-0.08594512108971902,-1.4996032452460858e-05,-0.0019990971501925112,-0.0023044048815209473,-0.0011372470224159993,0.0005203904638210867
2025-10-22,-0.016576708850049894,-0.01854683769726401,-0.008185617601835801,0.00010605032482095541,0.00489894924126363,-0.01912831931613439,-0.010081152736363433,-0.026478256248912615,0.00019082980719445635,0.0055481351276853155,-0.004869391502995129,-0.00968072831209264,0.002053158028231007,-0.00521237682733995,-0.0057339727387340075,0.01272289619745706,-0.005705569575260352,-0.009933382907353634
2025-10-23,0.0043625258369113535,0.014304177190941961,0.012833076906877842,0.0039943702532297155,0.0055075056890811335,0.008265573433425278,0.0014610176036580617,0.0435680188338921,0.0008041862780732096,3.838286627001202e-05,0.010374211051715317,0.008371341261387805,0.006813545150764124,0.00591237858353294,0.007447729142220524,0.013237821853812724,0.0020958043873722035,0.012530963299721427
2025-10-24,0.012404704167094445,0.014013300747685163,0.015528080607115646,-0.003358466049881991,0.02666824072697603,0.043143276046282486,0.019833136315415504,0.027673617827347022,0.005922401637862599,0.00584194641894034,0.022258035392054606,0.010621673394475997,-0.004309831383254102,0.008139356488562998,0.010504044021298325,-0.010167328813368475,0.010790437973567898,0.015412214734150066
2025-10-27,0.022535353479356313,0.012234712914707927,0.008523568113095067,-0.02823439606845571,0.03534057154659666,0.0077643458937926525,0.012272917898609495,0.033835728829982537,0.01673453197791794,0.01499383734595132,0.027692151144970024,0.017652480809064255,-0.036813975290650565,0.011728661579555206,0.015598309729267592,0.00238160169567648,0.004133796929862598,0.018293463244439902
2025-10-28,0.0007065287393462459,0.009995255600938363,-0.002833173300174019,-0.007191829710492189,-0.006707026124808853,0.0026547784505330523,0.003970482481727123,-0.008191621485272476,0.0008254133344545044,0.019654270339029917,0.04861857742843619,0.0076605278808250495,0.0070505398763918104,0.0026524780243792965,0.00747888036023117,-0.010475992910376796,-0.006395785560420429,0.009850870602541984
2025-10-29,0.002598862988010724,0.00456970894129321,-0.005500207041714895,-0.003794458273018786,0.026198806931207897,-0.011465780435357719,0.000491182110872553,0.03193549075835919,0.00030602986446032985,-0.0009598140699903957,0.02945785122908878,0.004492870449753416,0.012335749988499413,0.0004801823927854593,0.006235756491778079,0.007412903056462805,-0.017130259234413525,0.007160713459067958
2025-10-30,0.006283466664280875,-0.03283904572023767,0.008521881358658133,0.019451474207493994,0.024855191878668994,0.009026091011516694,0.012781579169299596,0.0021139983433448076,-0.12030235171133391,-0.029590559153544842,-0.020248085279448852,-0.015406693244326393,0.025352519538967458,-0.011059071647525216,-0.015569952539907688,-0.005925972948890309,0.0026840283034541604,-0.012373533858332285
2025-10-31,-0.00380226296753672,0.09152568904562086,0.007888950819972974,-0.005445349765875755,-0.0010309269745201548,-0.0010002131097891433,0.005414477864205968,-0.022294971723744957,-0.02756441800048763,-0.015236525400138043,-0.0019734183403692595,0.004812319534385667,-0.007470364944785579,0.0032749122269395553,0.003337037193037414,0.007288485155523244,0.0026768435752326718,0.0009647885537451845
2025-11-03,-0.004894298833628012,0.039264803615285844,0.0020559190207623734,0.0017912982604373527,0.008957285945313502,-0.004889268870090664,-0.005705275679017489,0.023722482770903608,-0.016546973300568396,-0.0015074088681434853,0.021448378486165685,0.004773395478967956,-0.005696722927157656,0.001874928310857186,0.004984733355595052,0.00011344428595021035,-0.00420966017777285,0.004082421845945445
2025-11-04,0.0036729963281676823,-0.018597025701107325,-0.0003735219435719274,-0.01767243750416923,-0.022022824002001173,0.006737134630820171,-0.00032336288111782616,-0.0344492843131615,-0.016426902098165323,-0.0052357444173193966,-0.04039310108689996,-0.020506815913271245,-0.023584830594968447,-0.011924353295924664,-0.018306437407077117,-0.010836771657500546,0.005163968072448052,-0.02675323222132629
2025-11-05,0.00037029726863190167,0.0035233445181079427,-0.02056871669358089,0.01149801326624798,0.024100084032032534,0.0028536589729233064,0.007827002212750024,0.05780376019782169,0.013663182118472136,-0.014038629624112751,-0.01766982230750043,0.006486834848734487,0.02106802808017644,0.003459398571762206,0.003650749611366264,0.0026344691027462724,0.0034279142570685073,0.0039047913484717596
2025-11-06,-0.0013707172835239541,-0.029034574612610754,0.015888352622844177,-0.0012012407765740096,0.001546479061797542,-0.006971737889455493,0.005567193966407921,-0.017479973251895778,-0.027111653750646433,-0.020035324263284925,-0.037208545384962245,-0.018803008975921322,-0.0022936314629347283,-0.010787307565268271,-0.014873530579092907,0.009676083809930791,-0.0036186295781062117,-0.02030032882266555
2025-11-07,-0.0048305427121975416,0.005621146751201347,-0.0016902964381803837,0.006100376279774767,-0.021009283863888773,-0.0015756757215125458,0.0025172842072458262,-0.01766544915850157,0.004465418177578069,-0.0005634228707259525,0.0003721114707823952,-0.0031603184975974147,0.008460069730783726,0.0009840232716329205,-0.001993665935661246,0.014285237913502648,0.007034833370063353,-0.0034643140581276373
2025-11-10,0.004538380514148896,0.0161931675138767,0.004126810764323447,0.026974026330607748,0.03962337714019774,0.013716273052954786,0.008493279321913457,0.04311109690918794,0.016035802994341392,0.018308848782548074,0.05631653285510292,0.021883016660812563,0.0416959911524555,0.015483937510288556,0.022829722481577937,0.00900559775094958,0.003593453253315535,0.025254581307096964
2025-11-11,0.021371148071028613,0.0028141212824006312,0.003923421115154175,0.0039300815092205245,0.004162354854152845,0.016311324934214257,-0.0040157961508534784,-0.04417864474600856,-0.007435344635741693,0.0052824917482013276,-0.030037214335174377,-0.002667073302762832,0.014310735021759313,0.0022865335909522055,-0.003349527422147579,0.012975753370130273,0.004520574596331579,-0.008563625016973768
2025-11-12,-0.006487862890758322,-0.01986689759076167,0.008910332509950079,0.015982361021277473,-0.015916813985590646,0.03475806525199237,0.01506243753868183,0.013974125318093028,-0.029239478759321084,0.004824422150558545,0.003307882918741538,-0.0007886635349668952,0.03946906562602686,0.0005562438741300194,-0.0023325799822178487,-0.014083168826325286,0.008607786745321817,0.0031009096020302124
2025-11-13,-0.001903213145158224,-0.027483132611142096,-0.023182926094617133,-0.00811594387120292,-0.028801807494152357,-0.040711772614234046,-0.034707902380199454,-0.05148233359453799,0.001443940431991763,-0.015477005621992168,-0.03646711365097375,-0.020627286095403215,-0.01880150528712995,-0.016733244574677203,-0.022101524469869422,0.0025452587987903367,-0.012939662073904755,-0.025255118581696104
2025-11-14,-0.001980466546235507,-0.01223891180071706,-0.004929860660162843,-0.018212761198262515,-0.007784119323152159,-0.01827901478500584,-0.019149541651419435,-0.03355985790214279,-0.0007052580016782483,0.013597025625161638,0.017558788910905374,0.0007557492267729736,-0.031272608963240994,-0.00016359948124937914,0.0009546136418756189,0.016877063284715436,-0.010054122665296391,0.005428631706993681
2025-11-17,-0.018338285065585238,-0.007785167790615942,-0.021712779821188657,-0.011530197275275704,0.030674005342199617,-0.019598781822054472,-0.010728993900864112,-0.005410537786961477,-0.01229936358796035,-0.005286604783278475,-0.018951133903844657,-0.008577228495181513,-0.01071863837720475,-0.009360194188340132,-0.007662106265830404,-0.018425661585337278,-0.0192498707799461,-0.015775281856148852
2025-11-18,-7.464947758260898e-05,-0.045328527802621185,0.003103135266112946,0.0072386702324458525,-0.0025996400053332185,0.0009535996643769102,-0.0032011179660720833,-0.029035413545736705,-0.0072017599492540055,-0.02736658518824587,-0.028483287444823868,-0.012250460236548914,0.013760122220017004,-0.008432917870575445,-0.008690687262535166,0.007938320071975782,-0.0015561476160355968,-0.016386590101040654
2025-11-19,0.0041789849317348,0.0006288715862684946,0.007331720254269058,0.0016281258445646413,0.029564284535910354,0.012405047479684472,0.012809587911146546,0.038081585252235955,-0.01240751684245367,-0.013599922172871235,0.028054414059495738,0.0059523367141896795,0.0075635647815318246,0.0038557567903246847,0.006284235266372945,-0.013043165916268326,0.0036919042517273653,0.006928509400261336
2025-11-20,-0.008638554808404069,-0.025238376767976148,-0.019802686599500883,-0.00029336859393561273,-0.01154135250050041,-0.01575986172012083,-0.01625557581322545,-0.06389352663323383,-0.001983810456989164,-0.01613068922111437,-0.032032341881092705,-0.023956491027907773,-0.014529193824938934,-0.015359695168779277,-0.01769616677837773,-0.011413357198446309,-0.008766022928832037,-0.031894440825663554
2025-11-21,0.01948948732721377,0.01621670892983362,0.010920639788003282,-0.0015485295000223418,0.03466599020400327,0.00042651998786749434,-0.001207376518848415,0.021684526662131387,0.008619194035210347,-0.013276705058988399,-0.009790851268402874,0.00748466488592233,-0.010540272212812087,0.009911937023691694,0.006453526332486219,0.006282231523117366,0.01089707889389109,0.003850784139498558
2025-11-24,0.016185769721398423,0.025014152157624068,0.007150448244474688,0.015720029429592993,0.06122497805061949,0.021320615239544503,-6.699860618521167e-05,0.052771303682960874,0.031146400736734064,0.00397416003412538,0.020308941393949672,0.025251662702624453,0.02893711807935294,0.014611241086193577,0.03326127608201436,-0.0027996998291018706,0.004248832536409041,0.023549101763257335
2025-11-25,0.0037982730766835957,0.01487032297548011,0.010535448660315036,-0.0003157406112365523,0.015140059835671509,0.01457618008674394,0.016639236764600832,0.010254416222608748,0.03709787293638361,0.006288127313256544,-0.02625236853586816,0.006144759584675058,0.0008573870012291349,0.009361939618760542,-0.0016040356404955086,-0.006299900126317453,0.012448707856034308,0.0026778358704438758
2025-11-26,0.0020917682533082623,-0.0022230225348219158,0.009671100739207164,0.007966521739529534,-0.010848780209191495,0.01691915190916231,0.015197554611837881,0.020908101134446997,-0.004110711157269659,0.017683784095154906,0.013628426497535618,0.008796979798438426,0.03639832452136947,0.00687985444759878,0.006869700920534501,0.00753271649063572,0.007773290459358037,0.011768166014992936
2025-11-28,0.004672971434540764,0.01756175380535844,0.012378322943352735,0.012347782735317652,0.0007185643687783809,0.01221652864122665,0.01752849003787704,0.005528171365485576,0.022379882035627328,0.013319822731352777,-0.018250529412443567,0.008074525744119885,0.056434962347547926,0.0054435632273936016,0.0038376802308063397,0.01301980038610672,0.0071509444440725645,0.008561488551646278
2025-12-01,0.0151262172065036,0.002825964858582112,-0.0076715234497603205,0.004809481913078849,-0.016659911908310523,-0.01854774013103073,-0.01337632430319619,-0.0077867967174527,-0.010986900329077046,-0.010768997568688727,0.01636265119304991,-0.003364653833515782,0.025259250554025885,-0.00457586894038492,-0.004963674452016953,0.00957253837307891,-0.008284753094109377,0.00045408154665118206
2025-12-02,0.010855696011275954,0.0023061862991379644,-0.0009396472489042548,-0.006460877304549151,0.0029172344192905323,0.010295638468251638,-0.0033723515580409784,0.02172758466980202,0.00967412902271774,0.006675328097538651,0.008522905549192543,0.007795642855611498,0.011547702416074961,0.001850496049688355,0.0029062294969844967,-0.013005788141168869,-0.0009458235284672467,0.010249336663517157
2025-12-03,-0.007153684504557431,-0.008740386717129234,0.016779025937261764,-0.0009300505859088987,0.01202331630771739,0.025864440025879145,0.013709697012462588,0.01145812096316061,-0.011657782134738295,-0.025359686639780894,-0.010358780113431765,0.002440816165512594,-0.001129969477293223,0.003456786217426821,0.0019639482712015426,0.018575054097148266,0.013347355600007165,0.0023822653659031044
2025-12-04,-0.012215789741831256,-0.014171743534491207,0.0012932604007788505,0.0006459865002764292,-0.0063083462426176415,0.0015049608826275083,0.012638811865724882,-0.016791190188567156,0.03371233271057631,0.006488829072488685,0.02093976783855516,-0.0009306806613575622,-0.024994173324595026,0.0007307890626128348,0.0041026168298774705,0.00423798540005014,0.0020520872838790368,0.003717352273369281
2025-12-05,-0.00686355564689062,0.0018314943611840917,0.0012983452957792917,-0.001783943580710258,0.011426102454092469,0.019771477159845563,-0.0033589019476901027,0.010196767759416643,0.01781382669894645,0.004813310246453404,-0.005303645132968149,0.004069102724247343,0.022730468691322527,0.0018977350040129193,0.0032514972908296758,-0.0041291117459626965,0.0003725830937623347,0.007291119827001412
2025-12-08,-0.003197540392983899,-0.011568418747626617,-0.0009272479578438123,-0.0026429393579943225,-0.02312696870434922,0.014094678190253779,0.0005393404279066412,0.0251382453685994,-0.009879057154513964,0.016137000980794174,0.017067494481283838,-0.0019202934538512567,-0.004542912958116647,-0.003008799415334641,-0.00334454867024464,-0.010948257702237264,-0.0037327400544033247,0.0070014423108619266
2025-12-09,-0.0025583326534953568,0.004529366309921425,-0.006701415442363748,0.005124051608821799,0.010653139934015557,0.011346651977005717,-0.047757951935089235,0.01868864923408864,-0.014866982266891768,0.0020344823434482223,-0.0031307522745196094,0.0012326040020516603,0.04561412059704479,-0.0008635176910706599,-0.00037229212743040903,0.0061458053994365444,-0.00374672562351062,0.002638189949269711
2025-12-10,0.005755873046479309,0.016793958483706913,0.01003539266205335,0.004250103468607047,0.009822952520779624,0.014339154644021518,0.03144587004051251,0.014667842960422168,-0.010450802207778402,-0.027737779361902727,-0.006454291233027983,0.004087276882638432,0.016181610597796367,0.006610371282859594,0.004087751999060928,0.010448532595068722,0.011383908138810354,0.004785141211109984
2025-12-11,-0.0026938721785778564,-0.006492686132941979,0.008836596570330691,0.010712248978541639,-0.024596615763819704,0.024208705528771808,0.023172809175109766,0.0026709614482819475,0.0039606640034290826,0.010207703021102152,-0.015629217144241425,-0.003239647790837473,0.02726880642633444,0.002324244979309141,-0.0010203370282354121,-0.004775349011837834,0.018021810264004057,-0.005123013805960919
2025-12-12,0.0008988005844432756,-0.017920589673159203,0.01057433419335143,0.005578987507631519,-0.010100983850478407,-0.025649123487217925,0.0035854319123925574,-0.04976276065928941,-0.013077182721385533,-0.010270341829200724,-0.03320989556876012,-0.019303369351845893,-0.026733925789768735,-0.010810279077722362,-0.01646902295936302,-0.009839417217177588,0.001456957649711401,-0.029351298963012723
2025-12-15,-0.015098408555415868,-0.016268534273204432,0.00343989478342745,0.0009099271544499963,-0.003465623769497765,0.0018339778611176079,0.0046983093242535055,0.023275513589128667,0.0058937104921780725,-0.007783156157861534,0.0072300945050929495,-0.005032100375403573,0.03520199126101393,-0.0015119402890506838,-0.0027399377620364916,-0.007056248268280171,0.0007276835751648715,-0.009720682421146883
2025-12-16,0.0018224664254049999,8.98866451848032e-05,-0.009442625441471614,0.00022742956353926302,-0.005367682990212155,-0.011805186237868536,-0.014066464250441285,-0.006350107758058349,0.014778097473989466,0.003301087054829448,0.00807896271619421,0.001979871129127266,-0.006560815446944308,-0.002736037133594218,0.0014181439565496324,-0.03101375815420984,-0.006385187197621453,0.001825412798458305
2025-12-17,-0.010138247658845124,-0.005813022613826454,-0.0047549256081250765,0.0085515594385759,-0.032657207132669064,-0.007787745511883768,-0.001807884697128184,-0.05204787808727403,-0.01170952424528397,-0.0005669737926510515,-0.03889665598996,-0.018710966371063256,0.04289154470495538,-0.01106460773219221,-0.019267965493322207,0.0218995296361348,-0.00018296592891638554,-0.022487216192845896
2025-12-18,0.001286746577224654,0.024508470639878127,-0.0053304464582358295,-0.0018048314286412761,0.019160103930283324,0.004540708208095283,-0.006306010399505669,0.060829502349499576,0.02275676986020218,0.016373726679337935,0.01854688041923136,0.014386209953990313,-0.015721993723244575,0.007522963990016468,0.012062117023828839,-0.014621730827001012,-0.001648836487059976,0.015306679452158432
2025-12-19,0.005422681951884745,0.0025985418858299946,0.018443021973248205,0.0011283535131121657,0.015419821107802087,0.01941541576165545,0.013360772004103209,0.04493748135651769,-0.008585123537063052,0.004000407866591435,0.03858226769342382,0.012951087159239894,0.026779157143869015,0.009022618958016409,0.012764311346988856,0.0,0.005485441539374878,0.02138896842853797
2025-12-22,-0.009914939859583293,0.004739078487121393,0.010976272394151314,0.022819254559298667,0.008493507714034763,0.006159138078554664,0.01836690887617002,0.017207471152258767,0.004135518182982515,-0.002060048477056384,0.014807720863768647,0.004782071028815076,0.02496079177707564,0.006210566721978087,0.007415133492835559,0.010299374353279841,0.012203655980212814,0.005380822273761533
2025-12-23,0.005116600880012278,0.016110849706755952,0.0016092754792975488,0.013165297757330809,0.014644703786338064,0.00300991287050746,0.008751758070500017,-0.000570677656603859,0.0051867587485830875,0.003972124468264389,0.02960802520538894,0.0046723786427916355,0.03723617934219612,0.004560042005282501,0.008000049205049773,0.006538157211318255,0.001986430913789711,0.005427499638625569
2025-12-24,0.005309660095674185,0.0010333484556670999,0.0049901597209657,-0.00414265150874824,-0.0008274762215582041,0.01000842026932813,0.009891754252747272,0.012312566760091277,0.003917514146959631,0.0024002425695715777,-0.003176160869262579,0.0029213225081327495,0.005843548689568323,0.0035114479496600164,0.002590893867279963,-0.002925580182572424,0.005397637318106339,0.002395303133130165
2025-12-26,-0.0014985148401437073,0.0006022774408405259,-0.0014232597707492804,0.011609088487159046,-0.0018483046983492999,-0.004114867391947674,-0.003835154141257737,0.004164361673333208,-0.006401981304311324,-0.0006353623154994487,0.010128246578782895,-6.415738798761732e-05,0.08660244074675871,-0.0001014201750952399,-0.00018484139630047983,-0.0038387589998801082,-0.001975796132184488,0.0015708189496868108
2025-12-29,0.0013160418504418513,-0.001937179352692427,-0.014706098316780823,-0.04450407961760148,0.00015944772873111013,-0.016518600630555873,-0.012767585573964171,-0.012431760965545376,-0.006959292794560984,-0.0012515285287563304,-0.012198174039463773,-0.004852314296638911,-0.07456235176172701,-0.0035699930558561223,-0.005096644681682086,0.009457332091843088,-0.005408272099711718,-0.004514366619889022
2025-12-30,-0.002487138437606135,0.0019801618568183687,-0.0012654847479800482,0.0007273032894686568,0.0009245293403182192,-0.008735895733853158,-0.0010198180751574092,-0.01195492592016095,0.010961570601277672,0.0007798555139255491,-0.003619329992199417,-0.0023220939779831596,0.04401037811110724,-0.0012218468855631148,-0.001487459095782751,0.0075910683344896646,-0.002533974610062568,-0.0031584625573249357
2025-12-31,-0.004477584501558454,-0.007381025988312501,-0.005078014566553487,-0.006488999253824397,-0.0027120514297977482,-0.00614713839241816,-0.0037172734420278146,-0.015074524689587471,-0.00883839332861324,-0.007949824505874468,-0.005560855557135792,-0.008299970275916396,-0.06839254069465761,-0.0074365500962735335,-0.007283709399725903,-0.005576050791110689,-0.0074579432491036065,-0.009952431140356868
2026-01-02,-0.0031314907649584198,-0.01889327280046985,0.017125327503595595,0.004958545328225588,0.006845560294849816,0.03941764142535103,0.010066519209866015,0.07796453788816735,-0.014773307846019212,-0.0223309251501613,0.012521788173345913,-0.001938970842216345,0.020435555578520448,0.0018313617663269853,0.000468561608210318,0.02080643368857494,0.002917010834166731,0.002289518792691883
2026-01-05,-0.013933739398968666,0.028550975746587545,0.016661064567484982,0.025972938179914393,0.004400950063005315,0.036616000788903584,0.025959752187630917,0.05108789633727023,0.01280193567963011,-0.00019035563217633658,-0.0038730170930417218,0.007911541355641635,0.0494056087268961,0.006638033243240065,0.0038333616277986533,0.02680078458849374,0.021610847075335324,0.0022150965844803597
2026-01-06,-0.018504426184870557,0.033210483799024845,0.006308108077442764,0.010755105002161711,-0.006974520740890478,0.00738480220482203,0.0062053929031204305,0.060757551165502924,0.0027739623294907832,0.01189892640767269,-0.004688795139394922,0.008748164882668597,0.06487318299576052,0.005929568682081867,0.0053978292095543095,-0.027019915140749733,0.00479873539995771,0.013939196997402092
2026-01-07,-0.007767587254826069,0.0026114748641676943,-0.02852532138453253,-0.009605943617543307,0.024014285711292337,-0.015238948820440088,-0.023036011013233864,-0.01892559321966833,-0.018223851620838477,0.010312145829044314,0.009937584060043825,0.0009620661677244327,-0.03802213768122669,-0.0032285629973805552,0.0025029488772947872,-0.011237261047006411,-0.014106139688820284,-0.0008185520570035597
2026-01-08,-0.004967410582383972,0.01939179681615764,0.009658522513326264,0.005507322733438559,0.010688631593745527,-0.006599697366079029,0.008526569854552704,-0.010494026556378905,-0.004062560420501661,-0.01114846507572145,-0.02175683184431315,-0.005705266499539128,-0.01777255873436836,-0.00010153783677743937,-0.008460840796564026,0.030979779246989685,0.005201340306043113,-0.015751599078217944
2026-01-09,0.0012730781005779077,0.004415959535942419,-0.005891348942837984,0.007215903791294916,0.00957182112594326,0.004429443355584235,-0.0018210250089542024,0.08303913290369969,0.010776640280624555,0.002444193949197288,-0.0009732491752103244,0.009910954224034624,0.03758621382396167,0.006591570183952557,0.007627243989845814,0.0025745495756103985,-0.0030458078356201215,0.013154879310199385
2026-01-12,0.0033871684089656568,-0.0036853485099490966,-0.011887716501112186,0.018549616736782293,0.009963206925160634,0.011194057153258725,-0.014380425605693794,0.009298969015277785,-0.01712751813486019,-0.0043912574434964635,0.000432699636909862,0.0008294699866321966,0.0648580458589788,0.0015692219387488094,0.0034225741684785174,-0.007096043265505375,-0.007926507645931571,0.00436950723306434
2026-01-13,0.003069160037768495,-0.015826265506308397,-0.01184741722669258,-0.0014220515093612454,0.012308792396941009,-0.0120782860552576,-0.04278343102774511,-0.027693894183120526,-0.017092953517602805,-0.013736508896486622,0.004693178813997547,-0.0014839587378681312,0.017583653974066873,-0.002001476724789629,-0.0017560748599481301,0.014142087289440768,-0.019357828832406856,-0.002114100821913055
2026-01-14,-0.004184200562639289,-0.024831791107773515,-0.038502232727997195,0.0101703332395237,-0.000387028416234941,-0.005858457375611363,-0.009793651418856058,-0.02642126355138609,-0.024981076807205096,-0.024279440189170654,-0.014473787878718945,-0.01074028346788367,0.07308963266815781,-0.004927356850498766,-0.011817914423095223,0.022302638117340727,-0.0014762682902875403,-0.012226244066965174
2026-01-15,-0.0067546064536927915,0.006444429028140061,0.0020938617302679835,-0.0061465119926862365,-0.009153286663243547,0.045267667397117954,0.004504770045271333,0.040732038747239685,0.008541478758855062,-0.005938623145013116,0.021125164339048683,0.003592992343913918,-0.014772699960025051,0.0027195131661778946,0.003364147606853635,-0.00940740272216921,0.00405450527806324,0.005238552711493054
2026-01-16,-0.01043328271118352,0.003938837966679267,0.007199746091993169,-0.0048305320875177415,-0.008388960492390922,-0.014304656376128376,0.010326047243987155,0.024931466963766438,-0.0008862979254733003,0.006982909509314685,-0.0043936053878168,-0.0008366633443358198,-0.027992616388926337,-0.0008382252035026964,0.0008392715137594915,0.001678877903369086,0.0012866300311530977,0.0010992766897140293
2026-01-20,-0.03516681140302266,-0.03454778703396358,-0.016560822275309698,0.037137944625647984,-0.024541053160633076,-0.019555882680619953,-0.03163408879776219,-0.0024698806910028316,-0.02634978374353773,-0.01168020245933228,-0.04480567027408543,-0.02147616707395802,0.05253299443055446,-0.020566840670864645,-0.024534180385944158,-0.0018889863802042507,-0.02304069723526481,-0.026300779402921
2026-01-21,0.0038434513252299496,0.0013410811217221105,-0.0005759733685379361,0.014463871678662811,0.019619949022021157,0.01016683247837582,-0.002314810213013938,0.026532149085095356,0.014526860894214427,-0.023169633344756864,0.029056579750963277,0.013427856545581478,-0.016888506723599327,0.0114749889632404,0.009412949876562446,0.023872461274469854,0.004875251268593583,0.013793258685992753
2026-01-22,0.002822574664753265,0.013014244969160121,0.007271386195135252,0.01829421977969421,0.00655619763492286,0.0017193784846057112,0.005250310824327182,-0.03425039919944211,0.05501982886134703,0.0157054707038651,0.00825721619066442,0.007243139361411499,0.03706074067228502,0.005209636268787033,0.007917927163417382,0.0032766948371936214,0.006525671331156641,0.0074128890788372846
2026-01-23,-0.0012490498169329728,0.020359762712410228,-0.014015752358098614,0.013651695099226603,-0.007927572944667685,-0.03818920634383233,-0.01965642468272302,-0.012584454838912202,0.01703974120634944,0.03230062336052797,0.015194528911584565,0.0031524261001239506,0.06423009734849514,0.00036271445090017455,0.004122453300162759,0.005708487491331865,-0.013847562578395744,0.0014483764938229206
2026-01-26,0.029280096957102087,-0.0030989827151846525,0.005783697304982397,0.014522878245374984,0.016122833979031078,0.014026986580538433,0.011089715494938422,0.02236878821596488,0.020434559636027163,0.009249908201714471,-0.006414656086299057,0.004390436003521979,0.05679950267564234,0.005065296757285074,0.006430910019121928,0.000609673063474196,0.006386186974011379,0.0068002747677617485
2026-01-27,0.011135311634926056,0.02591738783059459,0.0028793158789284542,0.024235866660731666,0.0038632891710417092,-0.002299109806504104,-0.0024278877637323596,0.06761303292370366,0.0009068689171638871,0.021665458667270262,0.010933690593106213,0.009024455902564647,0.03251424431099413,0.003976348566725876,0.009431480592815488,0.009101080041499987,-0.0077060531807082834,0.013395575486884343
2026-01-28,-0.007110624097650485,-0.00684863228798761,-0.00692441112859258,0.03804054442699281,0.004354701390169259,0.007597058989744146,0.0015305243848789838,0.0046857778631158135,-0.006320385450185619,0.002182473591107379,0.015788190876832572,0.0033060073594277984,0.038713287767028745,-0.00010067497120472829,0.0011956676482298958,0.00762136981524502,-0.00018869460362647993,0.007938639562840672
2026-01-29,0.007149452337149825,-0.005281189009015846,0.02421707217421443,0.002705807739847273,0.006644283298444014,0.0035270312616184174,0.018611005138201117,0.03522656945300839,0.09898344529684366,-0.10528436571963382,0.005155768924444679,-0.006003249689694161,-0.0002841197116900594,-0.0019863539443873905,-0.0056229370714708125,0.009148794585948548,0.010512588145220726,-0.015940909797604968
2026-01-30,0.004635398415236556,-0.010103375476311564,0.0022581545508381473,-0.10841233744964726,-0.0007393501317570216,-0.0050226139094031435,-0.0017311883910966594,-0.06110317973617237,-0.02998551312122757,-0.0074324141529379046,-0.007194213250918772,-0.012083575006611,-0.33603656642343366,-0.0029870370168700792,-0.00863395005737306,0.010634218866912912,-0.002056312738408091,-0.020568085680625237
2026-02-02,0.039779460893500804,0.015178840703943746,0.015481021145486364,-0.04087351576386017,0.016694213794798365,0.011606433391685123,0.0073287043848137435,0.01715682786085486,-0.014182515722001115,-0.016212885627165805,-0.029306114416740678,0.006842961889822125,-0.04057900396975377,0.004959045712933714,0.003536833050423953,-0.019783013452861445,0.010979919530597704,0.009545476394678409
2026-02-03,-0.001964837922112354,-0.01802454038618342,0.007743432349402734,0.061647351472448514,-0.011647874476241325,-0.00778651688989943,0.021542034378686167,-0.03165362291104274,-0.02104342956467389,-0.02914250604864986,-0.028803821486399327,-0.01548326498855792,0.06052712774363301,-0.008491346084250548,-0.016581890906595932,0.0318547929166572,-0.009297226067612987,-0.022134889159138037
2026-02-04,0.025680287047938025,-0.02387675021837666,0.01693570527054292,-0.0007046601942605336,-0.019829636450916593,-0.027740452980485417,0.007656734308570678,-0.09245464009073824,-0.03338319233209907,0.0072208269872281825,-0.03469725096611551,-0.017623356952960516,0.028437951070881682,-0.004855691490926631,-0.017822800802353614,0.022201934396368313,0.008000826306382198,-0.028267485944343546
2026-02-05,-0.0020997961220096443,-0.04521487700574901,-0.007976908440333729,-0.02699275619765067,-0.005389275397959648,-0.025382424374024416,-0.022664734132697848,0.01668712710021811,0.0018220401776812226,-0.05081179884428329,-0.013350101548895904,-0.014499938316045265,-0.17166869227969228,-0.012567856956365418,-0.01560330833811636,-0.011805145156007061,-0.012494316336222566,-0.0181921717392061
2026-02-06,0.00797784107081465,-0.057150465515023806,0.02852979588731724,0.030269515441489408,-0.025654573874261913,0.04215763346500773,0.03870470134328125,0.07971448957298939,-0.013141640887857233,0.01879745669478541,0.07577302301087933,0.020917587180192602,0.05115083227265614,0.019003005567205973,0.024887964427429753,0.019723754128723646,0.018038591389316187,0.03975081755303324
2026-02-09,-0.011729000497211482,-0.007636568568798812,-0.002124992571064535,0.025085614324893347,0.004511925334419058,0.015883905717325425,-0.0009309212422876678,-0.007516995453330727,0.02354658377865837,0.030588866559683087,0.024664966763379943,0.007630950352336267,0.0800536441351528,0.004810244305276485,0.010708379223590322,0.007297216924282517,-0.005914983885880538,0.015607821026619083
2026-02-10,-0.003428831498793266,-0.008468076358810299,-0.01824738933523872,-0.009963188662021111,-0.01785715676313767,0.005674752455367363,-0.011930613371987633,-0.011713504195337092,-0.009644430908518598,-0.0007982784835396777,-0.007924416525772629,-0.0046501109914586225,-0.035199313651913276,-0.00264064386524897,-0.005292475373374778,-0.0011191555805846328,-0.007256498198171898,-0.005596409418441433
2026-02-11,0.006628103245317512,-0.01401348751238724,-0.028196710949834215,0.011247091222494243,-0.024209286102774716,-0.004647277451837338,-0.023717470307108628,0.03686554642431749,-0.0030310903563182784,-0.021770827640910106,0.007977089879130206,0.0026784787459514154,0.042014499247511265,-0.000231085512616827,-0.0021818359920084502,0.02579359857419529,-0.01524163502999519,0.002942009076744543
2026-02-12,-0.05127407257936166,-0.022196688349696986,-0.025008309880312416,-0.03534565209196913,-0.00632299997152607,-0.04331338852678156,-0.026670039445088584,-0.016423719956496836,-0.028640533025796805,-0.006276282350313641,-0.016499491079763246,-0.020548592694657492,-0.1225454524656243,-0.015569451553392327,-0.017725018630153147,-0.018355850772967294,-0.02010987555761428,-0.026651192964595394
2026-02-13,-0.022995839415095466,-0.004066437083335938,0.0005710397291387086,0.02457422891441271,-0.010671583553227186,0.0006520485342639788,-0.000297518088075741,0.0181659524374785,-0.01557130911102629,-0.0012948429668145959,-0.022340344621430332,0.002128781517703512,0.028957975370192946,0.0007042374603937072,-0.00426229891434535,0.006830958705387939,-0.0007740594101384329,0.0025109095428111536
2026-02-17,0.03117681438621338,0.011801910679928636,0.0036091291281618817,-0.031666383600955826,-0.012176479431025972,0.011970358960700983,0.015024629249208174,0.0002122725240841071,-0.0007505901530488688,-0.011175581103172197,0.011746279262754105,-0.0010306404626511953,-0.04924204961975368,0.0016121662321053362,0.0032951886388653305,-0.01110091784094083,0.010592235894975072,-0.0005733540756361353
2026-02-18,0.0017795532383034164,0.017934163011373634,0.011687174007037168,0.022240759759257815,0.004328093401154852,0.019127310401107243,0.005357947709989414,0.018963316575646608,0.00612862288323798,0.006880484157494272,0.016141868716214123,0.007439462389368636,0.05453488972284363,0.005025111493454597,0.006461850321513422,0.018981453755015774,0.007443542659799714,0.010200155783730267
2026-02-19,-0.014364224365880748,0.0003417909236829623,-0.011118515661054075,0.0027891563109147515,-0.0015836303703204786,-0.01846154980398504,-0.002366957286842122,-0.011309465769060835,0.0024224396158071897,-0.0005770833455999856,-0.0004256193690695209,-0.0038370609600061343,0.01304066401395704,-0.0026409180968155325,-0.001442985997646709,0.007275479186845188,-0.008401843706664852,-0.0049800647494558795
2026-02-20,0.015233823534795543,0.025304384018124338,0.005480471218205529,0.0195226903950525,0.03927148812826025,0.006079700826420475,0.008855417746405799,0.031227234117532476,0.01673314775034796,-0.003091609658687483,0.010166403704481202,0.008809965222619162,0.07603743284178739,0.0072058400517004155,0.009772058892921319,-0.005451605962566363,0.006498556094092574,0.004767209471861005
2026-02-23,0.00602904668779855,-0.023304999462925406,-0.03822610203326119,0.02665702371732228,-0.011141922350469916,-0.03299182524209773,-0.043131932248379516,-0.010878783911171752,-0.028480278996897465,-0.032649720007401746,0.00907260443723529,-0.012229443391437474,0.05026819288208957,-0.010263807839928392,-0.01227837929920099,0.00490780171033874,-0.03410530165853166,-0.01689375508175513
2026-02-24,0.022144036649487702,0.015900551376285547,-0.013007713677850126,-0.013955835494471214,-0.0018958668796003311,0.011100181012821,-0.0012439224544363939,0.00813948415836501,0.003211739659873585,0.011713577948725896,0.006763798223351665,0.010684210886763053,-0.01866634654451899,0.007242165031108853,0.0071167994756122285,-0.0009070910121871671,0.004915959200467249,0.012910774631007557
2026-02-25,0.007650520846136862,0.009923754371216356,0.02507476442933938,-0.0025104111690772445,0.006412245741813115,0.020958728616829465,0.019980692548477445,0.02118639191793813,0.022259398191543326,0.029384094849206652,0.013954478630994869,0.0143891812415329,0.012066499697029427,0.008402945104341215,0.01398893646857977,-0.004182983388606109,0.01730718921233827,0.01898893071423374
2026-02-26,-0.0046786052410885525,-0.012997130763748655,0.011732036815440987,0.008539325114314078,-0.017798773321711953,0.008236160516643316,0.009287507213018631,-0.04262227110738122,0.005066066754975841,0.0027918930961768774,-0.056106163785103344,-0.012137927053256963,0.005109314350890122,-0.005569959857260949,-0.01245674861722591,0.0032751385631069416,0.012072572068007836,-0.014083723860496639
2026-02-27,-0.032657957379533524,0.009954149190768667,-0.04837909375813967,0.01304594710817348,0.014148905132685683,-0.07767641503268918,-0.01922789973615387,-0.02190552568315402,-0.01353090061821977,-0.02260754110711472,-0.04253837483251021,-0.003205885921664653,0.05489774187065907,-0.004813509630285336,-0.00903512188593942,0.015680177169951744,-0.02059146452459497,-0.01608500100574881
2026-03-02,0.002041924719824955,-0.007696209563361218,-0.0004014137858027076,0.012837146760680682,-0.01695079993982964,0.0077238509157901486,-0.009166072543786267,-0.012433183109938963,0.008265952216700718,0.014685139788609984,0.029417916615645075,0.0013164916975326058,-0.04107203380424009,0.0005684172026597193,0.0015437180882739879,0.019830785363725158,-0.002530949479444995,0.005605520469302485
2026-03-03,-0.0036708976244395467,0.0016302091348675868,0.0032070379105734515,-0.04563796333219482,-0.009637824548512926,0.0010207216278851322,0.009032868260417895,-0.06127692486616404,0.0023230815822997738,0.013408647244178758,-0.013405999706042235,-0.01076331700950698,-0.08824922081124656,-0.008853414553509194,-0.009784598588754518,-0.009158284508546355,-0.0017559039772977929,-0.014727335300649609
2026-03-04,-0.004674468498819032,0.03802601972435073,0.006582157731435428,0.007787713327779242,-0.001483287269766051,0.005399367810033437,-0.0029015916796602814,0.02718354192441097,0.019126414362665836,0.0031392250109650473,0.01647011544804586,0.01512817415472587,0.008798830896156217,0.007030536114047319,0.011133335465733337,-0.00585575461453401,0.005646983707253479,0.016874906684115617
2026-03-05,-0.008530831338801404,0.009730180814114253,-0.009789195642008806,-0.012090565447196364,-0.0074503295510835125,-0.03734478818404935,-0.01969921744586808,-0.03797843884772368,-0.01078070158241622,0.013433502095925965,0.0016376663504562787,-0.0030173773994566925,-0.014304097173972026,-0.005591148225550186,-0.0009632714444234703,0.005147769150786352,-0.005256516287494511,0.0024284462231599236
2026-03-06,-0.01093213459894777,-0.026520103831069775,-0.018132373862761068,0.015708476698148666,-0.007874573956311054,-0.016947968572022815,-0.013961698322916757,-0.07418676127099419,-0.024069910414999507,-0.004196973741552476,-0.030570537605429608,-0.01515752803457713,0.022236530470651026,-0.013193791611277716,-0.016028264397931907,0.0015922290646597967,-0.01296676551330928,-0.020831852103523067
2026-03-09,0.009355669414157603,0.0013123918981728527,-0.0153306888371867,-0.0020718179527898957,0.02662762715355561,0.01283400398098638,0.0015188647848769497,0.05760700055316632,0.003915650339463678,0.0010997770081359087,0.026799887586009843,0.013267209227262903,0.030093057126044376,0.008721878607696682,0.015835513438421177,-0.004429057675209449,-0.004757208660494207,0.017831200135152627
2026-03-10,0.003648874557014285,0.003926872997654284,0.01368463875915652,0.011216537509720141,0.0022172268624518696,0.002137022655752868,-0.0041130934450325195,0.019138451451524718,0.010265531681147333,-0.008955231986681241,0.011540154718599876,1.6490562873494887e-05,0.02311431253181569,-0.001608419719141641,0.0004818813518229809,-0.01286654580887565,-0.005379041526391954,0.0
2026-03-11,-7.670972662595488e-05,-0.007869298894721337,-0.0008240815211501091,-0.003395863568684636,0.005391910962074921,-0.012126318527091269,-0.004199636373271189,0.016770720021391416,0.0012070660933169112,-0.002171136910573758,0.006850206049899695,-0.00013163042399331792,-0.027596595263541565,-0.0012559513052689201,0.0006741410521112727,0.02451716645076681,-0.008425370630061173,0.004782413739592667
2026-03-12,-0.0195526595655038,-0.014780671622370333,-0.029066329911575168,-0.01984963254664512,-0.016823669689253397,-0.04499044519978666,-0.016234147555854866,-0.043801892199144724,-0.02580106455302112,-0.007487006160910448,-0.015657060121153334,-0.017312361562994344,-0.01852504871101655,-0.015301420789775961,-0.017285423490206137,0.009258486976318531,-0.016452025331662484,-0.0186155027626473
2026-03-13,-0.02229865363447962,-0.008916648837354262,-0.008737398950775131,-0.013021372569552835,-0.004192565248006616,-0.006765517219369015,0.0019422620420009365,0.01285318005070764,-0.039097917939173894,-0.015826562198313323,-0.01590610818182284,-0.005944771534227172,-0.05082545555301252,-0.005676188622551868,-0.009843564380438638,0.0032983248146554855,0.0012279826163226469,-0.007573497843152563
2026-03-16,0.010737011185857437,0.019408860320450153,0.007251047832885822,-0.0008900836759419468,0.010792414569018402,0.015929514410987812,0.009550618570554082,0.03336730822364022,0.022997325133886838,0.011062399209724537,0.016342847084503342,0.011154958148102998,0.007264767280714452,0.010125430484197413,0.012582540856230597,0.0034602463484561235,0.008351174614389358,0.014369924059725626
2026-03-17,0.005561553592463054,0.016208681248397017,0.004663934798327863,-0.002522571056499545,0.01738953686590366,0.01532041691500322,0.0025477887165774237,0.03171597118776849,-0.007663425716287733,-0.0013511024228114073,-0.0070656657992947056,0.0048684067726689805,-0.021535861383046206,0.002627101016221855,0.0019517756725256393,0.010480240569082859,0.0052600627148092554,0.005461297168225764
2026-03-18,-0.017018440434935896,-0.02507954596315967,-0.009563284983762724,-0.03214842869758357,-0.010442897002126443,-0.0019348573480297859,0.0029583227196851086,-0.007801779348015229,-0.011273244153874096,-0.0192624636248771,-0.008445383654979622,-0.014037742391865471,-0.04218360817396935,-0.014051912692600945,-0.012656506898176819,-0.001368197817811818,-0.01197619104671565,-0.011387478110728039
2026-03-19,-0.003928637969992818,-0.0053030276815244914,0.003836247036089967,-0.042088486470760696,-0.0018216639236959455,0.004978424355449365,0.0007990916845014822,0.04046769101610181,-0.014692881072515016,-0.007095275831026389,-0.010251908275091526,-0.0031652882952852507,-0.04495468501621532,-0.0024673819700690397,-0.004155583881126998,0.015791182566459498,0.00040832463001223797,0.0034009206733301633
2026-03-20,-0.0039038546496206693,-0.016372033885598155,0.003185763102058213,-0.031034054726858728,-0.020160861874423845,0.004966066562475032,-0.004908409284809593,-0.02435506910904269,-0.021727735393514788,-0.01855050417363923,-0.03336869803842486,-0.018654642096117186,-0.06543213715229576,-0.01443952585884218,-0.019522989847857206,-0.0008426653960828404,0.0018354003676404275,-0.022944105534326353
2026-03-23,0.014014812591042392,0.022960765779813284,0.007604612253829505,-0.022853374485926194,0.0035154003067988243,0.021571835646509177,0.011622605478842031,0.021444697141926684,0.01736680703271847,0.002954765416776362,0.01688047473673104,0.011413586288488877,0.015324128407827322,0.010445276906504148,0.012464794543294156,0.011893320434656973,0.008990938447398593,0.013437843644561893
2026-03-24,0.0005962460475602484,-0.013896403903249794,0.012962734988784334,0.00022271635118200717,-0.0392286421377402,0.005338918371525364,0.00855221076417148,0.023425825435148085,-0.018614072885358053,-0.02715388972769002,-0.002508281134920151,-0.006860245677236822,0.007654311564017061,-0.0033624966130463346,-0.009139781851191879,0.020088648851716663,0.0002029086077100792,-0.005858699134929287
2026-03-25,0.0038868788463975487,0.02133987694053351,0.01259177776760845,0.029645532839315883,0.0016856403134361691,0.007296410635274667,0.010275397589799258,-0.02282594800137338,0.0033170853060573743,-0.0045712029160832725,0.019668294409632546,0.006554088823184412,0.03527204475530872,0.005557288574735996,0.006035613081858703,-0.004447753944653803,0.0012168197392879536,0.004470350314226805
2026-03-26,0.0010682625170895263,-0.019893385566031804,-0.010516610230838934,-0.038318848265911816,-0.035012684141412065,-0.023071305605919662,-0.012809400387150552,-0.09817571794199727,-0.0829410608756225,-0.013758530372588954,-0.04253034213772591,-0.02415735361822153,-0.07051656368544527,-0.018020135919566853,-0.02910258956086972,0.015562616683822948,-0.005894943736739738,-0.03164487917837022
2026-03-27,-0.016305280196262602,-0.04031216865924322,-0.026679461185118245,0.034492091653875186,-0.02370177938849612,-0.024300962221005154,-0.030707352823342214,-0.000992797073172939,-0.04066678236624677,-0.025460080504767918,-0.021963340729077872,-0.019730060860553386,0.042998301999519734,-0.01719894102480063,-0.021288510918577648,0.016763785550357655,-0.02560531909511082,-0.01966378310661828
2026-03-30,-0.008760109701824332,0.008044214540419325,0.005520148187904177,-0.0002894695055479165,-0.0030665778394265166,0.005849119701743053,0.003282676028334868,-0.055832124679524836,0.02007417832125334,0.006119652203548736,-0.01412753717929103,-0.007672695448329736,0.001260268465978867,-0.003349064243429706,-0.007835680439628158,-0.00963711741607335,0.01143818700565196,-0.018802497721177803
2026-03-31,0.02861786495948073,0.035779229656415903,0.03167592322805299,0.037193492650150234,0.05012990376355891,0.04644067145367228,0.035959785115019356,0.06641871500780851,0.06452337261106908,0.03075145798999422,0.054376241030536364,0.0332934824576082,0.07020957913001656,0.028653466042465783,0.040009544029066674,-0.011361926767002163,0.020669892268274905,0.041480555195092236
2026-04-01,0.007223978636376895,0.0109828388282875,0.010610188402936361,0.017348463901669588,0.03361293234397785,0.01666904336690255,0.004138887261597685,0.03833641750232548,0.012333354771954944,-0.0021635573826314564,0.007711054213118247,0.012277496156567945,0.0,0.00750622148232205,0.01308925675834725,-0.038098213292740886,0.001416854736646304,0.01501099680198484
2026-04-02,0.0011338123573076417,-0.0038064614152036554,0.0022301197007638896,-0.019395701723403234,-0.00546236985934948,0.003284443462893761,-0.0026441690580456417,-0.016211012699452982,-0.008269094238409243,0.011012042440085764,0.009288164369341389,0.0011459654937042319,-0.03509653826169303,0.0009000692442135715,0.0006047081537197374,0.004736919302418864,0.0018187365819005677,0.00797347741919111
2026-04-06,0.01142239161475063,0.01429401955243689,0.013676807888972246,-0.004107092256447038,0.014167020103907902,0.003481615029462454,0.007985790567573444,0.01006631959352439,-0.0025098531481971605,-0.0015542157511646848,0.0014083319278955812,0.00599930147498133,0.004549529057603846,0.004715661120724013,0.0043227038437350365,0.007231180993799995,0.0070416202711194534,0.005792392730627562
2026-04-07,-0.020923456036972127,0.0045949583469463715,0.004385046007412716,0.009680581273932702,0.01806970095422138,-0.002196236422610476,0.006578354394712921,0.01662965157329105,0.0035363181064853883,-0.001583521748180303,0.002586197577764938,0.00015296511497040052,-0.0022721194031677747,0.0004399773016391101,0.004703548389787594,0.008010716096175936,0.0,0.004740856527205279
2026-04-08,0.02107802518992581,0.034392593210598475,0.03132602059249034,0.006279313363379332,0.03809194234694082,0.04701693667657331,0.03492436609280152,0.09411408736674853,0.06296132142721474,0.005464582028634288,0.022100936428509733,0.029298642387632357,0.022937798063618845,0.025150609779818547,0.02980302887257116,-0.03570298210411455,0.02611940472109008,0.03052694653417127
2026-04-09,0.006122567123347408,0.05453095913592383,0.015871793461544135,0.007748433781414136,0.003680295167503025,-0.0022437842920150857,0.007633824547559188,0.048579581921801465,0.025742722396939786,-0.003371636210728199,0.010000366429111892,0.006741853876922751,0.013543533453565732,0.005752513692051993,0.007818926354420106,-0.012480616141953815,0.002535865297800868,0.0026783556308226887
2026-04-10,-3.8345556912621514e-05,0.020041816513914186,-0.0032303718152425533,-0.0017827733092611521,-0.003932492250759796,0.004504531092364681,-0.0014833652144623153,0.018759379303466925,0.0023365330767120803,-0.005914505506076854,0.025340922819897742,0.0014411428001932915,0.010038673599338566,-0.0006619995879319516,0.00450906139276797,-0.00682602112746929,-0.010969774268700553,0.0038637709260608893
2026-04-13,-0.0049260673756055485,0.006314422859656274,0.015299147463737018,-0.004057403475821635,0.012747827167694846,-0.01891539178620891,0.012220495705707442,0.013786061822224327,0.007387064319893663,0.03575403391967977,0.003598419882182582,0.010289407828256481,-0.011648399736431997,0.009724956729963633,0.012177857392246682,0.002981185632390243,0.017378146738275733,0.02074810255086346
2026-04-14,-0.0014286068821369137,0.03735274928383289,0.0,0.02210325929203807,0.03546581258114935,0.02092924400137386,-0.008194660481557389,0.01886182772287639,0.04312083513446859,0.022483816018266257,0.03732742252058659,0.017994146816371247,0.05360465296801433,0.012111242670247968,0.020590310764323726,-0.020520794970041025,0.0023201660345923206,0.015874983747899685
2026-04-15,0.028940120889102108,-0.0020903861446825195,0.018018528485859456,-0.010456884729500534,0.012566741391097948,-0.011210003606139473,-0.01682238048071303,-0.02697486658030614,0.013627721910405276,0.04503892039800363,0.011938027722559317,0.013902354761134352,-0.002780159998319582,0.0078600237887659,0.013068525769178094,-0.003401712043388361,0.0075036311878619215,0.01582651440097195
2026-04-16,-0.011437796552710188,0.0048173395273468644,-0.01502395667646515,-0.0008631178955779131,-0.0032682862661814957,0.0005668381397491595,0.013054739859327459,-0.015966325055612043,0.007846053049436594,0.021745236543680494,-0.002618142636842663,0.004804795803754312,-0.008386944582963086,0.002454297369362188,0.002009441598955446,0.01459886188500587,-0.0026871300957663317,0.011378802179119945
2026-04-17,0.025599724502604514,0.0034382179946092772,0.007447465677293735,0.013205474549607812,0.01670395579151272,0.028425487366954817,0.00109633806452379,0.025126244933906798,0.01710869581864212,0.0060020314796961965,0.016649068831843417,0.012999291467006022,0.032998085643069046,0.012013236382059651,0.013774611030291631,-0.0279588344192667,0.007658500564386907,0.015210671249022997
2026-04-20,0.010381401662850636,-0.009141266429826336,0.0007417192125876319,-0.0086484996289279,-0.012546120124168936,0.016908966925406506,0.02136282523469408,-0.016731124928726113,-0.025952959664172565,-0.011226721944164157,0.0018824243533806851,-0.0031798946747412455,-0.020305207709556482,-0.0020016695574076216,-0.004962369151960638,0.0009083339164136398,0.003807367255411411,0.001359564176845205
2026-04-21,-0.02551957602598669,0.006543731071590066,-0.008749962171533733,-0.02872874757171026,-0.015320377639346537,-0.016261219981368296,-0.01266700629086484,-0.018369578935008336,-0.003090051033582633,0.014461851036348103,-0.010847460012281764,-0.0038105891373010924,-0.05205958834916869,-0.006568474427903533,-0.006806760560558686,0.014422446620397674,-0.006289963177361053,0.0008407753627866968
2026-04-22,0.025959122658055597,0.021573448951202067,-0.006754258613625093,0.01315885071808192,0.02093552919072966,0.008907422742862535,6.38606243552674e-05,0.027410453700852277,0.008752837830685407,0.020442233269101853,0.013022675641870152,0.016592094361584077,0.027079356989624714,0.01007576539985774,0.01769158098660389,0.011920824104814093,-0.001722326596142498,0.021741337912237108
2026-04-23,0.0009512419139857489,-0.001097088026179746,-0.01231188409718482,-0.009742663076259298,-0.0012680223513810403,-0.003793973958072081,-0.004257939203310609,-0.026675335009134802,-0.02334658333477605,-0.04046886637057255,-0.014224145002446242,-0.005648568869053129,-0.028686730964336715,-0.0038882734971482065,-0.01061352239024309,0.0077519525779976076,-0.007883895350105778,-0.014334651548320792
2026-04-24,-0.00870548556450589,0.034333958023186784,-0.008036820560243053,0.005114015549751456,0.016128140658262267,-0.004725001919278587,-0.011000655011127592,0.03503797742021848,0.023806014487513724,0.0211105217434589,0.042319593820825736,0.018946848370419652,0.005978054802238753,0.007719426373887486,0.015700318532862783,-0.0019323784989928128,-0.00736296830890973,0.027718062010826394
2026-04-27,-0.012809554739298108,-0.01093113357236666,0.011081539257326328,-0.007785532512716458,0.01710034623908102,0.011690922748937467,0.01080814535934668,-0.03152464961949664,0.005304139433685585,0.00047092722300055997,0.03926316900565752,0.0005270280291516697,-0.006709463257024615,0.0017213241598695744,0.005326771355692843,-0.0017599172908956157,0.007556041105022416,0.0021821517695709246
2026-04-28,0.011517520751980868,-0.005452887403187945,0.0005698315100725201,-0.01873736625464264,-0.0015997191393576128,-0.012079369614449479,-0.0005777514150707867,-0.03227225648247673,-0.010785562113415144,0.010373932738088273,-0.016008543515173078,-0.01010765741307362,-0.03166851874601517,-0.004877826001792575,-0.009966292992204048,0.016422427612486,0.0007716979138312702,-0.017084776504905703
2026-04-29,-0.0019966978339397375,0.01277897868001351,0.004169064571723351,-0.010723068864617815,0.00045733626198783656,-0.022870317145376885,-0.007088839621748922,-0.009920461169953527,-0.0033123461075633275,-0.01122174710136712,-0.01856025148587312,0.006095020909685223,-0.020757776455596975,-0.0001545530367001282,-0.0026865159587444202,0.022615315714629797,0.0013491318821668328,0.007950537085245957
2026-04-30,0.0043581493936293405,0.007650061888693173,0.010908477843026563,0.01486229443655377,0.0949619688753806,0.01986546356065385,0.012787768771847206,0.03596836913627241,-0.08937823995625656,-0.04008994238092317,-0.047364620689692674,0.00928305245525351,0.027682487428422678,0.009900455774975739,0.007771043188933544,0.010448405551230541,0.004036582140481254,0.0024481314690988775
2026-05-01,0.03187991038650981,0.012000489635761667,-0.0041236685319740165,-0.0011336522597227192,0.002310257253367211,-6.495069745493406e-05,-0.0024293115696581713,-0.004430743618374947,-0.005177494589848189,0.016200406979112132,-0.005627924828786003,0.009553812706170681,0.024158228562734186,0.002765286895853703,0.005589804400058289,-0.013502366346448006,-0.004036582140481169,0.014749591555944989
2026-05-04,-0.011885962197690256,0.014029132183864345,-0.01991914571131037,-0.02021814296632195,-0.006346426569940427,-0.02237665968364027,-0.015545715127440862,0.007180477096682036,0.0027231441433330297,-0.0019805511549451484,0.00015115400653788937,-0.0018856593838988082,-0.035018081711213664,-0.003670106278149628,-0.001239481286893469,0.009134043972748111,-0.006570001176473636,0.001111434638910664
2026-05-05,0.026204338554427865,0.0054985478239463976,0.017662605718563512,0.008547670573807937,0.013425436785244159,0.017144902142592046,0.005672165064678918,0.06450944244547205,-0.008968442076669032,-0.005430292700096225,-0.010025886548327841,0.012890610367278649,-0.0004550440413475089,0.007990179213504577,0.007677774618376374,0.0010097842193269404,0.0001938222617479236,0.021851466024549623
2026-05-06,0.011649801728447845,0.005250321971042334,0.008995554548278597,0.029888127796577613,0.024439569677288855,0.019890283185288432,0.017620190312561176,0.07462848970869913,0.013006789712097969,0.006251956738704464,0.05605801533201417,0.02056154874381172,0.062060392757766106,0.013803728106156042,0.02199800736165251,-0.04208436813553669,0.004834196773197007,0.026218470445750194
2026-05-07,-0.00024353676707370125,-0.01398871786017844,-0.015985267252689964,0.0016692975079796522,-0.00012566941117652967,-0.012322888249266776,-0.027788078746934335,-0.036496107405221405,0.006391864694781777,0.016317009838258165,0.017504551845002613,-0.0011936596059309423,0.020744429270776257,-0.0030708152880456166,-0.0013769023833205937,-0.01859281944052212,-0.005609859324479099,-0.0020016275178709768
2026-05-08,0.020250074126795237,0.005552939638259035,-0.027678080637714715,0.004829858327988968,0.007035664510709617,0.011394313938786654,-0.013708921381398452,0.025941475990278254,-0.011708807100912861,-0.01351871669925588,0.017342815620265937,0.02317032366011302,0.01950139467197513,0.008222178062143842,0.01232465797400387,-0.004478287763492577,-0.006031685877483256,0.03377976349646886
2026-05-11,-0.0012634684139431265,-0.013624751749596186,-0.014922761344749522,0.0020266811021026647,-0.0308090163685948,0.008908608180398826,-0.006975633940051706,0.006778538352269207,-0.017824400303418166,-0.00594360506558952,0.019511043648370138,0.002892200958319374,0.06611237936217482,0.0022749958288905154,0.0029728318636998785,0.02604909261710032,-0.0011716730910597693,0.013356172223879161
2026-05-12,0.007217281916175962,-0.011854752338375166,0.004539621863767058,-0.003965060284398247,-0.0033248101103760027,0.0011001281622451807,0.016135797924926032,-0.0232715582010798,0.0068893732611732175,-0.011920755212934458,0.0060878673061894135,-0.00851798203255052,0.007026576863187502,-0.0015160886733100647,-0.0032280428886436504,0.006972340139130945,0.007785199258077124,-0.015181032008949977
2026-05-13,0.013711560991706276,0.01608392713413966,-0.018684674696726324,-0.00562871133052066,0.03866448410806777,0.01001413546032814,-0.015302811621034182,0.0212090192642367,0.022351979368377264,-0.0062978328654040286,0.02261578687616553,0.01050683975440062,0.010133024189910859,0.005579255007885031,0.011000305952510211,0.0010416905958221894,-0.011504467967881607,0.009373789080294036
2026-05-14,-0.002210772244144634,-0.010831048951722346,0.00020058825768799648,-0.007671648257758531,-0.003857183018249233,0.014072337555652197,-0.0011330191021995365,0.012479320625244645,0.0029148204475002823,0.010360500468285534,0.04294701416288977,0.007082575517746344,-0.04960330163666003,0.007863259651000725,0.012128432260520891,0.0076058901460608055,0.0058662512665614355,0.014873257764457713
2026-05-15,0.006750976522238501,-0.011592972656152402,-0.0016060637303954035,-0.023494231397838114,-0.010754026086735393,-0.021373224946925666,-0.007026750786018527,-0.0494388539438622,-0.006814577502366525,0.030049823808855416,-0.04520787956784801,-0.015202691553876083,-0.0895790660700328,-0.012102290069018232,-0.01600701280231826,0.02331820317703447,-0.0037113519021790297,-0.01821506142193966
2026-05-18,-0.007992466908238653,0.0027220081197222258,0.01831622332426107,0.0027281501848720967,0.0004031740765778371,-0.002227098233212594,0.00975719768823317,-0.0240290577847444,-0.004928784116247305,0.003832226380156052,-0.01340382815362892,-0.004311522427708327,0.012951706506384518,-0.0007036831481133525,-0.006781436885209118,0.018997458518805733,0.012446741849277828,-0.010838015635676834
2026-05-19,0.003786820722815226,-0.021061401192618883,0.00019730025294666215,-0.016700574279936407,-0.023656465669846662,-0.01879421256644898,-0.016867420619867207,-0.016614401119168332,-0.014170437918204189,-0.01455503947843467,-0.007721378904410723,-0.006181552400381681,-0.04443877659984482,-0.00668314190839915,-0.010087282574091102,0.011651876610780165,-0.01244674184927791,-0.0064441828158866565
2026-05-20,0.010911251503184886,0.021627669973466716,0.01039936337039694,0.01423595990327424,0.003219287553663492,0.055884677210742195,0.021015358257061502,0.0661991748335792,0.004057425625961704,0.008682394212164468,0.012880742844461066,0.016428105311558864,0.026986844033309403,0.010196863400443316,0.014076942120951426,-0.024611064236869193,0.010899317364984947,0.022262428881018106
2026-05-21,0.009024467670268961,0.012934297256761875,0.005062357640317609,-0.00098276274381623,-0.003219287553663458,0.006141234919647525,0.0033719791120669024,0.034159410023385,0.003827010245648098,-0.004689650289837887,-0.017879417779403134,0.0019051955372743183,0.010421191282708424,0.0019811333287531405,0.002031126833008166,-0.011267220301816388,0.0013540904523295584,0.00820832568076933
