Date,AAPL,AMZN,BAC,GLD,GOOGL,GS,JPM,META,MSFT,QQQ,SLV,SPY,XLE,XLF,XLK
2020-01-02,72.33386993408203,94.90049743652344,30.587556838989258,143.9499969482422,67.87303161621094,202.11891174316406,118.43031311035156,208.14657592773438,152.15838623046875,208.3175506591797,16.809999465942383,296.8882141113281,23.356088638305664,27.642976760864258,44.29418182373047
2020-01-03,71.6306381225586,93.74849700927734,29.95245933532715,145.86000061035156,67.51795959472656,199.75547790527344,116.86746978759766,207.0452117919922,150.2637481689453,206.40936279296875,16.84000015258789,294.6401062011719,23.28668785095215,27.349464416503906,43.796165466308594
2020-01-06,72.20140838623047,95.14399719238281,29.9095458984375,147.38999938964844,69.31759643554688,201.79977416992188,116.77455139160156,210.9446258544922,150.65211486816406,207.7393035888672,16.940000534057617,295.7641296386719,23.467891693115234,27.331676483154297,43.900508880615234
2020-01-07,71.86185455322266,95.34300231933594,29.712160110473633,147.97000122070312,69.18368530273438,203.1281280517578,114.78931427001953,211.4010009765625,149.278564453125,207.7104034423828,17.170000076293945,294.9324951171875,23.406208038330078,27.153797149658203,43.88154602050781
2020-01-08,73.0178451538086,94.59850311279297,30.012540817260742,146.86000061035156,69.6761245727539,205.0862274169922,115.68476867675781,213.54421997070312,151.65628051757812,209.27163696289062,16.93000030517578,296.50439453125,23.02066421508789,27.331676483154297,44.35109329223633
2020-01-09,74.56879425048828,95.05249786376953,30.06403160095215,146.02999877929688,70.40758514404297,209.2610626220703,116.107177734375,216.60023498535156,153.5509796142578,211.04486083984375,16.719999313354492,298.5148620605469,23.19029998779297,27.50066566467285,44.85384750366211
2020-01-10,74.73738098144531,94.15799713134766,29.815155029296875,146.91000366210938,70.8623275756836,208.83839416503906,114.94981384277344,216.36209106445312,152.8404541015625,210.50518798828125,16.889999389648438,297.6557312011719,23.059219360351562,27.29610252380371,44.74949645996094
2020-01-13,76.33409118652344,94.56500244140625,30.089786529541016,145.82000732421875,71.41128540039062,211.51239013671875,115.9044418334961,220.18212890625,154.67832946777344,212.9337615966797,16.780000686645508,299.7028503417969,23.066930770874023,27.48287582397461,45.30916976928711
2020-01-14,75.30333709716797,93.47200012207031,30.312925338745117,145.69000244140625,70.94316101074219,211.9005126953125,117.25607299804688,217.3543243408203,153.58885192871094,212.09532165527344,16.6200008392334,299.2459716796875,23.070781707763672,27.42951202392578,45.09573745727539
2020-01-15,74.98060607910156,93.10099792480469,29.75507354736328,146.5399932861328,71.37012481689453,211.51239013671875,115.49891662597656,219.4280242919922,154.58351135253906,212.1820831298828,16.809999465942383,299.92218017578125,22.90114402770996,27.278318405151367,45.14790725708008
2020-01-16,75.91986846923828,93.89700317382812,29.797985076904297,146.30999755859375,71.91364288330078,215.402587890625,115.94667053222656,220.04324340820312,157.416015625,214.2154998779297,16.770000457763672,302.4171447753906,22.939699172973633,27.518449783325195,45.75499725341797
2020-01-17,76.7603530883789,93.23600006103516,29.789400100708008,146.5800018310547,73.3696060180664,215.17832946777344,116.74920654296875,220.4103546142578,158.2970428466797,215.2755889892578,16.81999969482422,303.35845947265625,22.793193817138672,27.5985050201416,46.06330108642578
2020-01-21,76.24016571044922,94.5999984741211,29.40319061279297,146.74000549316406,73.50498962402344,211.93499755859375,115.60029602050781,219.7157745361328,157.72862243652344,215.17922973632812,16.639999389648438,302.76434326171875,22.384521484375,27.36725616455078,46.04433059692383
2020-01-22,76.51232147216797,94.37300109863281,29.4890193939209,146.7899932861328,73.58531951904297,213.09951782226562,115.46509552001953,219.59674072265625,156.97079467773438,215.74783325195312,16.65999984741211,302.8008117675781,22.168617248535156,27.44729995727539,46.21031951904297
2020-01-23,76.88078308105469,94.22899627685547,29.283035278320312,147.1199951171875,73.62598419189453,211.8314971923828,115.34684753417969,218.04884338378906,157.93702697753906,216.44168090820312,16.610000610351562,303.14813232421875,22.083799362182617,27.376150131225586,46.428497314453125
2020-01-24,76.65923309326172,93.08200073242188,28.785266876220703,147.97999572753906,72.70758819580078,208.67449951171875,112.4830322265625,216.2430419921875,156.3455352783203,214.6202850341797,16.90999984741211,300.4523010253906,21.8293399810791,27.02927589416504,46.21031951904297
2020-01-27,74.40503692626953,91.41699981689453,28.193077087402344,148.99000549316406,70.99970245361328,205.41397094726562,111.53689575195312,213.1969451904297,153.73095703125,210.1871795654297,16.889999389648438,295.6361389160156,21.224040985107422,26.611249923706055,45.10996627807617
2020-01-28,76.50990295410156,92.6624984741211,28.52779197692871,147.66000366210938,71.93050384521484,209.24380493164062,113.5643539428711,216.09420776367188,156.74342346191406,213.4156494140625,16.31999969482422,298.73419189453125,21.320425033569336,26.922544479370117,45.97318649291992
2020-01-29,78.11143493652344,92.9000015258789,28.330392837524414,148.4600067138672,72.23795318603516,207.12184143066406,113.39541625976562,221.49183654785156,159.1875,213.76255798339844,16.40999984741211,298.4873962402344,21.09681510925293,26.87807846069336,46.09175491333008
2020-01-30,77.99825286865234,93.53399658203125,28.733766555786133,148.47000122070312,72.11647033691406,210.580810546875,114.79774475097656,207.89852905273438,163.67779541015625,214.52386474609375,16.68000030517578,299.45611572265625,21.26645278930664,27.21605110168457,46.49015426635742
2020-01-31,74.5398941040039,100.43599700927734,28.175912857055664,149.3300018310547,71.0517578125,205.0775146484375,111.81568908691406,200.33786010742188,161.26211547851562,211.12197875976562,16.81999969482422,294.0187683105469,20.603321075439453,26.64682960510254,45.21432113647461
2020-02-03,74.33519744873047,100.20999908447266,28.29606819152832,148.36000061035156,73.52233123779297,206.16439819335938,112.66890716552734,202.60011291503906,165.1935272216797,214.3118896484375,16.5,296.20281982421875,20.333444595336914,26.83360481262207,45.81191635131836
2020-02-04,76.78926086425781,102.4834976196289,28.853918075561523,146.42999267578125,71.67807006835938,208.69175720214844,114.29086303710938,208.19618225097656,170.63113403320312,219.21722412109375,16.450000762939453,300.7173156738281,20.40669822692871,27.091535568237305,47.01188659667969
2020-02-05,77.4154281616211,101.99349975585938,29.789400100708008,146.61000061035156,71.70980834960938,210.72744750976562,116.23385620117188,208.47401428222656,170.4227294921875,219.9400177001953,16.459999084472656,304.19000244140625,21.173921585083008,27.634075164794922,47.286964416503906
2020-02-06,78.3209457397461,102.5114974975586,29.75507354736328,147.39999389648438,73.19357299804688,208.58824157714844,116.2507553100586,209.20826721191406,173.9562225341797,221.8385009765625,16.6299991607666,305.2135925292969,20.95802116394043,27.5985050201416,47.71856689453125
2020-02-07,77.2563705444336,103.96399688720703,29.703569412231445,147.7899932861328,73.34925842285156,205.29322814941406,115.87907409667969,210.67672729492188,174.2025146484375,220.8844451904297,16.540000915527344,303.5868835449219,20.811513900756836,27.50066566467285,47.2822265625
2020-02-10,77.623291015625,106.69550323486328,29.772232055664062,148.1699981689453,74.81465911865234,204.7411346435547,116.36064147949219,211.4010009765625,178.7591094970703,223.55393981933594,16.610000610351562,305.853271484375,20.707422256469727,27.580713272094727,47.92252731323242
2020-02-11,77.15496826171875,107.54000091552734,29.840900421142578,147.66000366210938,74.88407897949219,203.96485900878906,116.58024597167969,205.5767364501953,174.72357177734375,223.59249877929688,16.479999542236328,306.3832702636719,20.93874740600586,27.67854881286621,47.76125717163086
2020-02-12,78.98723602294922,108.0,29.96962547302246,147.5399932861328,75.30907440185547,205.85382080078125,116.58024597167969,209.1189422607422,174.9793243408203,225.77049255371094,16.329999923706055,308.3572082519531,21.220190048217773,27.696334838867188,48.27823257446289
2020-02-13,78.42474365234375,107.49349975585938,29.961044311523438,148.3800048828125,75.04922485351562,205.59507751464844,116.4788589477539,211.4803924560547,174.031982421875,225.48133850097656,16.459999084472656,308.0281982421875,21.15464210510254,27.687442779541016,48.150184631347656
2020-02-14,78.44407653808594,106.74349975585938,29.9095458984375,149.0,75.31403350830078,204.49961853027344,116.12408447265625,212.51229858398438,175.5856170654297,226.12709045410156,16.559999465942383,308.5216979980469,21.0428409576416,27.723024368286133,48.35887145996094
2020-02-18,77.00772094726562,107.78350067138672,29.411775588989258,150.91000366210938,75.34923553466797,201.16146850585938,114.58655548095703,216.10409545898438,177.36654663085938,226.2138214111328,17.010000228881836,307.7267150878906,20.869348526000977,27.48287582397461,48.17863845825195
2020-02-19,78.12300872802734,108.51100158691406,29.797985076904297,151.7899932861328,75.61851501464844,204.71522521972656,116.1493911743164,215.7965545654297,177.8984832763672,228.38217163085938,17.229999542236328,309.19793701171875,21.14693260192871,27.687442779541016,48.752532958984375
2020-02-20,77.32154846191406,107.65499877929688,29.9095458984375,152.41000366210938,75.22774505615234,200.7473907470703,116.1493911743164,212.90921020507812,175.1817626953125,226.2620086669922,17.139999389648438,307.9277038574219,21.123804092407227,27.634075164794922,48.24504089355469
2020-02-21,75.57136535644531,104.79850006103516,29.4890193939209,154.6999969482422,73.56499481201172,198.92735290527344,114.73016357421875,208.54345703125,169.643798828125,221.91561889648438,17.280000686645508,304.7565612792969,20.873197555541992,27.36725616455078,47.163658142089844
2020-02-24,71.98169708251953,100.4645004272461,28.090087890625,156.08999633789062,70.41105651855469,193.68287658691406,111.646728515625,199.15713500976562,162.3295440673828,213.3577880859375,17.399999618530273,294.6492614746094,19.909345626831055,26.477840423583984,45.21432113647461
2020-02-25,69.54352569580078,98.63700103759766,26.67399787902832,153.3000030517578,68.74781036376953,187.70526123046875,106.66248321533203,195.23788452148438,159.65078735351562,207.5561981201172,16.709999084472656,285.7206726074219,19.030311584472656,25.57953453063965,43.767723083496094
2020-02-26,70.64672088623047,98.97949981689453,26.28779411315918,153.97000122070312,68.95360565185547,186.12672424316406,106.98348999023438,195.6645050048828,161.64559936523438,208.62591552734375,16.68000030517578,284.6697692871094,18.45585823059082,25.392757415771484,43.9669189453125
2020-02-27,66.0286865234375,94.21499633789062,25.000436782836914,154.0,65.20855712890625,177.42335510253906,102.53150177001953,188.2725372314453,150.25621032714844,198.17921447753906,16.469999313354492,271.8847351074219,17.4688777923584,24.30767059326172,41.595462799072266
2020-02-28,65.99006652832031,94.1875,24.459745407104492,148.3800048828125,66.41358184814453,174.2383270263672,98.08792877197266,190.97137451171875,153.89431762695312,198.3334197998047,15.529999732971191,270.7424011230469,17.45345115661621,23.64950180053711,41.91323471069336
2020-03-02,72.13378143310547,97.69750213623047,25.2064151763916,149.1999969482422,68.74781036376953,181.78863525390625,102.65821075439453,194.91046142578125,164.13429260253906,208.568115234375,15.5600004196167,282.4673767089844,18.158994674682617,24.859107971191406,44.33687210083008
2020-03-03,69.8428726196289,95.44950103759766,23.816068649291992,153.88999938964844,66.33771514892578,176.54676818847656,98.80598449707031,184.4425811767578,156.26914978027344,201.87991333007812,16.020000457763672,274.379638671875,17.603811264038086,23.925222396850586,42.653141021728516
2020-03-04,73.08248901367188,98.79149627685547,24.365339279174805,154.16000366210938,68.51374053955078,181.15509033203125,101.24742889404297,190.26686096191406,162.00657653808594,210.3028106689453,16.09000015258789,285.91253662109375,18.020198822021484,24.716806411743164,44.48390579223633
2020-03-05,70.71190643310547,96.20149993896484,23.130231857299805,157.49000549316406,65.19913482666016,172.51998901367188,96.28006744384766,183.72821044921875,157.94097900390625,203.91334533691406,16.299999237060547,276.4084167480469,17.360919952392578,23.524988174438477,43.079994201660156
2020-03-06,69.77288055419922,95.05449676513672,22.2060604095459,157.5500030517578,64.25592803955078,167.364990234375,91.3042984008789,179.67996215820312,153.47640991210938,200.47283935546875,16.18000030517578,271.8390197753906,16.385498046875,22.72451400756836,42.16936111450195
2020-03-09,64.2543716430664,90.03050231933594,18.941225051879883,157.80999755859375,60.29119110107422,149.97323608398438,78.9366683959961,168.1802215576172,143.074951171875,186.54713439941406,15.880000114440918,250.60997009277344,13.085267066955566,20.287521362304688,38.96787643432617
2020-03-10,68.88208770751953,94.59100341796875,20.39226531982422,154.47999572753906,63.23585891723633,159.9882354736328,85.06978607177734,176.8025665283203,152.85897827148438,196.70474243164062,15.729999542236328,263.57769775390625,13.705986976623535,21.479341506958008,41.567012786865234
2020-03-11,66.48978424072266,91.04299926757812,19.580371856689453,153.92999267578125,60.0486946105957,149.1748046875,81.06549835205078,168.9144744873047,145.9341583251953,188.13726806640625,15.630000114440918,250.72882080078125,12.981169700622559,20.314205169677734,39.603431701660156
2020-03-12,59.92359161376953,83.83049774169922,17.71474838256836,147.7899932861328,55.12191390991211,130.76771545410156,74.38327026367188,153.26724243164062,132.09402465820312,170.88671875,14.619999885559082,226.73968505859375,11.36190128326416,18.117355346679688,35.737937927246094
2020-03-13,67.10294342041016,89.25,20.86730194091797,143.27999877929688,60.215816497802734,153.757080078125,87.78153991699219,168.95413208007812,150.87362670898438,185.36172485351562,13.6899995803833,246.12286376953125,12.410572052001953,20.5009765625,39.930686950683594
2020-03-16,58.47034454345703,84.4574966430664,17.654293060302734,141.63999938964844,53.21022415161133,134.22174072265625,74.6451416015625,144.8731231689453,128.63632202148438,163.15765380859375,12.0,219.19117736816406,10.72189998626709,17.690431594848633,34.41465759277344
2020-03-17,61.041297912597656,90.39199829101562,18.984407424926758,143.55999755859375,55.44474792480469,137.70179748535156,79.20699310302734,148.2565460205078,139.22781372070312,175.5318145751953,11.880000114440918,231.02577209472656,10.795153617858887,18.651002883911133,36.75767517089844
2020-03-18,59.5469970703125,91.5,17.95659065246582,140.6999969482422,54.112266540527344,121.51644134521484,70.86894989013672,145.8157196044922,133.3668975830078,170.19281005859375,11.210000038146973,219.32821655273438,9.245279312133789,17.067846298217773,35.37273406982422
2020-03-19,59.09075164794922,94.04650115966797,18.31071662902832,138.0399932861328,55.12786865234375,129.7349853515625,72.06012725830078,151.9376678466797,135.5611572265625,171.2143096923828,11.319999694824219,219.79428100585938,9.873709678649902,17.44140625,35.50079345703125
2020-03-20,55.3393440246582,92.30449676513672,16.989234924316406,140.11000061035156,52.97268295288086,120.11919403076172,70.53948974609375,148.56414794921875,130.4696807861328,164.5068817138672,11.619999885559082,210.3224334716797,9.970096588134766,16.818809509277344,33.87397766113281
2020-03-23,54.163700103759766,95.1415023803711,15.615930557250977,146.3000030517578,52.27445602416992,117.13375854492188,66.7633285522461,146.9468536376953,129.16827392578125,164.62567138671875,12.3100004196167,204.94488525390625,9.290549278259277,15.840230941772461,33.564552307128906
2020-03-24,59.59770202636719,97.00499725341797,18.16388702392578,153.39999389648438,56.037357330322266,133.30184936523438,74.70428466796875,159.72654724121094,140.90916442871094,177.37388610839844,13.289999961853027,223.51356506347656,10.780505180358887,17.804561614990234,37.00205612182617
2020-03-25,59.26939392089844,94.29199981689453,18.224340438842773,151.3000030517578,54.629493713378906,134.629638671875,77.49208068847656,154.9936981201172,139.5602569580078,176.06039428710938,13.510000228881836,226.85958862304688,11.288982391357422,18.28891372680664,36.954376220703125
2020-03-26,62.38832473754883,97.77449798583984,19.623558044433594,153.24000549316406,57.66936111450195,143.8809051513672,82.89025115966797,162.06814575195312,148.28993225097656,185.33184814453125,13.529999732971191,240.1058349609375,11.978775978088379,19.437026977539062,39.24287414550781
2020-03-27,59.805301666259766,95.00499725341797,18.656192779541016,152.25,55.05794906616211,137.4154510498047,76.98519134521484,155.56918334960938,142.20103454589844,178.9577178955078,13.4399995803833,232.95413208007812,11.166788101196289,18.845035552978516,37.46928787231445
2020-03-30,61.512020111083984,98.19750213623047,19.036237716674805,152.9199981689453,56.84566879272461,138.52627563476562,78.98734283447266,164.65785217285156,152.20355224609375,185.46705627441406,13.15999984741211,240.51954650878906,11.281100273132324,19.203815460205078,39.047401428222656
2020-03-31,61.38648986816406,97.48600006103516,18.336624145507812,148.0500030517578,57.62126159667969,134.1610107421875,76.05594635009766,165.50125122070312,149.80975341796875,183.8831787109375,13.050000190734863,236.93450927734375,11.454532623291016,18.674610137939453,38.31793975830078
2020-04-01,58.156524658203125,95.38500213623047,17.075603485107422,149.4499969482422,54.653289794921875,126.09000396728516,71.2660140991211,158.3572998046875,144.49029541015625,176.07003784179688,13.020000457763672,226.27130126953125,10.886932373046875,17.535478591918945,36.49190902709961
2020-04-02,59.12694549560547,95.94149780273438,17.766576766967773,151.89999389648438,55.393672943115234,130.1167755126953,73.92707824707031,156.95828247070312,147.48251342773438,179.64341735839844,13.529999732971191,231.49256896972656,11.884176254272461,17.9749813079834,37.34532165527344
2020-04-03,58.2772102355957,95.32949829101562,17.300168991088867,152.64999389648438,54.18714141845703,127.51325988769531,71.74198150634766,152.9794921875,146.12413024902344,177.09378051757812,13.460000038146973,228.14651489257812,11.758041381835938,17.61620330810547,36.76844024658203
2020-04-06,63.3611946105957,99.87950134277344,18.474821090698242,156.8800048828125,58.674560546875,137.31997680664062,76.35973358154297,164.26095581054688,156.99105834960938,189.7550506591797,14.029999732971191,243.47024536132812,12.380828857421875,18.880908966064453,39.90558624267578
2020-04-07,62.627315521240234,100.58000183105469,19.12260627746582,156.0399932861328,58.643310546875,144.08055114746094,77.366943359375,167.5154266357422,155.30023193359375,189.67779541015625,13.989999771118164,243.71849060058594,12.644922256469727,19.06927490234375,39.54800033569336
2020-04-08,64.2302474975586,102.1500015258789,20.254064559936523,154.64999389648438,59.855289459228516,153.57479858398438,80.4909896850586,172.92298889160156,156.85809326171875,193.705078125,13.9399995803833,251.8997344970703,13.488444328308105,19.903438568115234,40.61119842529297
2020-04-09,64.6937026977539,102.13800048828125,21.471904754638672,158.69000244140625,59.8339729309082,159.91014099121094,87.71212768554688,173.82589721679688,156.86761474609375,193.9851837158203,14.34000015258789,255.7330780029297,13.366250991821289,20.9708194732666,40.620731353759766
2020-04-13,65.9635009765625,108.44349670410156,20.660018920898438,161.41000366210938,60.02439880371094,155.50146484375,83.81134033203125,173.4290008544922,157.21905517578125,196.08090209960938,14.399999618530273,253.3980255126953,13.322890281677246,20.208404541015625,40.71132278442383
2020-04-14,69.29487609863281,114.16600036621094,20.495906829833984,162.67999267578125,62.74293518066406,154.67697143554688,81.5152587890625,176.78271484375,164.998779296875,204.60867309570312,14.649999618530273,260.87152099609375,13.259824752807617,20.298099517822266,42.418155670166016
2020-04-15,68.66241455078125,115.38400268554688,19.165786743164062,161.85000610351562,62.34967803955078,154.9286651611328,77.49498748779297,175.59207153320312,163.2699432373047,202.2618408203125,14.489999771118164,255.32850646972656,12.637038230895996,19.41908073425293,41.49322509765625
2020-04-16,69.20797729492188,120.40950012207031,18.500730514526367,161.7100067138672,62.356117248535156,153.644287109375,74.54165649414062,174.87765502929688,168.17149353027344,205.95108032226562,14.510000228881836,256.5602722167969,12.097028732299805,19.078245162963867,41.998592376708984
2020-04-17,68.2689208984375,118.75,20.10723876953125,158.57000732421875,63.42578887939453,159.2418975830078,81.24212646484375,177.84437561035156,169.65330505371094,207.92124938964844,14.149999618530273,263.49139404296875,13.3820161819458,20.08283233642578,42.556419372558594
2020-04-20,66.85187530517578,119.68049621582031,19.433536529541016,159.6999969482422,62.54060363769531,156.56019592285156,78.28026580810547,176.85215759277344,166.29066467285156,205.4585418701172,14.260000228881836,258.84918212890625,12.964197158813477,19.733016967773438,41.87462615966797
2020-04-21,64.78546142578125,116.40599822998047,18.69074249267578,158.61000061035156,60.111183166503906,150.8411102294922,76.00978088378906,169.4700927734375,159.41331481933594,197.87722778320312,13.880000114440918,250.98971557617188,12.735579490661621,19.096176147460938,40.1201286315918
2020-04-22,66.6515121459961,118.17449951171875,18.82894515991211,161.72999572753906,62.404727935791016,152.7243194580078,76.25730895996094,180.86070251464844,164.82774353027344,203.7490997314453,14.09000015258789,256.5602722167969,13.188873291015625,19.302480697631836,41.664859771728516
2020-04-23,66.3932113647461,119.97250366210938,18.889402389526367,163.33999633789062,63.03749465942383,151.91725158691406,76.29997253417969,183.6885223388672,162.83297729492188,203.31448364257812,14.210000038146973,256.5418395996094,13.614578247070312,19.22175407409668,41.37880325317383
2020-04-24,68.30996704101562,120.51100158691406,19.157148361206055,162.63999938964844,63.30677032470703,153.6095733642578,77.42668914794922,188.59005737304688,165.80618286132812,206.5208740234375,14.210000038146973,260.1177673339844,13.646113395690918,19.49981117248535,42.25604248046875
2020-04-27,68.35823822021484,118.80000305175781,20.271343231201172,161.55999755859375,63.022117614746094,159.28524780273438,80.7641372680664,186.0400390625,165.33126831054688,208.18203735351562,14.210000038146973,263.8681945800781,13.941733360290527,20.163551330566406,42.61838912963867
2020-04-28,67.25016784667969,115.7040023803711,20.63410186767578,160.83999633789062,61.12431335449219,162.2967071533203,81.33599090576172,181.48582458496094,161.30361938476562,204.260986328125,14.100000381469727,262.6549072265625,14.261012077331543,20.37882423400879,42.05104064941406
2020-04-29,69.45903015136719,118.635498046875,21.40280532836914,161.72999572753906,66.55889129638672,164.9176025390625,83.5296630859375,192.67794799804688,168.5419158935547,211.50425720214844,14.279999732971191,269.5307312011719,15.317384719848633,20.9708194732666,43.77695083618164
2020-04-30,70.92432403564453,123.69999694824219,20.77229118347168,158.8000030517578,66.78303527832031,159.18112182617188,81.73717498779297,203.1160430908203,170.23275756835938,211.4173583984375,13.979999542236328,267.02117919921875,14.978400230407715,20.441612243652344,43.581478118896484
2020-05-01,69.78252410888672,114.302001953125,19.93449592590332,159.77999877929688,65.3260726928711,153.6963348388672,79.5947494506836,200.69505310058594,165.82518005371094,205.4585418701172,13.920000076293945,259.9523010253906,14.130937576293945,19.786832809448242,42.38478088378906
2020-05-04,70.76985168457031,115.79949951171875,19.8049373626709,160.33999633789062,65.60277557373047,152.76771545410156,78.64728546142578,203.66175842285156,169.8813018798828,207.85366821289062,13.770000457763672,260.6692810058594,14.619704246520996,19.607446670532227,42.9473762512207
2020-05-05,71.83201599121094,115.88999938964844,19.571735382080078,161.02000427246094,66.89808654785156,154.7377471923828,78.52778625488281,205.4576873779297,171.70510864257812,210.21014404296875,13.930000305175781,263.07781982421875,14.6315279006958,19.544658660888672,43.53855895996094
2020-05-06,72.57315063476562,117.56300354003906,19.303983688354492,158.9499969482422,66.72005462646484,153.54006958007812,77.05110931396484,206.84677124023438,173.39593505859375,211.50425720214844,13.920000076293945,261.29437255859375,14.249184608459473,19.123088836669922,43.87706756591797
2020-05-07,73.32389831542969,118.38050079345703,19.727201461791992,161.38999938964844,67.90277862548828,158.2265167236328,77.85347747802734,209.61505126953125,174.40289306640625,214.22776794433594,14.260000228881836,264.4473571777344,14.619704246520996,19.571565628051758,44.53501510620117
2020-05-08,75.06912231445312,118.98049926757812,20.357717514038086,160.4199981689453,68.64961242675781,160.8907928466797,79.12527465820312,210.69656372070312,175.4287872314453,217.16371154785156,14.4399995803833,268.82293701171875,15.285852432250977,19.99313735961914,45.18818283081055
2020-05-11,76.25038146972656,120.44999694824219,19.502639770507812,159.4199981689453,69.60421752929688,158.9554901123047,76.79505157470703,211.52008056640625,177.3855743408203,219.1049041748047,14.4399995803833,268.8782043457031,15.01781940460205,19.607446670532227,45.488548278808594
2020-05-12,75.37896728515625,117.84750366210938,18.889402389526367,160.0399932861328,68.19535827636719,153.79177856445312,74.28558349609375,208.46408081054688,173.36746215820312,214.51747131347656,14.420000076293945,263.5189208984375,14.753726959228516,19.096176147460938,44.549312591552734
2020-05-13,74.46881866455078,118.39600372314453,18.025686264038086,161.5800018310547,66.8638687133789,149.09671020507812,71.72489166259766,203.50302124023438,170.74569702148438,211.8326416015625,14.550000190734863,258.8583984375,14.083636283874512,18.531097412109375,43.78172302246094
2020-05-14,74.92632293701172,119.44249725341797,18.751205444335938,163.00999450683594,67.28688049316406,151.3965301513672,74.7038345336914,205.19970703125,171.4866485595703,214.23739624023438,14.8100004196167,261.95623779296875,14.24130630493164,19.00648307800293,44.33953857421875
2020-05-15,74.48335266113281,120.48899841308594,18.518009185791016,163.92999267578125,68.09024047851562,149.15744018554688,73.3210678100586,209.23800659179688,173.98489379882812,215.62811279296875,15.510000228881836,263.160400390625,14.18612003326416,18.880908966064453,44.5636100769043
2020-05-18,76.23826599121094,121.31300354003906,19.8049373626709,162.69000244140625,68.69126892089844,157.84461975097656,77.20477294921875,211.53004455566406,175.64724731445312,219.64573669433594,15.789999961853027,271.17626953125,15.344976425170898,19.84961700439453,45.65541458129883
2020-05-19,75.7977066040039,122.46649932861328,19.183063507080078,164.25999450683594,68.15668487548828,154.329833984375,75.68543243408203,215.19131469726562,174.43136596679688,219.09527587890625,16.170000076293945,268.3908996582031,14.91533088684082,19.365262985229492,45.488548278808594
2020-05-20,77.2718505859375,124.89700317382812,19.787662506103516,164.64999389648438,69.88044738769531,157.46278381347656,77.95591735839844,228.1793670654297,176.85086059570312,223.47023010253906,16.360000610351562,272.9503173828125,15.510520935058594,19.79580307006836,46.48499298095703
2020-05-21,76.69576263427734,122.33699798583984,19.77902603149414,162.25,69.76094055175781,156.29986572265625,76.96577453613281,229.58828735351562,174.7266387939453,221.03646850585938,15.960000038146973,271.06585693359375,15.262200355529785,19.733016967773438,45.83659362792969
2020-05-22,77.1895523071289,121.84400177001953,19.571735382080078,163.2100067138672,70.08277130126953,156.15232849121094,76.3682861328125,233.08091735839844,174.8028564453125,221.79940795898438,16.040000915527344,271.5807189941406,15.167597770690918,19.6612606048584,46.00345993041992
2020-05-26,76.66670227050781,121.09300231933594,20.9709529876709,160.88999938964844,70.48592376708984,170.15077209472656,81.7884292602539,230.3920135498047,172.95492553710938,221.20065307617188,15.970000267028809,274.9267272949219,15.589359283447266,20.68379020690918,45.955780029296875
2020-05-27,77.00074768066406,120.51950073242188,22.439260482788086,161.17999267578125,70.43187713623047,181.9535369873047,86.5256576538086,227.3558349609375,173.18348693847656,222.4078826904297,16.149999618530273,279.0173645019531,15.790389060974121,21.580747604370117,46.21800994873047
2020-05-28,77.03462982177734,120.05500030517578,21.471904754638672,161.72000122070312,70.33072662353516,174.6288604736328,85.23680114746094,223.70448303222656,172.79296875,222.1181182861328,16.190000534057617,278.5025634765625,15.348915100097656,21.239900588989258,46.127418518066406
2020-05-29,76.95960235595703,122.11849975585938,20.832761764526367,162.91000366210938,71.08845520019531,171.58987426757812,83.06019592285156,223.33738708496094,174.55520629882812,225.37278747558594,16.65999984741211,279.7435302734375,15.277963638305664,20.997724533081055,46.70907974243164
2020-06-01,77.90603637695312,123.552001953125,21.255979537963867,163.66000366210938,71.1553955078125,174.59390258789062,84.16130828857422,230.10426330566406,174.15513610839844,226.04879760742188,17.100000381469727,280.874267578125,15.54599380493164,21.239900588989258,46.69477081298828
2020-06-02,78.2667007446289,123.62049865722656,21.454627990722656,162.60000610351562,71.52436065673828,178.27044677734375,84.4429702758789,230.90794372558594,176.1364288330078,227.5650634765625,16.84000015258789,283.1999206542969,15.97958755493164,21.41032600402832,47.13340377807617
2020-06-03,78.69757080078125,123.91999816894531,22.447895050048828,159.60000610351562,71.37260437011719,183.8855438232422,89.00102996826172,228.3678741455078,176.56504821777344,228.5887908935547,16.479999542236328,286.96875,16.448644638061523,22.2086181640625,47.50051498413086
2020-06-04,78.01980590820312,123.02999877929688,23.291540145874023,161.27999877929688,70.13532257080078,187.59695434570312,90.85323333740234,224.52801513671875,174.2408447265625,226.98562622070312,16.540000915527344,286.2149963378906,16.452590942382812,22.69297218322754,47.109561920166016
2020-06-05,80.24188232421875,124.1500015258789,24.44829750061035,158.00999450683594,71.41079711914062,190.30418395996094,94.94181060791016,228.97312927246094,178.3177490234375,231.4861602783203,16.200000762939453,293.5505065917969,17.674510955810547,23.536104202270508,48.349159240722656
2020-06-08,80.71633911132812,126.2030029296875,24.822282791137695,159.72000122070312,71.80850219726562,192.8279266357422,96.83670806884766,229.59823608398438,179.4226837158203,233.28244018554688,16.59000015258789,297.098876953125,18.470727920532227,23.984586715698242,48.59231948852539
2020-06-09,83.26518249511719,130.04299926757812,24.543964385986328,161.25999450683594,72.00884246826172,190.46139526367188,94.35286712646484,236.81163024902344,180.79441833496094,234.9726104736328,16.420000076293945,294.883544921875,17.776996612548828,23.47332191467285,48.821170806884766
2020-06-10,85.40738677978516,132.37249755859375,23.134990692138672,163.57000732421875,72.63467407226562,186.46176147460938,90.52887725830078,234.88671875,187.50035095214844,237.7926483154297,16.959999084472656,293.2380065917969,16.90193748474121,22.59430694580078,49.63644027709961
2020-06-11,81.30693817138672,127.89800262451172,20.812793731689453,162.38999938964844,69.5204086303711,169.5290069580078,82.97484588623047,222.68251037597656,177.43190002441406,226.01019287109375,16.440000534057617,276.3331298828125,15.309499740600586,20.7465763092041,46.79013442993164
2020-06-12,82.00889587402344,127.2509994506836,21.55206871032715,162.6199951171875,70.06689453125,176.20950317382812,85.24531555175781,226.80020141601562,178.8321533203125,227.80654907226562,16.280000686645508,279.6424865722656,15.695785522460938,21.374441146850586,47.39562225341797
2020-06-15,83.02312469482422,128.63400268554688,21.873870849609375,162.3300018310547,70.45470428466797,180.16539001464844,86.4232406616211,230.68966674804688,179.97518920898438,230.5783233642578,16.229999542236328,282.2530822753906,15.743085861206055,21.670442581176758,47.853328704833984
2020-06-16,85.22344207763672,130.7635040283203,22.439199447631836,162.25,71.73065185546875,183.02978515625,87.1146240234375,233.81515502929688,184.38555908203125,234.53799438476562,16.260000228881836,287.68585205078125,16.196380615234375,22.01128578186035,48.87360382080078
2020-06-17,85.10479736328125,132.0489959716797,21.74341583251953,162.55999755859375,72.03166961669922,180.0606689453125,84.91243743896484,233.69607543945312,185.0237579345703,235.2816162109375,16.329999923706055,286.4908142089844,15.64454460144043,21.67940902709961,48.864070892333984
2020-06-18,85.13868713378906,132.69900512695312,21.778207778930664,162.24000549316406,71.11820983886719,178.0084228515625,84.45153045654297,234.10287475585938,187.0050506591797,235.91903686523438,16.209999084472656,286.60107421875,15.837687492370605,21.652498245239258,49.08339309692383
2020-06-19,84.65218353271484,133.75050354003906,21.960847854614258,164.02999877929688,70.6480941772461,176.07852172851562,83.48696899414062,236.93069458007812,185.8905487060547,235.8804168701172,16.489999771118164,284.9631652832031,15.597243309020996,21.508989334106445,48.744876861572266
2020-06-22,86.86700439453125,135.6909942626953,21.412918090820312,165.08999633789062,71.93843078613281,177.6416778564453,82.58220672607422,237.3573455810547,191.05337524414062,238.70921325683594,16.5,286.791259765625,15.669501304626465,21.40247344970703,49.66328811645508
2020-06-23,88.72115325927734,138.2205047607422,21.560766220092773,166.47999572753906,72.59896850585938,178.82931518554688,83.58941650390625,240.3538360595703,192.32980346679688,240.74085998535156,16.760000228881836,288.111572265625,15.685469627380371,21.50176239013672,50.021846771240234
2020-06-24,87.155029296875,136.72000122070312,20.70842742919922,165.89999389648438,71.04779052734375,172.926025390625,80.79827117919922,232.19784545898438,188.45294189453125,235.77783203125,16.280000686645508,280.76220703125,14.815165519714355,20.743515014648438,48.8935661315918
2020-06-25,88.31207275390625,137.72900390625,21.49988555908203,165.8000030517578,71.46434783935547,180.85533142089844,83.61500549316406,233.84487915039062,190.83433532714844,238.02232360839844,16.59000015258789,283.7722473144531,15.098616600036621,21.29414939880371,49.519859313964844
2020-06-26,85.59861755371094,134.64349365234375,20.1344051361084,166.5399932861328,67.56855010986328,165.21498107910156,79.03138732910156,214.3975372314453,187.0145721435547,232.4014434814453,16.6299991607666,277.0321960449219,14.575631141662598,20.382448196411133,48.5445671081543
2020-06-29,87.57136535644531,134.0189971923828,20.343137741088867,166.6300048828125,69.28585052490234,168.9525604248047,79.38135528564453,218.92202758789062,189.0244598388672,234.9361572265625,16.649999618530273,281.10382080078125,14.771248817443848,20.608116149902344,49.07523727416992
2020-06-30,88.30238342285156,137.9409942626953,20.65624237060547,167.3699951171875,70.3212890625,172.57664489746094,80.28611755371094,225.3019561767578,193.8538818359375,239.5412139892578,17.010000228881836,284.7047119140625,15.110590934753418,20.8879451751709,49.95490646362305
2020-07-01,88.1353530883789,143.93499755859375,20.230073928833008,166.6199951171875,71.50897216796875,172.5330047607422,79.60328674316406,235.7003631591797,194.9873809814453,242.3372344970703,16.81999969482422,286.69891357421875,14.743302345275879,20.70741081237793,50.036190032958984
2020-07-02,88.1353530883789,144.51499938964844,20.256162643432617,166.97999572753906,72.89403533935547,172.38455200195312,79.86185455322266,231.6024932861328,196.47340393066406,243.98182678222656,16.709999084472656,288.27783203125,14.906988143920898,20.73448944091797,50.32780838012695
2020-07-06,90.49300384521484,152.8520050048828,20.577966690063477,167.97999572753906,74.36784362792969,181.08236694335938,81.87865447998047,238.40908813476562,200.70274353027344,249.98004150390625,17.049999237060547,292.72802734375,14.950900077819824,21.13166618347168,51.20747756958008
2020-07-07,90.21219635009766,150.00599670410156,20.012638092041016,169.0399932861328,73.88533782958984,174.09616088867188,79.5688247680664,238.9845733642578,198.36898803710938,248.25794982910156,17.010000228881836,289.70880126953125,14.475822448730469,20.69838523864746,50.67203140258789
2020-07-08,92.31327819824219,154.0554962158203,20.090911865234375,170.08999633789062,74.5637435913086,176.61990356445312,80.41346740722656,241.68341064453125,202.73165893554688,251.52792358398438,17.489999771118164,291.92474365234375,14.463845252990723,20.915029525756836,51.499114990234375
2020-07-09,92.71025848388672,159.13150024414062,19.80390167236328,169.6300048828125,75.310546875,171.88677978515625,78.67243194580078,242.5962371826172,204.15098571777344,253.64666748046875,17.3799991607666,290.2628479003906,13.749241828918457,20.47271728515625,51.68557357788086
2020-07-10,92.8724365234375,160.0,20.891071319580078,169.19000244140625,76.31970977783203,179.51051330566406,82.97322082519531,243.16180419921875,203.5318145751953,255.37844848632812,17.43000030517578,293.2265625,14.188386917114258,21.176799774169922,51.671226501464844
2020-07-13,92.44398498535156,155.1999969482422,21.03892707824707,169.39999389648438,74.99169921875,182.4097442626953,84.16263580322266,237.13905334472656,197.24496459960938,250.1251678466797,17.729999542236328,290.6876220703125,14.112532615661621,21.26706886291504,50.60031509399414
2020-07-14,93.97376251220703,154.1999969482422,20.995437622070312,170.19000244140625,75.41967010498047,186.8896484375,84.6452865600586,237.8633575439453,198.4642333984375,251.89559936523438,17.969999313354492,294.45452880859375,14.607568740844727,21.37539291381836,51.1835823059082
2020-07-15,94.62005615234375,150.44349670410156,21.395519256591797,170.33999633789062,75.2222900390625,189.41342163085938,85.95535278320312,238.40908813476562,198.16896057128906,252.40830993652344,18.170000076293945,297.1598205566406,14.922954559326172,21.799652099609375,51.46088409423828
2020-07-16,93.45578002929688,149.9949951171875,20.812793731689453,168.72999572753906,75.1250991821289,187.46603393554688,86.19667053222656,239.0540313720703,194.24440002441406,250.686279296875,17.780000686645508,296.1811218261719,14.855085372924805,21.799652099609375,50.82502746582031
2020-07-17,93.26696014404297,148.09849548339844,20.195281982421875,170.1199951171875,75.22080993652344,184.61917114257812,84.60218811035156,240.14544677734375,193.25381469726562,250.9764862060547,18.010000228881836,297.039794921875,14.647489547729492,21.619115829467773,51.0736198425293
2020-07-20,95.23248291015625,159.8419952392578,20.508384704589844,170.94000244140625,77.55104064941406,184.88116455078125,83.86096954345703,243.50904846191406,201.56002807617188,258.096923828125,18.530000686645508,299.4403076171875,14.403966903686523,21.519819259643555,52.3787956237793
2020-07-21,93.91810607910156,156.9145050048828,21.238964080810547,173.0,77.15828704833984,185.15184020996094,85.6795425415039,239.8676300048828,198.84527587890625,255.407470703125,19.670000076293945,300.07733154296875,15.274269104003906,21.944082260131836,51.85291290283203
2020-07-22,94.18194580078125,154.99549865722656,21.143293380737305,175.6300048828125,77.60112762451172,179.89471435546875,85.0589828491211,238.00228881835938,201.70291137695312,256.30712890625,21.440000534057617,301.7854309082031,15.086633682250977,21.944082260131836,52.268829345703125
2020-07-23,89.8951187133789,149.32749938964844,21.343334197998047,177.17999267578125,75.21583557128906,177.2923583984375,85.30892944335938,230.78887939453125,192.92990112304688,249.6124267578125,21.030000686645508,298.1846923828125,15.05869197845459,21.962135314941406,50.911075592041016
2020-07-24,89.67243194580078,150.44549560546875,21.17808723449707,178.6999969482422,74.79234313964844,175.9387969970703,84.70561218261719,228.91360473632812,191.7487030029297,247.24215698242188,21.209999084472656,296.2642517089844,14.974853515625,21.907978057861328,50.294349670410156
2020-07-27,91.79769134521484,152.760498046875,20.995437622070312,182.22999572753906,75.84464263916016,177.2923583984375,83.51619720458984,231.68190002441406,194.17776489257812,251.65367126464844,22.829999923706055,298.4247131347656,14.990822792053223,21.727436065673828,51.08796691894531
2020-07-28,90.2896728515625,150.01649475097656,21.18678092956543,183.75,74.56620788574219,176.06979370117188,83.87821197509766,228.32821655273438,192.43458557128906,248.45144653320312,22.770000457763672,296.5320739746094,14.735319137573242,21.673274993896484,50.490360260009766
2020-07-29,92.0203857421875,151.67649841308594,21.978240966796875,185.1300048828125,75.55107116699219,176.90811157226562,85.91224670410156,231.4735107421875,194.37782287597656,251.31509399414062,22.56999969482422,300.17901611328125,15.042722702026367,22.079479217529297,51.22182846069336
2020-07-30,93.13385009765625,152.593994140625,21.604251861572266,183.75999450683594,76.2879867553711,174.24462890625,83.61962890625,232.67408752441406,194.22540283203125,252.63088989257812,21.760000228881836,299.10797119140625,14.451873779296875,21.682302474975586,51.50868606567383
2020-07-31,102.88390350341797,158.23399353027344,21.639039993286133,185.42999267578125,73.78764343261719,172.87362670898438,83.29212951660156,251.69480895996094,195.28271484375,257.13922119140625,22.649999618530273,301.4715576171875,14.38400650024414,21.69133186340332,52.79472351074219
2020-08-03,105.47632598876953,155.59449768066406,21.734716415405273,185.63999938964844,73.5302734375,174.12237548828125,82.82671356201172,249.9981689453125,206.265625,260.6123046875,22.739999771118164,303.5674743652344,14.43590259552002,21.754512786865234,54.09510040283203
2020-08-04,106.18072509765625,156.94149780273438,21.752111434936523,189.58999633789062,73.0611572265625,176.08721923828125,82.35269927978516,247.88473510742188,203.16983032226562,261.5797119140625,24.25,304.739990234375,14.787217140197754,21.664255142211914,54.23374938964844
2020-08-05,106.56560516357422,160.25149536132812,22.08260726928711,191.35000610351562,73.3482666015625,178.602294921875,83.78340148925781,247.1802520751953,202.83645629882812,262.2279052734375,25.049999237060547,306.63275146484375,14.942916870117188,21.962135314941406,54.434547424316406
2020-08-06,110.28357696533203,161.25,22.152191162109375,193.88999938964844,74.63066864013672,178.36647033691406,83.80927276611328,263.2144775390625,206.0846710205078,265.7011413574219,26.8799991607666,308.682373046875,14.823149681091309,21.95310401916504,55.19947814941406
2020-08-07,107.77619934082031,158.3730010986328,22.708820343017578,190.80999755859375,74.30437469482422,181.87704467773438,85.6536865234375,266.3497619628906,202.39833068847656,262.63433837890625,26.190000534057617,308.904052734375,14.843108177185059,22.422496795654297,54.37717819213867
2020-08-10,109.34272766113281,157.4080047607422,23.100204467773438,190.14999389648438,74.2275161743164,182.84640502929688,86.73965454101562,260.9521789550781,198.36898803710938,261.5121154785156,27.0,309.8272705078125,15.302218437194824,22.58498191833496,54.22418975830078
2020-08-11,106.09086608886719,154.0334930419922,23.41330909729004,179.94000244140625,73.42018127441406,184.31346130371094,89.48045349121094,254.13568115234375,193.7300567626953,256.5587463378906,23.329999923706055,307.269775390625,15.25031566619873,22.84675407409668,53.2489013671875
2020-08-12,109.61671447753906,158.11199951171875,23.248058319091797,179.10000610351562,74.74423217773438,185.2478790283203,88.72198486328125,257.8664245605469,199.26443481445312,263.0116271972656,23.420000076293945,311.55389404296875,15.402024269104004,22.7835693359375,54.45845413208008
2020-08-13,111.55667114257812,158.05099487304688,22.917556762695312,183.3300018310547,75.21088409423828,181.98184204101562,88.23070526123047,259.265380859375,198.7976531982422,263.6114501953125,25.450000762939453,310.9906005859375,15.102607727050781,22.639142990112305,54.482357025146484
2020-08-14,111.45726013183594,157.4010009765625,23.02192497253418,182.5399932861328,74.61480712890625,181.61508178710938,88.26519012451172,259.2059020996094,198.9881134033203,263.3018798828125,24.579999923706055,310.9998474121094,15.246326446533203,22.729408264160156,54.44411087036133
2020-08-17,111.16626739501953,159.12049865722656,22.52617645263672,186.5,75.19054412841797,177.33604431152344,85.9381103515625,259.1264953613281,200.30264282226562,266.3589782714844,25.6200008392334,311.98785400390625,15.158499717712402,22.35028648376465,54.80745315551758
2020-08-18,112.09256744384766,165.62449645996094,22.204370498657227,188.17999267578125,77.15135192871094,175.79905700683594,84.74007415771484,260.29730224609375,201.4552459716797,268.9227600097656,25.8799991607666,312.6617736816406,14.966874122619629,22.20585823059082,55.01303482055664
2020-08-19,112.23322296142578,163.0240020751953,22.17828369140625,182.24000549316406,76.59741973876953,177.2923583984375,84.93830871582031,260.54534912109375,200.23306274414062,267.1136169433594,24.8799991607666,311.3599853515625,14.79520320892334,22.19682502746582,54.946109771728516
2020-08-20,114.72364044189453,164.86849975585938,21.830385208129883,183.5,78.16645050048828,176.27059936523438,83.92130279541016,266.9153747558594,204.8927459716797,270.8189697265625,25.610000610351562,312.3293762207031,14.475822448730469,21.989212036132812,55.67756652832031
2020-08-21,120.63563537597656,164.23599243164062,21.726016998291016,182.02999877929688,78.13273620605469,176.77711486816406,83.87821197509766,264.93096923828125,203.40316772460938,272.69586181640625,24.899999618530273,313.4373779296875,14.38400650024414,21.944082260131836,56.3851203918457
2020-08-24,122.07847595214844,165.3730010986328,22.34353256225586,181.0,78.6078109741211,181.06494140625,86.23976135253906,269.27685546875,204.0429229736328,274.3985290527344,24.600000381469727,316.613525390625,14.779231071472168,22.46763038635254,56.872772216796875
2020-08-25,121.07695007324219,167.32449340820312,22.613149642944336,181.22000122070312,79.63433074951172,179.89471435546875,86.61898803710938,278.6334533691406,206.69741821289062,276.555908203125,24.760000228881836,317.72137451171875,14.571640968322754,22.530818939208984,57.15962219238281
2020-08-26,122.72348022460938,172.09249877929688,22.230464935302734,183.36000061035156,81.53262329101562,180.9601287841797,85.40374755859375,301.54364013671875,211.16610717773438,282.4573669433594,25.56999969482422,320.90673828125,14.264237403869629,22.422496795654297,58.32136535644531
2020-08-27,121.25642395019531,170.0,22.656631469726562,181.24000549316406,80.75853729248047,183.51878356933594,88.21344757080078,290.9368896484375,216.35098266601562,281.5770263671875,25.15999984741211,321.6084289550781,14.292182922363281,22.801624298095703,58.36917495727539
2020-08-28,121.05997467041016,170.08999633789062,22.87407112121582,184.38999938964844,81.29955291748047,181.38800048828125,88.57544708251953,291.3734436035156,218.57582092285156,283.0089111328125,25.610000610351562,323.6858215332031,14.547686576843262,22.89189338684082,58.88072204589844
2020-08-31,125.1654052734375,172.54800415039062,22.38701820373535,184.8300018310547,80.8086166381836,179.99110412597656,86.351806640625,290.91705322265625,215.34840393066406,285.28240966796875,26.229999542236328,322.5132751464844,14.23230266571045,22.6210880279541,59.06717300415039
2020-09-01,130.1510467529297,174.95599365234375,22.360919952392578,185.0500030517578,82.07564544677734,180.5094757080078,86.30870056152344,293.13958740234375,217.00985717773438,290.1582946777344,26.139999389648438,325.55084228515625,14.13648509979248,22.684274673461914,60.19546127319336
2020-09-02,127.45455932617188,176.57249450683594,22.630542755126953,182.6199951171875,85.16561126708984,184.53329467773438,87.61015319824219,300.1446533203125,221.1920928955078,292.9059143066406,25.549999237060547,330.2596435546875,14.068619728088379,23.009241104125977,60.73090744018555
2020-09-03,117.25042724609375,168.39999389648438,22.472900390625,181.13999938964844,80.80763244628906,182.3544158935547,87.33436584472656,288.8531799316406,207.48992919921875,278.05548095703125,24.739999771118164,318.8939514160156,13.964818954467773,22.657194137573242,57.26957702636719
2020-09-04,117.32801055908203,164.7310028076172,23.243602752685547,181.63999938964844,78.41242218017578,185.3239288330078,89.22186279296875,280.52862548828125,204.57763671875,274.35015869140625,25.059999465942383,316.290283203125,13.920902252197266,22.82870101928711,56.471187591552734
2020-09-08,109.43243408203125,157.49200439453125,22.315261840820312,181.2899932861328,75.55552673339844,177.89134216308594,86.11907958984375,269.0486755371094,193.5108642578125,261.16375732421875,24.75,307.6483154296875,13.413891792297363,22.24195671081543,53.91822052001953
2020-09-09,113.79730224609375,163.4304962158203,22.34153175354004,183.0500030517578,76.72734832763672,177.66294860839844,86.93789672851562,271.5887451171875,201.75123596191406,268.83563232421875,25.18000030517578,313.72357177734375,13.50571346282959,22.46763038635254,55.67756652832031
2020-09-10,110.08231353759766,158.7554931640625,22.01749038696289,182.4600067138672,75.67703247070312,175.7212677001953,86.0415267944336,266.0025329589844,196.0985565185547,263.4759521484375,24.860000610351562,308.2762451171875,13.010677337646484,22.15169334411621,54.42020797729492
2020-09-11,108.63704681396484,155.81100463867188,22.33277130126953,182.4499969482422,75.166748046875,176.520751953125,87.11026763916016,264.5340576171875,194.8190460205078,261.6475524902344,24.899999618530273,308.4331359863281,13.022653579711914,22.305143356323242,54.0042724609375
2020-09-14,111.89616394042969,155.14849853515625,22.551719665527344,183.88999938964844,74.82308197021484,176.88978576660156,88.31689453125,264.0776672363281,196.13670349121094,266.2042236328125,25.290000915527344,312.4955139160156,13.122456550598145,22.612056732177734,55.137332916259766
2020-09-15,112.07074737548828,157.80650329589844,22.14009666442871,183.4499969482422,76.12681579589844,173.95541381835938,85.56749725341797,270.298828125,199.35459899902344,269.97723388671875,25.229999542236328,314.07440185546875,13.026644706726074,22.305143356323242,55.68234634399414
2020-09-16,108.76313781738281,153.90499877929688,22.420352935791016,183.97000122070312,74.98474884033203,176.3099365234375,85.92947387695312,261.4681701660156,195.79295349121094,265.6721496582031,25.229999542236328,312.8279724121094,13.549627304077148,22.55789566040039,54.82179641723633
2020-09-17,107.02687072753906,150.43649291992188,22.201400756835938,182.9600067138672,73.74250793457031,171.17034912109375,84.94694519042969,252.8358917236328,193.7495574951172,261.521728515625,25.229999542236328,310.0765686035156,13.569589614868164,22.323204040527344,54.367618560791016
2020-09-18,103.63199615478516,147.74549865722656,22.078792572021484,183.1999969482422,71.9597396850586,171.19667053222656,84.76594543457031,250.56369018554688,191.34335327148438,258.1841125488281,24.93000030517578,306.5067138671875,13.417885780334473,22.278066635131836,53.43057632446289
2020-09-21,106.77471160888672,148.02349853515625,21.430707931518555,179.52000427246094,70.92084503173828,170.4411163330078,82.14582824707031,246.21780395507812,193.39627075195312,258.8031005859375,23.030000686645508,303.0955505371094,12.973135948181152,21.71986961364746,53.87474822998047
2020-09-22,108.45274353027344,156.44949340820312,20.966535568237305,178.64999389648438,72.3926773071289,168.35009765625,81.24947357177734,252.7664337158203,198.05596923828125,263.6114501953125,22.790000915527344,306.18231201171875,12.839226722717285,21.538341522216797,54.727596282958984
2020-09-23,103.90359497070312,149.9929962158203,20.37099838256836,174.7899932861328,69.89183807373047,163.51806640625,79.93077087402344,247.08103942871094,191.53433227539062,255.56227111816406,21.170000076293945,299.08172607421875,12.258943557739258,21.057292938232422,53.02186584472656
2020-09-24,104.97055053710938,150.989501953125,20.44105339050293,175.44000244140625,70.559814453125,171.41632080078125,79.86185455322266,247.5870819091797,194.0169677734375,256.7522277832031,21.559999465942383,299.87884521484375,12.254886627197266,21.10267448425293,53.31892395019531
2020-09-25,108.90864562988281,154.75650024414062,20.57242774963379,174.94000244140625,71.36318969726562,171.27574157714844,80.55998229980469,252.8358917236328,198.43792724609375,262.72137451171875,21.299999237060547,304.7269287109375,12.246771812438965,21.32050895690918,54.59345245361328
2020-09-28,111.50816345214844,158.70249938964844,21.097902297973633,176.6999969482422,72.33515167236328,174.8954620361328,82.87844848632812,254.82034301757812,199.9847869873047,268.1778259277344,22.020000457763672,309.788330078125,12.534880638122559,21.82878875732422,55.63798522949219
2020-09-29,110.66429138183594,157.24400329589844,20.81765365600586,178.19000244140625,72.70012664794922,172.89231872558594,82.18031311035156,259.7516174316406,197.90318298339844,266.968505859375,22.5,308.10125732421875,12.189962387084961,21.556495666503906,55.45112228393555
2020-09-30,112.3326416015625,157.43649291992188,21.097902297973633,177.1199951171875,72.6792984008789,176.56472778320312,82.97322082519531,259.8607177734375,200.83460998535156,268.7969665527344,21.639999389648438,310.43719482421875,12.153440475463867,21.846940994262695,55.91588592529297
2020-10-01,113.28321075439453,161.06300354003906,21.106660842895508,178.6999969482422,73.78517150878906,174.43858337402344,83.57654571533203,264.553955078125,202.8684539794922,273.0634765625,22.09000015258789,312.43023681640625,11.780112266540527,21.88324737548828,56.505226135253906
2020-10-02,109.62642669677734,156.25,21.203001022338867,178.5399932861328,72.18340301513672,175.6246337890625,84.3694839477539,257.916015625,196.8815155029297,265.3819274902344,22.1299991607666,309.4638671875,11.893733024597168,22.055694580078125,55.07258987426758
2020-10-05,113.0019302368164,159.9600067138672,21.56207847595215,179.41000366210938,73.53375244140625,177.29393005371094,86.15272521972656,262.58935546875,200.88238525390625,271.0414733886719,22.6200008392334,314.95166015625,12.250829696655273,22.418758392333984,56.280025482177734
2020-10-06,109.76222229003906,154.9980010986328,21.343124389648438,177.3000030517578,71.95628356933594,176.67013549804688,85.26544952392578,256.6459655761719,196.6141357421875,266.2042236328125,21.729999542236328,310.4742126464844,12.06822395324707,22.191844940185547,55.40800094604492
2020-10-07,111.62455749511719,159.7845001220703,21.789783477783203,177.22000122070312,72.35895538330078,178.87530517578125,86.75294494628906,256.1101379394531,200.35719299316406,270.8092956542969,22.09000015258789,315.8785095214844,12.238653182983398,22.56397819519043,56.42377471923828
2020-10-08,111.51786041259766,159.52749633789062,22.10506820678711,177.85000610351562,73.5634994506836,182.72344970703125,88.53619384765625,261.70623779296875,201.07330322265625,272.25079345703125,22.18000030517578,318.6780700683594,12.697202682495117,22.872575759887695,56.71604919433594
2020-10-09,113.45781707763672,164.33250427246094,22.210163116455078,181.0800018310547,74.9034194946289,182.3368682861328,88.03166961669922,262.3909606933594,206.06723022460938,276.4107666015625,23.40999984741211,321.52392578125,12.494303703308105,22.89980125427246,57.58329391479492
2020-10-12,120.66473388671875,172.14649963378906,22.490419387817383,180.55999755859375,77.58822631835938,188.11782836914062,89.11032104492188,273.6029052734375,211.4048614501953,284.9437255859375,23.329999923706055,326.6964111328125,12.52676773071289,23.153945922851562,59.15488052368164
2020-10-13,117.46382141113281,172.18150329589844,21.85108757019043,177.72000122070312,77.71121978759766,185.2097625732422,87.66632080078125,273.9898986816406,212.79893493652344,284.93402099609375,22.489999771118164,324.5643310546875,12.331987380981445,22.709203720092773,58.776363372802734
2020-10-14,117.55110168457031,168.1855010986328,20.686279296875,178.27000427246094,77.53120422363281,185.5787353515625,87.17919158935547,269.70355224609375,210.8892364501953,282.5540771484375,22.540000915527344,322.5250244140625,12.384742736816406,22.491365432739258,58.46492385864258
2020-10-15,117.08551025390625,166.9324951171875,21.15045166015625,178.9199981689453,77.13597106933594,183.26815795898438,88.48401641845703,264.6432189941406,209.7434539794922,280.65789794921875,22.59000015258789,322.1263732910156,12.534880638122559,22.663818359375,58.201385498046875
2020-10-16,115.44625854492188,163.635498046875,21.22927474975586,178.3000030517578,77.74246215820312,181.16839599609375,88.30131530761719,263.8593444824219,209.7434539794922,279.1197814941406,22.420000076293945,321.9317932128906,12.250829696655273,22.681968688964844,58.03369140625
2020-10-19,112.4975357055664,160.36050415039062,20.773860931396484,178.38999938964844,75.87043762207031,180.71156311035156,86.8138427734375,259.36468505859375,204.5489501953125,274.5630187988281,22.579999923706055,317.0372619628906,11.991122245788574,22.33707046508789,56.969993591308594
2020-10-20,113.98160552978516,160.85049438476562,21.141693115234375,179.25,76.91828155517578,182.76736450195312,87.3096694946289,265.4766845703125,204.95956420898438,275.1531066894531,23.020000457763672,318.3072814941406,12.133150100708008,22.518598556518555,57.16644287109375
2020-10-21,113.36080169677734,159.2469940185547,21.0628719329834,180.60000610351562,78.64945220947266,178.2691192626953,86.43978881835938,276.5596923828125,205.10281372070312,274.9403076171875,23.290000915527344,317.7047424316406,11.901849746704102,22.40060043334961,57.0801887512207
2020-10-22,112.27442932128906,158.82000732421875,21.781028747558594,178.8300018310547,79.67449188232422,180.45672607421875,89.49305725097656,275.9544372558594,205.1887664794922,274.93060302734375,22.959999084472656,319.4473876953125,12.392858505249023,22.845346450805664,56.8118782043457
2020-10-23,111.58577728271484,160.22000122070312,21.807296752929688,178.63999938964844,80.97972106933594,180.1404266357422,90.30205535888672,282.5725402832031,206.46827697753906,275.4724426269531,22.940000534057617,320.531982421875,12.331987380981445,22.917959213256836,56.749595642089844
2020-10-26,111.59548950195312,160.3520050048828,21.492013931274414,178.5500030517578,78.56515502929688,176.7140655517578,88.06646728515625,274.95233154296875,200.59588623046875,271.3414306640625,22.610000610351562,314.60858154296875,11.889676094055176,22.40060043334961,55.5181884765625
2020-10-27,113.09893035888672,164.31649780273438,20.887714385986328,179.02000427246094,79.28868103027344,171.9171142578125,86.40498352050781,281.08416748046875,203.62278747558594,273.4601135253906,22.729999542236328,313.5240173339844,11.7354736328125,21.992156982421875,55.79609680175781
2020-10-28,107.86107635498047,158.13900756835938,20.554914474487305,176.1300048828125,74.92078399658203,166.72482299804688,83.97802734375,265.5858154296875,193.52999877929688,262.7988586425781,21.780000686645508,302.80816650390625,11.244466781616211,21.42943000793457,53.42913055419922
2020-10-29,111.85736083984375,160.55050659179688,20.616220474243164,175.39999389648438,77.20589447021484,166.8741912841797,84.52604675292969,278.6433410644531,195.47789001464844,267.3941345214844,21.709999084472656,305.88568115234375,11.589390754699707,21.592796325683594,54.320343017578125
2020-10-30,105.59131622314453,151.8074951171875,20.75634765625,176.1999969482422,80.14311981201172,166.08349609375,85.2828598022461,261.06134033203125,193.3294677734375,260.6123046875,21.989999771118164,302.69696044921875,11.654315948486328,21.656335830688477,53.117698669433594
2020-11-02,105.5040283203125,150.2239990234375,21.089149475097656,177.91000366210938,80.55025482177734,167.10260009765625,87.20527648925781,259.3249816894531,193.19577026367188,261.1928405761719,22.40999984741211,306.0896301269531,12.05199146270752,22.064775466918945,53.251853942871094
2020-11-03,107.12388610839844,152.42050170898438,21.623376846313477,178.9199981689453,81.60850524902344,173.8938751220703,89.95409393310547,263.2342224121094,197.1106719970703,265.7107849121094,22.440000534057617,311.49395751953125,11.98300838470459,22.554901123046875,54.190975189208984
2020-11-04,111.49846649169922,162.05799865722656,20.738826751708984,178.82000732421875,86.57694244384766,173.84117126464844,87.20527648925781,285.14239501953125,206.6210174560547,277.57177734375,22.239999771118164,318.4555969238281,11.999239921569824,22.29168701171875,56.2992057800293
2020-11-05,115.45596313476562,166.10000610351562,21.553314208984375,182.92999267578125,87.40262603759766,178.31304931640625,90.77180480957031,292.3855285644531,213.2095184326172,284.80841064453125,23.610000610351562,324.66632080078125,11.999239921569824,22.836267471313477,58.048057556152344
2020-11-06,115.32481384277344,165.56849670410156,21.290578842163086,183.19000244140625,87.26526641845703,176.81951904296875,89.5626449584961,291.1253967285156,213.62013244628906,285.0211181640625,23.790000915527344,324.5921630859375,11.739533424377441,22.654739379882812,58.25409698486328
2020-11-09,113.02200317382812,157.18699645996094,24.312076568603516,175.0800018310547,87.34905242919922,188.82940673828125,101.68875885009766,276.5993957519531,208.53073120117188,279.1971130371094,22.5,328.67095947265625,13.415451049804688,24.515403747558594,57.83245086669922
2020-11-10,112.6819076538086,151.75100708007812,24.2244930267334,175.66000366210938,86.17378234863281,191.06101989746094,101.35818481445312,270.3087463378906,201.48391723632812,274.1954040527344,22.43000030517578,328.1888732910156,13.849645614624023,24.64247703552246,56.7543830871582
2020-11-11,116.10209655761719,156.8695068359375,23.944236755371094,174.89999389648438,86.64537811279297,191.570556640625,99.84461212158203,274.3272705078125,206.77378845214844,280.32904052734375,22.520000457763672,330.6269226074219,13.707618713378906,24.542633056640625,58.10076904296875
2020-11-12,115.83003234863281,155.51400756835938,23.37497329711914,175.9600067138672,86.42668151855469,188.46046447753906,98.61808013916016,272.9381103515625,205.71392822265625,279.01324462890625,22.549999237060547,327.41949462890625,13.26530647277832,24.134193420410156,57.58329391479492
2020-11-13,115.87862396240234,156.4405059814453,23.646467208862305,177.16000366210938,87.8866195678711,192.47547912597656,99.23571014404297,274.7936096191406,206.735595703125,281.4609375,22.899999618530273,331.9524841308594,13.748199462890625,24.533557891845703,58.072017669677734
2020-11-16,116.8891372680664,156.55299377441406,24.15442657470703,177.14999389648438,87.9743881225586,195.37469482421875,102.03669738769531,276.78790283203125,207.42308044433594,283.6570739746094,23.020000457763672,336.0960693359375,14.65311050415039,25.078147888183594,58.632625579833984
2020-11-17,116.00494384765625,156.7830047607422,24.128154754638672,176.5,87.36094665527344,197.36907958984375,101.0015640258789,272.8587341308594,204.77813720703125,282.7572937011719,22.739999771118164,334.2884216308594,14.803256034851074,25.041837692260742,58.30681228637695
2020-11-18,114.6834945678711,155.2729949951172,23.628952026367188,175.49000549316406,86.31857299804688,197.06158447265625,100.25346374511719,269.8523254394531,202.0784454345703,280.66766357421875,22.549999237060547,330.2652893066406,14.373114585876465,24.80585289001465,57.683921813964844
2020-11-19,115.27619171142578,155.8509979248047,23.628952026367188,175.16000366210938,87.2077407836914,197.2987823486328,100.52312469482422,270.8148193359375,203.3612518310547,282.8637390136719,22.420000076293945,331.65582275390625,14.608474731445312,24.887540817260742,58.148685455322266
2020-11-20,114.01305389404297,154.97000122070312,23.48006820678711,175.69000244140625,86.10733032226562,196.22694396972656,99.66194152832031,267.6000061035156,201.41786193847656,280.9288635253906,22.489999771118164,329.3846740722656,14.53137493133545,24.669706344604492,57.54975128173828
2020-11-23,110.62200927734375,154.91949462890625,23.988027572631836,172.22999572753906,85.6699447631836,201.0414276123047,102.53255462646484,266.3399353027344,201.1497802734375,280.9385070800781,21.93000030517578,331.3591613769531,15.558023452758789,25.132606506347656,57.53538131713867
2020-11-24,111.90460205078125,155.9029998779297,25.38054084777832,169.58999633789062,87.4720458984375,208.65859985351562,107.27337646484375,274.7638244628906,204.73988342285156,284.88580322265625,21.6299991607666,336.6986083984375,16.35743522644043,26.013015747070312,58.33554458618164
2020-11-25,112.7402114868164,159.2534942626953,25.424333572387695,169.50999450683594,87.48345184326172,207.81517028808594,106.15123748779297,273.4441223144531,204.74942016601562,286.6368103027344,21.719999313354492,336.1794738769531,15.975988388061523,25.92224884033203,58.46012496948242
2020-11-27,113.28433227539062,159.76699829101562,25.389301300048828,167.7899932861328,88.61857604980469,206.81358337402344,105.4466323852539,275.6468811035156,206.05145263671875,289.2779846191406,21.049999237060547,337.1157531738281,15.789327621459961,25.840557098388672,58.77156448364258
2020-11-30,115.67459869384766,158.40199279785156,24.662389755249023,166.6699981689453,87.00093841552734,202.57891845703125,102.54125213623047,274.81341552734375,204.94091796875,289.86810302734375,21.049999237060547,335.62322998046875,14.916876792907715,25.305055618286133,59.16447448730469
2020-12-01,119.24053192138672,161.00399780273438,25.12656021118164,170.17999267578125,89.03215026855469,205.00819396972656,104.15921783447266,284.31878662109375,206.98965454101562,293.58306884765625,22.299999237060547,339.2940979003906,14.985859870910645,25.695341110229492,59.9215087890625
2020-12-02,119.59033966064453,160.17649841308594,25.450603485107422,171.4600067138672,90.50051879882812,209.92843627929688,106.15991973876953,285.2812194824219,206.1854248046875,293.96038818359375,22.329999923706055,340.0079650878906,15.472811698913574,25.976709365844727,59.830482482910156
2020-12-03,119.45430755615234,159.3365020751953,25.477039337158203,172.80999755859375,90.34530639648438,208.0027313232422,105.46403503417969,279.6553955078125,205.10366821289062,294.3763732910156,22.43000030517578,339.91522216796875,15.635127067565918,25.985788345336914,59.79214096069336
2020-12-04,118.78386688232422,158.12899780273438,25.811918258666992,172.32000732421875,90.44051361083984,211.63331604003906,106.42090606689453,277.52215576171875,205.21856689453125,295.5760498046875,22.479999542236328,342.84442138671875,16.487287521362305,26.3034610748291,60.39106750488281
2020-12-07,120.2413330078125,157.89999389648438,25.635662078857422,174.88999938964844,90.10677337646484,210.63511657714844,106.020751953125,283.35638427734375,205.15150451660156,297.2497253417969,22.81999969482422,342.13995361328125,16.101783752441406,26.121932983398438,60.563560485839844
2020-12-08,120.85346221923828,158.864501953125,25.49466323852539,175.5,89.8240966796875,210.97959899902344,106.12515258789062,281.1933288574219,206.7981719970703,298.2560119628906,22.81999969482422,343.1411437988281,16.341201782226562,26.112857818603516,60.760009765625
2020-12-09,118.32718658447266,155.2100067138672,25.380102157592773,172.5,88.1643295288086,214.49537658691406,105.29874420166016,275.7559814453125,202.7677001953125,291.5030212402344,22.229999542236328,340.06353759765625,16.377723693847656,26.0493221282959,59.5956916809082
2020-12-10,119.74578857421875,155.07449340820312,25.653291702270508,172.1699981689453,87.65800476074219,215.89105224609375,104.6202392578125,274.9622497558594,201.5423126220703,292.6737060546875,22.31999969482422,339.95233154296875,16.880903244018555,26.09470558166504,59.68193435668945
2020-12-11,118.93932342529297,155.8209991455078,25.17741584777832,172.49000549316406,88.0125732421875,211.99546813964844,104.00262451171875,271.41998291015625,204.1654510498047,292.0255432128906,22.260000228881836,339.5537414550781,16.68612289428711,25.831485748291016,59.5573616027832
2020-12-14,118.32718658447266,157.84849548339844,24.868976593017578,171.5399932861328,86.89482116699219,210.0520782470703,102.90657806396484,272.0550231933594,205.0653533935547,294.144287109375,22.15999984741211,338.033447265625,16.101783752441406,25.531963348388672,59.772972106933594
2020-12-15,124.25422668457031,158.25599670410156,25.23910140991211,173.94000244140625,87.33219909667969,214.1508026123047,104.66373443603516,273.4044494628906,204.99835205078125,297.2884521484375,22.799999237060547,342.603515625,16.418302536010742,25.967636108398438,60.76958465576172
2020-12-16,124.18621063232422,162.04800415039062,25.30960464477539,174.89999389648438,87.13928985595703,215.33453369140625,104.96817016601562,273.5235595703125,209.92872619628906,298.9234619140625,23.6200008392334,343.1411437988281,16.33714485168457,26.013015747070312,61.1816520690918
2020-12-17,125.05096435546875,161.8040008544922,25.406538009643555,176.74000549316406,86.3121337890625,215.91754150390625,104.09831237792969,272.34283447265625,210.062744140625,300.8776550292969,24.149999618530273,345.05987548828125,16.26004409790039,26.085628509521484,61.66558837890625
2020-12-18,123.0688247680664,160.08250427246094,25.265539169311523,176.44000244140625,85.60350036621094,213.8858184814453,103.58509063720703,274.24786376953125,209.2681427001953,299.96826171875,23.959999084472656,343.6821594238281,15.988160133361816,25.858720779418945,61.449974060058594
2020-12-21,124.59430694580078,160.3090057373047,26.208486557006836,175.8800048828125,86.01705169677734,227.0035858154297,107.47341918945312,270.6659240722656,213.0975799560547,299.4071350097656,24.3799991607666,342.4533996582031,15.679750442504883,26.20729637145996,61.511451721191406
2020-12-22,128.14083862304688,160.3260040283203,25.74142074584961,174.49000549316406,85.30596160888672,220.91732788085938,105.83806610107422,265.01031494140625,214.3899688720703,300.2212219238281,23.43000030517578,341.8760681152344,15.416574478149414,25.951797485351562,62.04452896118164
2020-12-23,127.24691772460938,159.2635040283203,26.481674194335938,175.64999389648438,85.70317077636719,226.5354461669922,108.79566192626953,266.02239990234375,211.59449768066406,298.70928955078125,23.799999237060547,342.1834411621094,15.757880210876465,26.380674362182617,61.57387924194336
2020-12-24,128.228271484375,158.63450622558594,26.402359008789062,176.35000610351562,85.99723052978516,226.27928161621094,108.3172378540039,265.31787109375,213.250732421875,300.02740478515625,23.959999084472656,343.5146179199219,15.675639152526855,26.41716957092285,61.98209762573242
2020-12-28,132.8144073486328,164.197998046875,26.552173614501953,175.7100067138672,87.97091674804688,229.3091278076172,109.03052520751953,274.8431701660156,215.3665313720703,303.05126953125,24.43000030517578,346.4656982421875,15.576950073242188,26.544921875,62.68327331542969
2020-12-29,131.04603576660156,166.10000610351562,26.446422576904297,176.35000610351562,87.16755676269531,227.9134521484375,108.74347686767578,274.6248474121094,214.59103393554688,303.3226623535156,24.389999389648438,345.8047180175781,15.474145889282227,26.453672409057617,62.38551330566406
2020-12-30,129.92864990234375,164.29249572753906,26.419984817504883,177.6999969482422,86.10088348388672,229.1855010986328,109.04792785644531,269.7530822753906,212.22634887695312,303.33245849609375,24.760000228881836,346.298095703125,15.716763496398926,26.572301864624023,62.35190200805664
2020-12-31,128.9278564453125,162.84649658203125,26.710798263549805,178.36000061035156,86.91365814208984,232.9485626220703,110.53543853759766,271.0331115722656,212.93482971191406,304.07861328125,24.56999969482422,348.0575256347656,15.58516788482666,26.900802612304688,62.443145751953125
2021-01-04,125.7408676147461,159.3314971923828,26.464048385620117,182.3300018310547,85.59901428222656,234.0880889892578,109.49156188964844,266.8459167480469,208.40655517578125,299.7851867675781,25.350000381469727,343.319091796875,15.609844207763672,26.535799026489258,61.42500305175781
2021-01-05,127.29546356201172,160.92550659179688,26.66673469543457,182.8699951171875,86.28932189941406,239.3263702392578,110.08734130859375,268.860107421875,208.60757446289062,302.25653076171875,25.670000076293945,345.68377685546875,16.308916091918945,26.654428482055664,61.82361602783203
2021-01-06,123.010498046875,156.91900634765625,28.332305908203125,179.89999389648438,85.43785858154297,252.2409210205078,115.25660705566406,261.2597351074219,203.19854736328125,298.06951904296875,25.34000015258789,347.7503662109375,16.806488037109375,27.831567764282227,60.7574462890625
2021-01-07,127.2080078125,158.10800170898438,28.957996368408203,179.47999572753906,87.9897689819336,257.62933349609375,119.04151916503906,266.64752197265625,208.98095703125,305.2805480957031,25.260000228881836,352.9170837402344,17.05322265625,28.23307228088379,62.3951301574707
2021-01-08,128.30604553222656,159.13499450683594,28.667179107666016,173.33999633789062,89.1546401977539,256.2425842285156,119.1729507446289,265.48663330078125,210.25424194335938,309.205810546875,23.510000228881836,354.9279479980469,17.03265953063965,28.214824676513672,62.79854202270508
2021-01-11,125.32305145263672,155.7104949951172,29.14305877685547,173.0,87.09466552734375,259.5550842285156,120.9515151977539,254.8401336669922,208.21507263183594,304.7377624511719,23.209999084472656,352.535400390625,17.299951553344727,28.306068420410156,62.27985763549805
2021-01-12,125.14814758300781,156.04150390625,29.662994384765625,174.1199951171875,86.15939331054688,266.95751953125,122.85275268554688,249.13490295410156,205.7642059326172,304.25323486328125,23.719999313354492,352.60980224609375,17.90444564819336,28.59807014465332,61.98209762573242
2021-01-13,127.17890930175781,158.29449462890625,29.48674774169922,173.3699951171875,86.64636993408203,267.6023864746094,122.96666717529297,249.68063354492188,207.1140594482422,306.3078918457031,23.440000534057617,353.5593566894531,17.764625549316406,28.579824447631836,62.37590408325195
2021-01-14,125.25501251220703,156.37350463867188,29.953807830810547,173.27999877929688,85.83656311035156,271.95733642578125,123.68507385253906,243.72735595703125,203.9357147216797,304.6698913574219,23.709999084472656,352.3212585449219,18.290987014770508,28.70757293701172,61.828426361083984
2021-01-15,123.53520202636719,155.21249389648438,29.090179443359375,171.1300048828125,85.67291259765625,265.8975524902344,121.46842193603516,249.40280151367188,203.5814971923828,302.25653076171875,22.950000762939453,349.7518615722656,17.579578399658203,28.23307228088379,61.19447708129883
2021-01-19,124.20564270019531,156.03799438476562,28.87868309020996,172.5800018310547,88.49211883544922,259.8819885253906,120.94275665283203,259.06695556640625,207.2098388671875,306.66650390625,23.3799991607666,352.4981384277344,17.933229446411133,28.306068420410156,61.9917106628418
2021-01-20,128.2865753173828,163.16900634765625,28.49974250793457,175.38999938964844,93.2329330444336,256.5870056152344,119.12911224365234,265.3973083496094,214.77293395996094,313.7998046875,24.010000228881836,357.376220703125,17.999021530151367,28.187440872192383,63.22117233276367
2021-01-21,132.9893341064453,165.34950256347656,27.99742889404297,175.27999877929688,93.43526458740234,255.6153564453125,118.13031768798828,270.74530029296875,215.3760986328125,316.30999755859375,24.149999618530273,357.7020568847656,17.390417098999023,27.886316299438477,64.03760528564453
2021-01-22,135.12693786621094,164.6114959716797,27.80354881286621,173.89999389648438,93.8523178100586,255.63302612304688,117.21913146972656,272.3625793457031,216.3142547607422,315.39892578125,23.65999984741211,356.4359436035156,17.299951553344727,27.685564041137695,63.792667388916016
2021-01-25,138.8677978515625,164.6999969482422,27.459863662719727,174.0500030517578,93.9375991821289,250.02381896972656,115.75596618652344,275.8453369140625,219.74160766601562,318.0062255859375,23.549999237060547,357.8416748046875,17.123126983642578,27.484811782836914,64.32574462890625
2021-01-26,139.1009979248047,166.30650329589844,27.265989303588867,173.6199951171875,94.6155014038086,248.8931121826172,115.2828598022461,279.8538513183594,222.42221069335938,318.4714050292969,23.649999618530273,357.2831115722656,16.757139205932617,27.265806198120117,64.3689956665039
2021-01-27,138.03219604492188,161.62899780273438,26.287799835205078,172.52000427246094,90.20148468017578,241.44639587402344,112.02361297607422,270.0210266113281,222.96788024902344,309.5934753417969,23.420000076293945,348.5509338378906,16.53097152709961,26.46280288696289,63.153934478759766
2021-01-28,133.2030792236328,161.88099670410156,26.7196102142334,172.67999267578125,91.90045166015625,242.93922424316406,113.99493408203125,262.9366149902344,228.74073791503906,311.42523193359375,24.719999313354492,351.5486145019531,16.724245071411133,26.95555877685547,63.41325378417969
2021-01-29,128.2185516357422,160.30999755859375,26.129169464111328,172.61000061035156,90.61903381347656,239.53834533691406,112.73330688476562,256.31854248046875,222.0679931640625,304.8734436035156,24.989999771118164,344.5107421875,16.169099807739258,26.41716957092285,61.91965866088867
2021-02-01,130.3367462158203,167.1439971923828,26.402359008789062,174.22999572753906,93.87761688232422,242.68313598632812,113.56559753417969,259.96990966796875,229.43003845214844,312.491455078125,26.760000228881836,350.24530029296875,16.28424644470215,26.763927459716797,63.470909118652344
2021-02-02,131.16268920898438,169.0,27.345298767089844,172.11000061035156,95.16942596435547,253.49530029296875,117.06145477294922,265.0003967285156,229.29600524902344,317.58941650390625,24.540000915527344,355.1978454589844,16.4610652923584,27.411813735961914,64.33056640625
2021-02-03,130.14244079589844,165.62649536132812,27.829992294311523,171.85000610351562,102.10015106201172,254.8909912109375,118.40193176269531,264.57373046875,232.63717651367188,316.3294372558594,24.93000030517578,355.47711181640625,17.16425132751465,27.566932678222656,64.10965728759766
2021-02-04,133.49456787109375,166.5500030517578,28.6407413482666,168.14999389648438,101.83979034423828,259.48443603515625,121.12672424316406,264.4150390625,231.6894073486328,320.07061767578125,24.479999542236328,359.5173645019531,17.353408813476562,28.178321838378906,65.13259887695312
2021-02-05,133.08102416992188,167.6074981689453,28.52617645263672,169.80999755859375,103.58537292480469,259.2637023925781,120.8901596069336,266.0124816894531,231.87130737304688,321.1560974121094,24.950000762939453,360.93243408203125,17.501449584960938,28.187440872192383,64.98851013183594
2021-02-08,133.22698974609375,166.14700317382812,29.160680770874023,171.52000427246094,103.37163543701172,265.1378479003906,122.78266906738281,264.5042724609375,232.12974548339844,323.3077392578125,25.389999389648438,363.5390625,18.233413696289062,28.552448272705078,65.67047882080078
2021-02-09,132.35122680664062,165.25,29.037311553955078,172.0800018310547,102.91886901855469,265.4117126464844,122.29200744628906,267.35198974609375,233.3743438720703,323.2398681640625,25.280000686645508,363.2969665527344,18.04014015197754,28.561574935913086,65.59364318847656
2021-02-10,131.74790954589844,164.32899475097656,29.063743591308594,172.7100067138672,103.46881866455078,268.7861022949219,122.36212158203125,269.7530822753906,232.46484375,322.5032653808594,25.06999969482422,363.1387023925781,18.385568618774414,28.561574935913086,65.49758911132812
2021-02-11,131.49485778808594,163.10650634765625,28.975614547729492,171.2100067138672,103.5813980102539,267.05474853515625,122.02041625976562,268.2846374511719,234.06362915039062,324.2769470214844,25.09000015258789,363.7252197265625,18.101825714111328,28.47032356262207,66.21797943115234
2021-02-12,131.72842407226562,163.885498046875,29.40743064880371,170.69000244140625,103.89283752441406,270.5881652832031,123.75517272949219,268.3937683105469,234.54229736328125,326.08941650390625,25.309999465942383,365.5219421386719,18.369115829467773,28.76232147216797,66.55894470214844
2021-02-16,129.60707092285156,163.44749450683594,30.200559616088867,168.24000549316406,104.66990661621094,275.5702209472656,126.73406219482422,271.8367614746094,233.30731201171875,325.2073974609375,25.260000228881836,365.2053527832031,18.82968521118164,29.255083084106445,66.34284210205078
2021-02-17,127.32027435302734,165.4320068359375,30.32393455505371,166.3300018310547,105.06265258789062,276.25927734375,127.12833404541016,271.4399108886719,234.32447814941406,323.64697265625,25.399999618530273,365.2891845703125,19.109310150146484,29.401084899902344,65.75692749023438
2021-02-18,126.22063446044922,166.4114990234375,30.130056381225586,166.32000732421875,104.42740631103516,273.75054931640625,127.5576171875,267.29248046875,233.93099975585938,322.23199462890625,25.059999465942383,363.7344970703125,18.67753028869629,29.227705001831055,65.43515014648438
2021-02-19,126.37637329101562,162.4949951171875,30.43850326538086,167.00999450683594,103.58438110351562,278.8032531738281,129.68666076660156,259.52337646484375,231.22506713867188,320.8265686035156,25.260000228881836,363.0921936035156,18.99005889892578,29.5744571685791,65.33909606933594
2021-02-22,122.61048889160156,159.03700256347656,30.976072311401367,169.50999450683594,101.87104034423828,279.907470703125,130.9044952392578,258.302978515625,225.02633666992188,312.5107727050781,26.270000457763672,360.2993469238281,19.648006439208984,29.84821128845215,63.898338317871094
2021-02-23,122.47425842285156,159.72500610351562,31.3021297454834,169.1199951171875,102.16163635253906,281.9745178222656,131.95587158203125,263.7898864746094,223.83651733398438,311.5804138183594,25.709999084472656,360.7369384765625,19.972869873046875,30.030717849731445,63.72063064575195
2021-02-24,121.97796630859375,157.97650146484375,32.06001281738281,169.0,103.33641052246094,292.0712890625,134.2776641845703,262.2519226074219,225.06471252441406,314.1486511230469,25.940000534057617,364.71197509765625,20.680166244506836,30.61472511291504,64.69554901123047
2021-02-25,117.73524475097656,152.85800170898438,31.663448333740234,165.82000732421875,99.97122955322266,289.5272521972656,132.45526123046875,252.70689392089844,219.72955322265625,303.19671630859375,25.399999618530273,355.9240417480469,20.281282424926758,30.058090209960938,62.43354797363281
2021-02-26,117.99797821044922,154.64649963378906,30.588308334350586,161.80999755859375,100.26680755615234,282.2130432128906,128.94192504882812,255.6140594482422,222.9824676513672,304.4664306640625,24.65999984741211,354.090087890625,19.80015754699707,29.483211517333984,62.764923095703125
2021-03-01,124.3523178100586,157.3070068359375,31.540071487426758,161.52999877929688,102.63473510742188,292.58001708984375,131.85951232910156,262.84735107421875,227.3580780029297,313.62530517578125,24.600000381469727,362.6732177734375,20.31418228149414,30.404844284057617,64.78680419921875
2021-03-02,121.75415802001953,154.72650146484375,31.310941696166992,162.41000366210938,102.37784576416016,293.48455810546875,131.43019104003906,256.98333740234375,224.4121856689453,308.59515380859375,24.799999237060547,359.84320068359375,20.203149795532227,30.295339584350586,63.759063720703125
2021-03-03,118.7764663696289,150.25,32.09525680541992,160.6199951171875,99.74610900878906,296.5796203613281,133.97100830078125,253.42127990722656,218.35736083984375,299.6396789550781,24.280000686645508,355.07684326171875,20.49922752380371,30.5325927734375,62.154991149902344
2021-03-04,116.89838409423828,148.8784942626953,32.325523376464844,159.0399932861328,100.86286926269531,292.0213317871094,131.91204833984375,255.6338653564453,217.56094360351562,294.735595703125,23.559999465942383,350.682861328125,20.98857307434082,30.18584632873535,60.78145217895508
2021-03-05,118.15367889404297,150.0229949951172,32.70634841918945,159.13999938964844,103.99398040771484,290.31854248046875,132.21868896484375,262.2221984863281,222.23397827148438,299.17449951171875,23.360000610351562,357.1341857910156,21.774003982543945,30.76072120666504,61.92926025390625
2021-03-08,113.22979736328125,147.59750366210938,32.88347244262695,157.49000549316406,99.55220794677734,296.3667297363281,133.97100830078125,253.3220672607422,218.19424438476562,290.7036437988281,23.31999969482422,355.3560791015625,21.81512451171875,31.153104782104492,60.43086624145508
2021-03-09,117.8325424194336,153.1425018310547,32.166107177734375,160.83999633789062,101.1817398071289,293.17413330078125,133.02476501464844,263.67083740234375,224.32583618164062,302.1693420410156,24.049999237060547,360.42974853515625,21.432695388793945,30.870222091674805,62.48637771606445
2021-03-10,116.75242614746094,152.8820037841797,33.09601593017578,161.66000366210938,100.9749526977539,303.3105773925781,135.91603088378906,262.83740234375,223.02085876464844,301.3067321777344,24.31999969482422,362.6732177734375,21.975496292114258,31.499853134155273,62.23661804199219
2021-03-11,118.67916107177734,155.67950439453125,32.98088455200195,161.52000427246094,104.16606903076172,303.38153076171875,135.20635986328125,271.74749755859375,227.54037475585938,308.2463073730469,24.25,366.3504333496094,21.983720779418945,31.408605575561523,63.566959381103516
2021-03-12,117.77416229248047,154.47450256347656,33.600830078125,161.49000549316406,101.6597900390625,309.3320617675781,136.80972290039062,266.31011962890625,226.21617126464844,305.74578857421875,24.030000686645508,366.8439025878906,22.028955459594727,31.727981567382812,63.1107063293457
2021-03-15,120.65455627441406,154.08399963378906,33.432559967041016,162.1999969482422,101.87996673583984,306.88446044921875,136.12632751464844,271.6184997558594,225.314208984375,309.01190185546875,24.329999923706055,369.03155517578125,21.778114318847656,31.545488357543945,63.78306198120117
2021-03-16,122.19203186035156,154.59300231933594,33.335140228271484,162.35000610351562,103.34040832519531,303.0356750488281,134.4966583251953,277.1053466796875,228.09689331054688,310.70806884765625,24.100000381469727,368.5660705566406,21.157176971435547,31.216981887817383,64.26332092285156
2021-03-17,121.40383911132812,156.7864990234375,33.60968780517578,163.50999450683594,103.25757598876953,305.908935546875,135.8809814453125,281.7986145019531,227.45401000976562,311.9874267578125,24.420000076293945,369.8227844238281,21.3216609954834,31.426855087280273,64.21051025390625
2021-03-18,117.28761291503906,151.39950561523438,34.48646545410156,162.55999755859375,100.238525390625,308.61376953125,138.12391662597656,276.4505920410156,221.38961791992188,302.43109130859375,24.100000381469727,364.4419860839844,20.363525390625,31.591100692749023,62.428749084472656
2021-03-19,116.76215362548828,153.7480010986328,34.123355865478516,163.24000549316406,100.51722717285156,305.2438659667969,135.9248046875,287.85107421875,221.03456115722656,303.4971618652344,24.309999465942383,363.7677001953125,20.36764144897461,31.22610855102539,62.241455078125
2021-03-22,120.0707015991211,155.5435028076172,33.35285568237305,163.0,100.70220184326172,300.92498779296875,132.27127075195312,291.2543640136719,226.44647216796875,309.1887512207031,23.940000534057617,366.67236328125,20.17231559753418,30.823732376098633,63.465328216552734
2021-03-23,119.24354553222656,156.875,32.679771423339844,161.80999755859375,101.2298355102539,294.22064208984375,130.9482879638672,288.3670349121094,227.97215270996094,307.8398742675781,23.219999313354492,363.7864074707031,19.87725257873535,30.392959594726562,63.07066345214844
2021-03-24,116.8594741821289,154.35350036621094,32.679771423339844,162.3699951171875,100.79344177246094,291.4537658691406,131.9646453857422,279.94317626953125,225.93789672851562,302.6480712890625,23.239999771118164,361.9369812011719,20.375947952270508,30.50293731689453,62.30544662475586
2021-03-25,117.34602355957031,152.31300354003906,33.35285568237305,161.77999877929688,100.78997802734375,293.138671875,133.65557861328125,276.5696105957031,222.9440460205078,302.1239929199219,23.290000915527344,363.97320556640625,20.450754165649414,31.016210556030273,62.266944885253906
2021-03-26,117.9493408203125,152.60150146484375,34.25619888305664,162.24000549316406,100.40664672851562,290.33636474609375,135.8809814453125,280.8162841796875,226.91668701171875,306.65594482421875,23.229999542236328,369.838623046875,20.957763671875,31.501981735229492,63.8503303527832
2021-03-29,118.1244888305664,153.7864990234375,33.92851257324219,160.30999755859375,101.45101165771484,288.8641662597656,133.76947021484375,288.5555419921875,225.72682189941406,306.5685729980469,22.90999984741211,369.65179443359375,20.708419799804688,31.227018356323242,63.51825714111328
2021-03-30,116.67457580566406,152.76449584960938,34.53074264526367,157.57000732421875,101.48472595214844,294.4334716796875,135.34654235839844,285.7575378417969,222.473876953125,305.02557373046875,22.260000228881836,368.6711120605469,20.52971649169922,31.446998596191406,62.91667938232422
2021-03-31,118.86405181884766,154.70399475097656,34.26505661010742,159.9600067138672,102.28064727783203,289.9904479980469,133.3751983642578,292.2366638183594,226.2353973388672,309.693359375,22.700000762939453,370.1654357910156,20.388418197631836,31.208690643310547,63.91770553588867
2021-04-01,119.69116973876953,158.0500030517578,34.97355270385742,161.97999572753906,105.61607360839844,290.5580139160156,134.6719207763672,296.3345031738281,232.5492706298828,314.97247314453125,23.149999618530273,374.16290283203125,20.90789031982422,31.593647003173828,65.20269775390625
2021-04-05,122.51319122314453,161.3365020751953,35.24810028076172,161.9199981689453,110.03852081298828,286.9220886230469,135.3857421875,306.5047302246094,238.9975128173828,321.2608947753906,23.09000015258789,379.53326416015625,20.409194946289062,31.84110450744629,66.5502700805664
2021-04-06,122.81482696533203,161.1909942626953,35.15068435668945,163.22000122070312,109.5575180053711,290.0437316894531,134.43392944335938,303.8753356933594,237.83645629882812,321.03765869140625,23.34000015258789,379.30914306640625,20.35517120361328,31.776954650878906,66.26629638671875
2021-04-07,124.45938110351562,163.96949768066406,35.469520568847656,162.75999450683594,111.0338134765625,289.5913391113281,136.54025268554688,310.65216064453125,239.7938995361328,321.81402587890625,23.329999923706055,379.7481689453125,20.425819396972656,31.932769775390625,66.61763000488281
2021-04-08,126.85316467285156,164.96499633789062,35.159542083740234,164.50999450683594,111.59912109375,293.6618957519531,136.7077178955078,310.582763671875,243.00845336914062,325.1717529296875,23.6200008392334,381.5507507324219,20.159847259521484,31.941936492919922,67.58019256591797
2021-04-09,129.4221954345703,168.61000061035156,35.4163818359375,163.27000427246094,112.60284423828125,293.3691711425781,137.7300262451172,310.0270690917969,245.50332641601562,327.1417541503906,23.40999984741211,384.3246154785156,20.026859283447266,32.21690368652344,68.22991943359375
2021-04-12,127.7094955444336,168.96949768066406,35.478370666503906,162.27999877929688,111.31102752685547,294.28265380859375,137.439208984375,309.1142578125,245.56089782714844,326.7147216796875,23.040000915527344,384.4647521972656,19.868940353393555,32.3543815612793,67.90263366699219
2021-04-13,130.8136749267578,170.0,34.822998046875,163.42999267578125,111.7975082397461,290.593505859375,135.79995727539062,307.3480529785156,248.03656005859375,330.5285339355469,23.510000228881836,385.6042175292969,19.889724731445312,32.05192184448242,68.54273223876953
2021-04-14,128.478271484375,166.64999389648438,35.31895446777344,162.72000122070312,111.1766128540039,297.39544677734375,133.2618865966797,300.462158203125,245.2538299560547,326.5594787597656,23.59000015258789,384.28729248046875,20.44244384765625,32.24440002441406,67.81602478027344
2021-04-15,130.88182067871094,168.95449829101562,34.309329986572266,165.35000610351562,113.32586669921875,300.2332458496094,134.10787963867188,305.4231872558594,249.00572204589844,331.50860595703125,24.030000686645508,388.4155578613281,20.276214599609375,32.21690368652344,68.98068237304688
2021-04-16,130.55096435546875,169.9720001220703,34.67244338989258,166.35000610351562,113.2018814086914,303.5677490234375,135.10372924804688,303.7959289550781,250.195556640625,331.8968505859375,24.09000015258789,389.7137451171875,20.114133834838867,32.446041107177734,68.96625518798828
2021-04-19,131.212646484375,168.60049438476562,34.690162658691406,165.88999938964844,113.54952239990234,304.2593994140625,134.53091430664062,299.8866271972656,248.27647399902344,328.859375,23.979999542236328,387.7989807128906,20.093353271484375,32.3543815612793,68.3935317993164
2021-04-20,129.5292205810547,166.7344970703125,33.72481155395508,166.47999572753906,113.01641845703125,294.3182067871094,131.55209350585938,300.29345703125,247.81585693359375,326.46240234375,23.959999084472656,384.959716796875,19.561412811279297,31.74945068359375,67.78712463378906
2021-04-21,129.90870666503906,168.1009979248047,34.291622161865234,168.1300048828125,112.98368835449219,297.324462890625,132.67138671875,299.1226501464844,250.04205322265625,329.2572937011719,24.700000762939453,388.6023254394531,19.810754776000977,32.18940734863281,68.47053527832031
2021-04-22,128.39068603515625,165.45199584960938,33.97278594970703,167.0399932861328,111.70278930664062,293.40478515625,129.87762451171875,294.211181640625,246.7699432373047,325.2882080078125,24.209999084472656,385.0531311035156,19.57803726196289,31.831945419311523,67.66682434082031
2021-04-23,130.70668029785156,167.04400634765625,34.69902038574219,166.39999389648438,114.05384063720703,300.9427185058594,132.3628692626953,298.78533935546875,250.5889892578125,329.3834533691406,24.139999389648438,389.2281188964844,19.756732940673828,32.427711486816406,68.67745971679688
2021-04-26,131.09588623046875,170.4499969482422,34.902713775634766,166.83999633789062,114.54973602294922,304.6407470703125,132.68896484375,300.680419921875,250.9727020263672,331.5281066894531,24.299999237060547,390.0405578613281,19.889724731445312,32.556026458740234,69.02880859375
2021-04-27,130.77481079101562,170.8715057373047,35.31895446777344,166.4199981689453,113.61001586914062,307.3988037109375,133.29708862304688,301.206298828125,251.37583923339844,330.091796875,24.389999389648438,389.95654296875,20.130756378173828,32.81266784667969,68.8603744506836
2021-04-28,129.98660278320312,172.9250030517578,35.45178985595703,166.91000366210938,116.9851303100586,308.7112731933594,134.1607208251953,304.70880126953125,244.2655029296875,328.975830078125,24.399999618530273,389.8445129394531,20.82477569580078,32.94097900390625,68.22027587890625
2021-04-29,129.88926696777344,173.5655059814453,36.40827941894531,166.22000122070312,118.65729522705078,313.0212707519531,136.7694091796875,326.9443054199219,242.29840087890625,330.1596984863281,24.25,392.3288879394531,21.057498931884766,33.52758026123047,68.16250610351562
2021-04-30,127.9236068725586,173.37100219726562,35.89461135864258,165.66000366210938,116.71038818359375,309.0128173828125,135.55320739746094,322.5487976074219,241.98175048828125,327.9956359863281,24.010000228881836,389.75103759765625,20.52556037902832,33.23427200317383,67.2336654663086
2021-05-03,128.97451782226562,169.32449340820312,35.92118835449219,167.80999755859375,116.19366455078125,310.529296875,135.15663146972656,320.0682373046875,241.67466735839844,326.2488708496094,24.959999084472656,390.5916442871094,21.09075355529785,33.39925765991211,67.04597473144531
2021-05-04,124.41071319580078,165.593505859375,36.31086349487305,166.5800018310547,114.39601135253906,310.2455139160156,137.02500915527344,315.8811340332031,237.769287109375,320.3778076171875,24.56999969482422,388.1820373535156,21.10321617126465,33.6650505065918,65.84278106689453
2021-05-05,124.65396881103516,163.52699279785156,36.656253814697266,167.27000427246094,114.7897720336914,317.1448974609375,138.8228759765625,312.5671081542969,236.502685546875,319.30059814453125,24.56999969482422,388.303466796875,21.78476905822754,33.94002151489258,65.6839828491211
2021-05-06,126.2498779296875,165.31849670410156,37.205345153808594,170.05999755859375,115.90950775146484,324.5498962402344,141.61659240722656,317.5282287597656,239.63079833984375,321.707275390625,25.3700008392334,391.40423583984375,21.896974563598633,34.444129943847656,66.34332275390625
2021-05-07,126.92243957519531,164.58050537109375,37.35591125488281,171.58999633789062,116.63253021240234,328.9130554199219,142.10130310058594,316.59552001953125,242.25042724609375,324.3177185058594,25.469999313354492,394.2528381347656,22.28762435913086,34.62743377685547,66.91121673583984
2021-05-10,123.64726257324219,159.52450561523438,37.24076461791992,172.11000061035156,113.64820861816406,326.9532165527344,142.08363342285156,303.587646484375,237.18392944335938,316.12744140625,25.350000381469727,390.3488464355469,22.295936584472656,34.599945068359375,65.22195434570312
2021-05-11,122.73101043701172,161.19549560546875,36.815673828125,172.13999938964844,112.57259368896484,319.1846008300781,139.72174072265625,304.14324951171875,236.27235412597656,315.6905822753906,25.670000076293945,386.8651428222656,21.722431182861328,33.98584747314453,65.02465057373047
2021-05-12,119.67028045654297,157.5970001220703,36.470272064208984,170.42999267578125,109.11070251464844,314.28936767578125,138.76113891601562,300.19415283203125,229.33473205566406,307.5196228027344,25.09000015258789,378.64605712890625,21.826330184936523,33.63755798339844,63.195796966552734
2021-05-13,121.81476593017578,158.07350158691406,37.05478286743164,171.1300048828125,110.53840637207031,318.2002868652344,142.33042907714844,302.8831481933594,233.2017822265625,309.8970947265625,25.15999984741211,383.19451904296875,21.560354232788086,34.178321838378906,64.0332260131836
2021-05-14,124.23213195800781,161.14500427246094,37.515323638916016,172.69000244140625,112.98517608642578,327.0329895019531,144.54248046875,313.4799499511719,238.11471557617188,316.73870849609375,25.459999084472656,389.0785827636719,22.229440689086914,34.719085693359375,65.44332885742188
2021-05-17,123.08191680908203,163.51950073242188,37.85186004638672,174.6999969482422,113.50785827636719,327.4586181640625,145.12416076660156,313.0036926269531,235.26480102539062,314.8173522949219,26.190000534057617,388.0885925292969,22.744768142700195,34.78326416015625,64.96207427978516
2021-05-18,121.69776916503906,161.61399841308594,37.338191986083984,175.0399932861328,112.19619750976562,323.29949951171875,143.07952880859375,307.5465393066406,233.24977111816406,312.6919860839844,26.149999618530273,384.7449645996094,22.21697235107422,34.29746627807617,64.44229888916016
2021-05-19,121.54181671142578,161.58999633789062,37.169925689697266,175.16000366210938,112.64399719238281,317.8189392089844,141.9867401123047,311.1482849121094,233.82684326171875,313.0509948730469,25.729999542236328,383.7362365722656,21.66425323486328,34.086666107177734,64.66848754882812
2021-05-20,124.09567260742188,162.38400268554688,37.08135986328125,175.9600067138672,114.40196990966797,319.0603942871094,141.739990234375,316.12921142578125,237.05836486816406,319.10650634765625,25.790000915527344,387.8645324707031,21.631006240844727,34.10499954223633,65.90536499023438
2021-05-21,122.26312255859375,160.1540069580078,37.55075454711914,176.0399932861328,113.76622009277344,324.80706787109375,143.352783203125,313.7677307128906,235.7984619140625,317.3403625488281,25.530000686645508,387.546875,21.676721572875977,34.444129943847656,65.54438781738281
2021-05-24,123.89095306396484,162.24949645996094,37.75443649291992,176.35000610351562,117.08430480957031,326.60736083984375,144.1282958984375,322.1022644042969,241.1940155029297,322.6777648925781,25.75,391.4977111816406,21.892822265625,34.609107971191406,66.70907592773438
2021-05-25,123.6960220336914,162.95249938964844,37.205345153808594,177.9499969482422,117.175048828125,323.255126953125,142.63888549804688,325.23773193359375,242.0980682373047,323.1241149902344,25.989999771118164,390.6290283203125,21.448150634765625,34.26081848144531,66.72833251953125
2021-05-26,123.64726257324219,163.25799560546875,37.23191833496094,177.63999938964844,118.0398941040039,325.8179931640625,142.6212615966797,325.10870361328125,241.8769073486328,324.24981689453125,25.670000076293945,391.40423583984375,21.639318466186523,34.36164093017578,66.72352600097656
2021-05-27,122.11691284179688,161.5054931640625,37.68359375,177.7100067138672,117.1656265258789,329.3387451171875,144.8421630859375,330.1590881347656,239.78021240234375,323.03680419921875,25.850000381469727,391.6097106933594,21.655942916870117,34.7557487487793,66.37220764160156
2021-05-28,121.4638442993164,161.15350341796875,37.5418815612793,178.3800048828125,116.87652587890625,331.0293273925781,144.74522399902344,326.1703796386719,240.1360626220703,324.0556945800781,25.899999618530273,392.3101806640625,21.697498321533203,34.819923400878906,66.6080093383789
2021-06-01,121.14216613769531,160.9324951171875,38.011268615722656,177.89999389648438,118.08303833007812,340.3013000488281,146.34034729003906,326.5672912597656,237.94322204589844,322.97857666015625,25.84000015258789,391.9646301269531,22.53281593322754,35.03071975708008,66.28075408935547
2021-06-02,121.9024887084961,161.69949340820312,38.028987884521484,178.77000427246094,117.5578842163086,341.19097900390625,146.3491668701172,326.58709716796875,237.84707641601562,323.6093444824219,26.149999618530273,392.5810546875,22.952556610107422,35.085716247558594,66.73795318603516
2021-06-03,120.42085266113281,159.35049438476562,38.46476364135742,175.27000427246094,116.41680145263672,345.8892517089844,146.4461212158203,323.5013122558594,236.3177947998047,320.24200439453125,25.459999084472656,391.1240234375,23.014890670776367,35.1682014465332,66.11711120605469
2021-06-04,122.71150207519531,160.31100463867188,38.48255157470703,177.16000366210938,118.69746398925781,348.31854248046875,146.68408203125,327.77777099609375,241.20359802246094,325.67633056640625,25.780000686645508,394.701171875,23.168663024902344,35.25986099243164,67.38768768310547
2021-06-07,122.72127532958984,159.90049743652344,38.34914779663086,177.8699951171875,119.13037872314453,345.3910217285156,145.99667358398438,333.959228515625,244.1082000732422,326.6468200683594,25.899999618530273,394.3183288574219,23.06891441345215,35.03071975708008,67.37323760986328
2021-06-08,123.54004669189453,163.20550537109375,38.135704040527344,177.32000732421875,118.93896484375,342.3122253417969,145.4149932861328,331.0818176269531,242.9155731201172,326.80206298828125,25.610000610351562,394.40234375,23.268394470214844,34.93906021118164,67.37805938720703
2021-06-09,123.92020416259766,164.0574951171875,37.637657165527344,176.97999572753906,119.41008758544922,340.60382080078125,143.5994873046875,327.67852783203125,243.8966064453125,326.87969970703125,25.780000686645508,393.81396484375,23.122943878173828,34.609107971191406,67.42617797851562
2021-06-10,122.92596435546875,167.4824981689453,37.077362060546875,177.74000549316406,120.75843811035156,332.7378234863281,141.3610382080078,329.8713684082031,247.40708923339844,330.28594970703125,25.969999313354492,395.6445007324219,23.09385108947754,34.20582580566406,67.92192077636719
2021-06-11,124.13465881347656,167.3415069580078,37.22856521606445,175.74000549316406,120.51394653320312,336.3949890136719,141.2640380859375,328.68072509765625,248.03225708007812,331.1495361328125,25.8700008392334,396.29833984375,23.014890670776367,34.425804138183594,68.32616424560547
2021-06-14,127.18562316894531,169.19349670410156,36.78388595581055,174.7100067138672,121.44178771972656,331.8302001953125,138.8668975830078,334.1477966308594,249.955810546875,334.32281494140625,25.84000015258789,397.18560791015625,22.915151596069336,34.06834411621094,69.01919555664062
2021-06-15,126.3668441772461,169.156494140625,36.81056213378906,174.0500030517578,120.42420196533203,330.3887634277344,136.76058959960938,334.1279296875,248.48428344726562,332.1394348144531,25.649999618530273,396.4571228027344,23.35150909423828,34.13249588012695,68.59566497802734
2021-06-16,126.86392974853516,170.7624969482422,37.015106201171875,171.11000061035156,119.7824935913086,330.12176513671875,137.7212371826172,328.5020446777344,247.541748046875,330.9263916015625,25.260000228881836,394.24346923828125,23.226835250854492,34.0958366394043,68.22508239746094
2021-06-17,128.46255493164062,174.46200561523438,35.3964729309082,165.85000610351562,120.74554443359375,321.66851806640625,133.74655151367188,333.88983154296875,250.92713928222656,335.1283874511719,24.049999237060547,394.11279296875,22.437232971191406,33.087623596191406,69.01439666748047
2021-06-18,127.16614532470703,174.34500122070312,34.48933410644531,164.92999267578125,119.12641906738281,310.3945617675781,130.3623046875,327.0931091308594,249.5133514404297,332.4984436035156,23.8799991607666,388.7960205078125,21.772300720214844,32.29023361206055,68.3839111328125
2021-06-21,128.95970153808594,172.697998046875,35.35200119018555,166.9499969482422,120.81398010253906,318.14483642578125,132.5744171142578,329.70263671875,252.5910186767578,334.56494140625,24.079999923706055,394.3620300292969,22.70012855529785,33.043861389160156,69.11679077148438
2021-06-22,130.59727478027344,175.27200317382812,35.547672271728516,166.25,121.32772827148438,318.13592529296875,132.38052368164062,336.3901672363281,255.36093139648438,337.6837463378906,23.850000381469727,396.4704284667969,22.851261138916016,33.09907531738281,69.74358367919922
2021-06-23,130.32432556152344,175.1909942626953,35.752227783203125,166.13999938964844,121.12589263916016,321.26806640625,133.1825408935547,337.93804931640625,255.13011169433594,337.8488464355469,23.93000030517578,395.9925231933594,22.914241790771484,33.163475036621094,69.66643524169922
2021-06-24,130.0416717529297,172.45399475097656,36.31251525878906,166.0399932861328,121.49584197998047,328.11981201171875,134.4075164794922,340.50787353515625,256.495849609375,339.93768310546875,24.040000915527344,398.3351135253906,23.111557006835938,33.57756423950195,70.10519409179688
2021-06-25,129.74925231933594,170.072998046875,37.015106201171875,166.58999633789062,121.5042724609375,328.1374816894531,135.7647247314453,338.7119445800781,254.88967895507812,339.51995849609375,24.18000030517578,399.7499694824219,23.23331069946289,33.982444763183594,70.02323150634766
2021-06-28,131.3770294189453,172.1945037841797,36.961753845214844,166.5800018310547,121.53153991699219,328.0841064453125,136.0115203857422,352.870849609375,258.4482116699219,343.6490173339844,24.209999084472656,400.5558776855469,22.448230743408203,33.73399353027344,70.7561264038086
2021-06-29,132.88790893554688,172.40699768066406,36.36587905883789,164.8300018310547,121.27021026611328,331.563232421875,135.84402465820312,349.15008544921875,261.0257873535156,344.8926086425781,23.889999389648438,400.77142333984375,22.339073181152344,33.6143684387207,71.27201843261719
2021-06-30,133.50201416015625,172.00799560546875,36.66825866699219,165.6300048828125,121.08871459960938,337.7119445800781,137.07785034179688,345.00262451171875,260.54486083984375,344.34857177734375,24.219999313354492,401.10870361328125,22.61615753173828,33.761592864990234,71.19489288330078
2021-07-01,133.80421447753906,171.64849853515625,36.94396209716797,166.1999969482422,121.4407958984375,333.6721496582031,138.43505859375,351.6305847167969,261.21820068359375,344.48455810546875,24.110000610351562,403.3295593261719,23.010799407958984,34.0284538269043,71.31539154052734
2021-07-02,136.42633056640625,175.5489959716797,36.59711837768555,167.2899932861328,124.2307357788086,332.9336242675781,138.30213928222656,351.93817138671875,267.03692626953125,348.43878173828125,24.549999237060547,406.412353515625,22.960418701171875,33.99165344238281,72.25560760498047
2021-07-06,138.4342803955078,183.78700256347656,35.636600494384766,168.1199951171875,125.15560150146484,329.10736083984375,135.97979736328125,350.0330810546875,267.0464782714844,349.9447021484375,24.229999542236328,405.6720886230469,22.213123321533203,33.457942962646484,72.53042602539062
2021-07-07,140.9198760986328,184.82899475097656,35.35200119018555,168.75999450683594,125.43726348876953,327.15869140625,136.1393585205078,347.76092529296875,269.2298278808594,350.68304443359375,24.239999771118164,407.10577392578125,21.85207176208496,33.50395202636719,72.9258041381836
2021-07-08,139.62347412109375,186.57049560546875,34.48933410644531,168.64999389648438,124.01898956298828,319.3905334472656,133.7904052734375,342.9586486816406,266.81573486328125,348.5650329589844,24.010000228881836,403.7886657714844,21.726125717163086,32.83221435546875,72.23633575439453
2021-07-09,141.44625854492188,185.9669952392578,35.609928131103516,169.2100067138672,124.48959350585938,330.7980651855469,138.07167053222656,347.6915283203125,267.3158264160156,350.74139404296875,24.190000534057617,408.0989990234375,22.18793487548828,33.779998779296875,72.90168762207031
2021-07-12,140.8516387939453,185.92750549316406,36.1346435546875,169.0,125.93464660644531,338.57501220703125,140.0482940673828,350.4101257324219,266.71954345703125,352.1112365722656,24.280000686645508,409.56072998046875,22.154346466064453,34.11126708984375,72.95954895019531
2021-07-13,141.96286010742188,183.8679962158203,35.44984817504883,169.22000122070312,126.29766082763672,334.5530090332031,137.96527099609375,349.3485107421875,270.2395935058594,352.1112365722656,24.079999923706055,408.1646423339844,21.98641586303711,33.74319839477539,73.25851440429688
2021-07-14,145.38426208496094,184.08399963378906,34.560489654541016,171.0399932861328,127.1858139038086,333.1471252441406,137.49549865722656,344.9232482910156,271.711181640625,352.7427978515625,24.329999923706055,408.773681640625,21.331483840942383,33.586769104003906,73.79851531982422
2021-07-15,144.7311553955078,181.55999755859375,34.5338020324707,171.07000732421875,125.96390533447266,332.2127990722656,137.79690551757812,341.7779235839844,270.28778076171875,350.2652587890625,24.3799991607666,407.37750244140625,21.03340721130371,33.69719314575195,73.19099426269531
2021-07-16,142.69395446777344,178.68150329589844,33.72449493408203,169.41000366210938,125.92919158935547,324.6048583984375,134.65023803710938,338.50360107421875,270.01837158203125,347.4283447265625,23.770000457763672,404.1821594238281,20.43724250793457,33.237091064453125,72.4677505493164
2021-07-19,138.85342407226562,177.47950744628906,32.844024658203125,169.61000061035156,123.55680847167969,315.6355895996094,130.271484375,334.3263854980469,266.42138671875,344.5817565917969,23.290000915527344,398.21319580078125,19.715145111083984,32.307708740234375,71.46968078613281
2021-07-20,142.45997619628906,178.6595001220703,33.51993179321289,169.38999938964844,125.17493438720703,324.56927490234375,132.70021057128906,338.9997253417969,268.64306640625,348.5844421386719,23.139999389648438,403.919921875,19.979637145996094,33.1082649230957,72.53042602539062
2021-07-21,141.72894287109375,179.25999450683594,34.20474624633789,168.75999450683594,126.50346374511719,332.3463134765625,135.49227905273438,343.5341491699219,270.6436462402344,351.2757263183594,23.420000076293945,407.1900634765625,20.676549911499023,33.67878341674805,73.22956085205078
2021-07-22,143.09359741210938,181.90150451660156,33.76005554199219,169.08999633789062,127.36882019042969,331.6433410644531,133.7815704345703,348.45550537109375,275.202392578125,353.5977783203125,23.559999465942383,408.0428161621094,20.445646286010742,33.310707092285156,73.76956939697266
2021-07-23,144.8091278076172,182.83200073242188,33.52882766723633,168.55999755859375,131.9246368408203,332.835693359375,133.5245361328125,366.91070556640625,278.5975036621094,357.7268371582031,23.350000381469727,412.2407531738281,20.370073318481445,33.36592483520508,74.50244140625
2021-07-26,145.228271484375,184.99099731445312,33.9112548828125,168.16000366210938,132.93630981445312,334.48187255859375,134.4197540283203,369.5598449707031,278.00115966796875,358.0085754394531,23.360000610351562,413.2527160644531,20.873868942260742,33.55915832519531,74.46388244628906
2021-07-27,143.0643310546875,181.3195037841797,33.77785110473633,168.44000244140625,130.81878662109375,333.5386047363281,134.24246215820312,364.9460754394531,275.58709716796875,354.0640563964844,22.959999084472656,411.3692626953125,20.680747985839844,33.54995346069336,73.75992584228516
2021-07-28,141.31954956054688,181.51600646972656,33.9112548828125,169.2899932861328,134.9783935546875,332.9958801269531,134.4640655517578,370.3735046386719,275.2793273925781,355.4243469238281,23.170000076293945,411.2005920410156,20.869670867919922,33.50395202636719,73.66829681396484
2021-07-29,141.96286010742188,179.99600219726562,34.40040588378906,171.1699981689453,134.6644744873047,335.9500427246094,135.61636352539062,355.5299987792969,275.54864501953125,356.05584716796875,23.719999313354492,412.9060974121094,21.071186065673828,33.87202072143555,74.01063537597656
2021-07-30,142.17727661132812,166.37950134277344,34.11580276489258,169.82000732421875,133.62213134765625,333.57427978515625,134.53497314453125,353.5257263183594,274.0194091796875,354.2001037597656,23.6299991607666,410.9007568359375,20.735328674316406,33.605159759521484,73.96240997314453
2021-08-02,141.8459014892578,166.57400512695312,33.76005554199219,169.61000061035156,133.74905395507812,336.5196228027344,133.99432373046875,349.2095642089844,273.932861328125,354.2292175292969,23.530000686645508,410.0386962890625,20.579992294311523,33.6143684387207,73.69725799560547
2021-08-03,143.63941955566406,168.31199645996094,34.28478240966797,169.49000549316406,134.5181884765625,338.450439453125,135.51889038085938,348.50506591796875,276.14495849609375,356.3763427734375,23.68000030517578,413.3745422363281,20.932645797729492,33.99165344238281,74.16976928710938
2021-08-04,143.23977661132812,167.73599243164062,34.03577423095703,169.52999877929688,134.0178680419922,336.22589111328125,134.05633544921875,356.1253662109375,275.5583190917969,356.89129638671875,23.540000915527344,411.3411865234375,20.365877151489258,33.706390380859375,74.31922149658203
2021-08-05,143.34703063964844,168.79949951171875,34.702781677246094,168.86000061035156,135.13461303710938,341.9563293457031,135.7493438720703,360.1437683105469,278.45318603515625,359.155029296875,23.299999237060547,413.9461975097656,20.596784591674805,34.1480827331543,74.72905731201172
2021-08-06,142.66368103027344,167.2469940185547,35.7077522277832,164.63999938964844,134.6258087158203,354.0489807128906,139.60507202148438,360.6795654296875,278.3955078125,357.58111572265625,22.520000457763672,414.63018798828125,20.78570556640625,34.83821487426758,74.66637420654297
2021-08-09,142.6148681640625,167.093505859375,36.17021942138672,161.72000122070312,135.7906951904297,355.81964111328125,139.45445251464844,358.7943420410156,277.3085632324219,358.2418212890625,21.75,414.29290771484375,20.491825103759766,34.93022918701172,74.42530059814453
2021-08-10,142.13648986816406,166.03399658203125,36.84613037109375,161.77000427246094,135.68556213378906,363.0182800292969,141.16513061523438,358.3181457519531,275.49090576171875,356.4056396484375,21.6200008392334,414.8081970214844,20.85287857055664,35.298316955566406,73.89012908935547
2021-08-11,142.3903350830078,164.60549926757812,37.30860900878906,164.0,135.1619110107422,368.2860107421875,142.8492431640625,357.1572265625,275.9814758300781,355.79345703125,21.84000015258789,415.83892822265625,21.016611099243164,35.703189849853516,73.89974212646484
2021-08-12,145.34823608398438,165.1750030517578,37.48646926879883,164.0399932861328,136.0693817138672,369.27362060546875,143.40768432617188,359.82623291015625,278.73211669921875,357.0758972167969,21.5,417.08526611328125,20.995620727539062,35.76761245727539,74.32405090332031
2021-08-13,145.5532989501953,164.69850158691406,37.02400588989258,166.38999938964844,136.5985107421875,365.5186462402344,141.80331420898438,360.3521728515625,281.65594482421875,358.3292541503906,21.969999313354492,417.84429931640625,20.7479190826416,35.500755310058594,74.72905731201172
2021-08-16,147.52517700195312,164.94949340820312,36.721622467041016,167.22000122070312,137.17575073242188,363.35638427734375,140.8726043701172,363.7058410644531,283.3389892578125,358.48468017578125,22.100000381469727,418.82818603515625,20.365877151489258,35.40873336791992,75.06658172607422
2021-08-17,146.6173095703125,162.09800720214844,36.54375076293945,166.97000122070312,135.541259765625,360.3488464355469,139.17076110839844,355.6589660644531,281.8771057128906,355.3271484375,21.899999618530273,416.0826110839844,20.155969619750977,35.1602783203125,74.444580078125
2021-08-18,142.87844848632812,160.06100463867188,36.276947021484375,167.10000610351562,134.33871459960938,354.858642578125,137.9032440185547,352.6824035644531,280.15228271484375,351.90728759765625,21.760000228881836,411.528564453125,19.736135482788086,34.7277946472168,73.41759490966797
2021-08-19,143.2103271484375,159.3874969482422,35.74333953857422,166.61000061035156,134.56777954101562,350.20489501953125,136.7509765625,352.3548889160156,285.9725036621094,353.6074523925781,21.510000228881836,412.16571044921875,19.223947525024414,34.47014236450195,74.13601684570312
2021-08-20,144.66488647460938,159.99749755859375,35.903419494628906,166.6999969482422,136.30296325683594,352.2514953613281,137.14097595214844,356.5718078613281,293.286376953125,357.2702941894531,21.350000381469727,415.4454345703125,19.265928268432617,34.68178176879883,75.09068298339844
2021-08-23,146.14877319335938,163.2935028076172,36.383670806884766,168.72999572753906,138.8935546875,357.2167053222656,138.89599609375,360.5208435058594,293.5657653808594,362.61376953125,21.8799991607666,419.09991455078125,19.988035202026367,34.967044830322266,76.05980682373047
2021-08-24,146.06089782714844,165.28900146484375,36.890602111816406,168.64999389648438,140.10357666015625,363.5433044433594,139.7557830810547,362.6640319824219,291.6096496582031,363.7213134765625,22.079999923706055,419.7651672363281,20.3196964263916,35.17868423461914,75.97303771972656
2021-08-25,144.8308563232422,164.95899963378906,37.48646926879883,167.47999572753906,140.91433715820312,367.60089111328125,142.63648986816406,365.5215759277344,291.0218505859375,364.1390686035156,22.09000015258789,420.64599609375,20.475032806396484,35.5927734375,75.92963409423828
2021-08-26,144.03036499023438,165.8000030517578,37.388648986816406,167.6699981689453,140.2810516357422,366.96905517578125,143.37222290039062,361.54278564453125,288.2080993652344,361.8268127441406,21.850000381469727,418.1628723144531,20.16436004638672,35.41793441772461,75.45228576660156
2021-08-27,145.06515502929688,167.48150634765625,37.788856506347656,170.19000244140625,142.8235626220703,373.4468688964844,144.5244903564453,369.72857666015625,288.8151550292969,365.3438720703125,22.329999923706055,421.9016418457031,20.701740264892578,35.887229919433594,76.18033599853516
2021-08-30,149.4776611328125,171.07850646972656,37.050682067871094,169.35000610351562,143.4052276611328,368.0279541015625,142.21104431152344,377.6960144042969,292.5443420410156,369.44390869140625,22.260000228881836,423.7569580078125,20.458240509033203,35.381134033203125,76.99998474121094
2021-08-31,148.21832275390625,173.5395050048828,37.1307258605957,169.69000244140625,143.51136779785156,369.73583984375,141.77670288085938,376.4259948730469,290.8966064453125,369.14263916015625,22.139999389648438,423.12908935546875,20.3196964263916,35.33511734008789,76.59498596191406
2021-09-01,148.88211059570312,173.9499969482422,36.632686614990234,169.6999969482422,144.02513122558594,369.8699035644531,141.57286071777344,379.0751647949219,290.8482971191406,369.7546691894531,22.3700008392334,423.35400390625,20.02161979675293,35.132686614990234,76.61427307128906
2021-09-02,149.99502563476562,173.156005859375,36.668453216552734,169.25,142.11244201660156,370.6209411621094,142.22882080078125,372.35791015625,290.1930847167969,369.579833984375,22.139999389648438,424.6565246582031,20.529613494873047,35.25230407714844,76.53230285644531
2021-09-03,150.62957763671875,173.90249633789062,36.69525909423828,171.05999755859375,142.56121826171875,367.76861572265625,141.36898803710938,373.3303527832031,290.1835632324219,370.716552734375,22.8799991607666,424.5533752441406,20.41205596923828,35.03145980834961,76.83607482910156
2021-09-07,152.9627227783203,175.46449279785156,36.93661880493164,167.7100067138672,143.09779357910156,366.8834228515625,141.120849609375,379.2041931152344,289.2583923339844,371.24127197265625,22.510000228881836,423.0354309082031,20.29030990600586,34.819820404052734,76.8553466796875
2021-09-08,151.42031860351562,176.27499389648438,36.45389938354492,167.2899932861328,142.5131378173828,362.12664794921875,140.4915008544922,374.6301574707031,289.28729248046875,369.94903564453125,22.170000076293945,422.5201110839844,20.03001594543457,34.737003326416016,76.56124877929688
2021-09-09,150.40501403808594,174.20799255371094,36.587989807128906,168.02999877929688,142.36436462402344,361.7510681152344,141.10308837890625,375.0567321777344,286.4350280761719,368.6763000488281,22.270000457763672,420.7115173339844,20.071998596191406,34.83821487426758,76.27195739746094
2021-09-10,145.42633056640625,173.45750427246094,35.99801254272461,167.17999267578125,139.72122192382812,360.76751708984375,139.4810333251953,375.74139404296875,284.9510192871094,365.87823486328125,21.989999771118164,417.3945007324219,20.063602447509766,34.580570220947266,75.51978302001953
2021-09-13,145.9925537109375,172.85850524902344,36.596927642822266,167.74000549316406,141.165771484375,365.9356689453125,141.6969451904297,373.578369140625,286.18450927734375,365.6256103515625,21.989999771118164,418.4626770019531,20.638769149780273,34.97623825073242,75.54390716552734
2021-09-14,144.59657287597656,172.5,35.613624572753906,168.82000732421875,141.37600708007812,360.9552917480469,139.22393798828125,373.5982360839844,288.8825988769531,364.5860595703125,22.100000381469727,416.2044677734375,20.34068489074707,34.506954193115234,75.44746398925781
2021-09-15,145.48492431640625,173.7895050048828,35.88180160522461,167.8300018310547,143.24559020996094,359.39947509765625,140.19015502929688,371.0085754394531,293.72955322265625,367.296630859375,22.06999969482422,419.68084716796875,21.100584030151367,34.83821487426758,76.1080093383789
2021-09-16,145.25062561035156,174.41200256347656,36.158912658691406,164.02999877929688,142.4327850341797,354.68731689453125,140.1280517578125,370.1552429199219,294.114990234375,367.5492858886719,21.25,419.0155334472656,20.86127471923828,34.737003326416016,76.15142059326172
2021-09-17,142.58554077148438,173.12600708007812,36.20361328125,163.77000427246094,139.64581298828125,350.01995849609375,139.76463317871094,361.8801574707031,288.959716796875,363.1966552734375,20.739999771118164,414.933837890625,20.70594024658203,34.580570220947266,74.96531677246094
2021-09-20,139.53977966308594,167.7864990234375,34.96106719970703,164.94000244140625,137.5823974609375,338.1011962890625,135.5809326171875,352.930419921875,283.59234619140625,355.6918640136719,20.59000015258789,408.0152282714844,20.073646545410156,33.77838134765625,73.59986877441406
2021-09-21,140.0181427001953,167.18150329589844,34.97895050048828,166.0399932861328,137.893310546875,336.05352783203125,135.5986328125,354.69659423828125,284.07415771484375,356.1295166015625,20.84000015258789,407.6297607421875,20.120386123657227,33.732181549072266,73.62884521484375
2021-09-22,142.38058471679688,169.00250244140625,35.88180160522461,165.4199981689453,139.13356018066406,344.6640319824219,138.19578552246094,340.53759765625,287.7166442871094,359.4559326171875,20.989999771118164,411.6060791015625,20.74078369140625,34.29592514038086,74.63832092285156
2021-09-23,143.33724975585938,170.8000030517578,37.267372131347656,163.50999450683594,140.05841064453125,350.3776550292969,142.86697387695312,343.2662353515625,288.6610107421875,362.77264404296875,20.90999984741211,416.6071472167969,21.46741485595703,35.13690948486328,75.63813781738281
2021-09-24,143.4251251220703,171.2760009765625,37.66963577270508,163.3000030517578,141.04922485351562,349.47454833984375,144.51564025878906,350.21173095703125,288.45855712890625,363.1130676269531,20.709999084472656,417.29339599609375,21.628889083862305,35.32175064086914,75.69126892089844
2021-09-27,141.91201782226562,170.2899932861328,38.67082214355469,163.63999938964844,139.9156036376953,357.48602294921875,148.0079803466797,350.8268737792969,283.4671630859375,360.214599609375,20.940000534057617,416.0995178222656,22.398006439208984,35.80232238769531,74.95709228515625
2021-09-28,138.5343017578125,165.79800415039062,38.581424713134766,162.0500030517578,134.71656799316406,348.2673645019531,147.21023559570312,337.99755859375,273.20452880859375,350.02142333984375,20.780000686645508,407.7143859863281,22.47449493408203,35.21084976196289,72.73526763916016
2021-09-29,139.43240356445312,165.05599975585938,38.5009765625,161.32000732421875,133.25216674804688,344.1455078125,147.0950164794922,336.96563720703125,273.6671447753906,349.4476013183594,19.950000762939453,408.4006042480469,22.47449493408203,35.23857498168945,72.6435317993164
2021-09-30,138.13404846191406,164.2519989013672,37.946746826171875,164.22000122070312,132.58023071289062,338.0118103027344,145.09181213378906,336.7473449707031,271.6627502441406,348.1636962890625,20.520000457763672,403.4090881347656,22.134553909301758,34.68407440185547,72.12189483642578
2021-10-01,139.25672912597656,164.16299438476562,38.509918212890625,164.58999633789062,135.42372131347656,339.7731018066406,148.1409149169922,340.33917236328125,278.58154296875,350.3229675292969,20.829999923706055,408.2032165527344,22.878173828125,35.25705337524414,73.2086181640625
2021-10-04,135.83016967773438,159.48899841308594,38.742340087890625,165.36000061035156,132.56385803222656,334.5423889160156,147.9813995361328,323.6898193359375,272.80950927734375,342.9698791503906,20.979999542236328,402.93902587890625,23.25211524963379,34.952083587646484,71.51329803466797
2021-10-05,137.7532958984375,161.0500030517578,39.52898406982422,164.58999633789062,134.90798950195312,344.96807861328125,150.3979949951172,330.367431640625,278.25390625,347.5995788574219,20.920000076293945,407.1315612792969,23.388093948364258,35.63596725463867,72.53242492675781
2021-10-06,138.62217712402344,163.10049438476562,39.546852111816406,165.02999877929688,136.43736267089844,346.970947265625,150.718994140625,331.0422058105469,282.4456787109375,349.8269348144531,20.959999084472656,408.8236083984375,23.141632080078125,35.672935485839844,73.00576782226562
2021-10-07,139.8814697265625,165.1215057373047,39.43958282470703,164.16000366210938,138.08375549316406,349.2688903808594,151.67312622070312,326.6565856933594,284.12237548828125,353.0365905761719,20.899999618530273,412.3581237792969,23.32010269165039,35.88549041748047,73.67230224609375
2021-10-08,139.50076293945312,164.43099975585938,39.63624572753906,164.22999572753906,138.63966369628906,351.22705078125,151.78903198242188,327.4800720214844,284.12237548828125,351.276123046875,20.950000762939453,411.6060791015625,24.038232803344727,36.06108474731445,73.39702606201172
2021-10-11,139.41285705566406,162.31500244140625,39.135658264160156,163.9199981689453,137.7752685546875,344.4584655761719,148.59669494628906,322.91595458984375,283.52490234375,348.58203125,20.8799991607666,408.62628173828125,23.948997497558594,35.70066452026367,72.99126434326172
2021-10-12,138.143798828125,162.3665008544922,38.92111587524414,164.66000366210938,135.33050537109375,345.61187744140625,147.45529174804688,321.2489929199219,282.2239990234375,347.36614990234375,20.93000030517578,407.620361328125,23.970243453979492,35.589759826660156,72.61453247070312
2021-10-13,137.55812072753906,164.21400451660156,38.56354522705078,167.58999633789062,136.45419311523438,345.4151306152344,143.56735229492188,322.01300048828125,285.5291748046875,350.1479187011719,21.329999923706055,409.0868835449219,23.948997497558594,35.386436462402344,73.05889892578125
2021-10-14,140.3402862548828,164.9929962158203,40.2888069152832,168.0,139.9939422607422,349.7875061035156,145.7698974609375,325.971923828125,291.73492431640625,356.596435546875,21.799999237060547,415.9679260253906,24.242198944091797,35.977909088134766,74.70594024658203
2021-10-15,141.39459228515625,170.4510040283203,41.45089340209961,165.3300018310547,140.2091827392578,363.08331298828125,148.56993103027344,322.2312927246094,293.1418151855469,358.84320068359375,21.579999923706055,419.1358642578125,24.36117935180664,36.51392364501953,75.30486297607422
2021-10-18,143.06393432617188,172.33700561523438,41.37044906616211,164.9199981689453,141.60763549804688,369.89666748046875,148.51641845703125,332.7288818359375,296.1097106933594,362.45172119140625,21.489999771118164,420.3767395019531,24.378173828125,36.52315902709961,75.94243621826172
2021-10-19,145.22134399414062,172.20750427246094,41.549232482910156,165.4499969482422,142.06285095214844,368.52862548828125,150.31768798828125,337.3427429199219,297.01556396484375,365.19451904296875,21.889999389648438,423.61981201171875,24.65438461303711,36.88359451293945,76.69591522216797
2021-10-20,145.70945739746094,170.7530059814453,42.094520568847656,166.89999389648438,140.6068878173828,364.7107238769531,152.3419189453125,338.1266174316406,296.225341796875,364.7179260253906,22.530000686645508,425.28369140625,24.854097366333008,37.179325103759766,76.4833984375
2021-10-21,145.9241943359375,171.75050354003906,41.86210632324219,166.75,140.72293090820312,364.4424133300781,151.14698791503906,339.21795654296875,299.4534606933594,366.9451599121094,22.350000381469727,426.3929748535156,24.395174026489258,37.022220611572266,76.77802276611328
2021-10-22,145.1530303955078,166.77749633789062,42.52359390258789,167.77000427246094,136.43885803222656,370.4599914550781,153.18016052246094,322.0824279785156,297.9117126464844,363.8619689941406,22.540000915527344,425.9512634277344,24.6246337890625,37.53974914550781,76.51237487792969
2021-10-25,145.1041717529297,166.01849365234375,42.46996307373047,168.92999267578125,136.3203125,370.84454345703125,152.4311065673828,326.1307067871094,296.9192199707031,367.5872497558594,22.739999771118164,428.2355041503906,24.985824584960938,37.49354934692383,76.76353454589844
2021-10-26,145.76803588867188,168.80349731445312,42.872230529785156,167.67999267578125,138.16656494140625,373.4017333984375,152.84130859375,313.35101318359375,298.8271179199219,368.74462890625,22.3700008392334,428.620849609375,25.13030433654785,37.521270751953125,76.98088073730469
2021-10-27,145.30923461914062,169.62449645996094,42.04981994628906,168.1199951171875,145.0189208984375,367.48248291015625,149.65782165527344,309.7889709472656,311.41192626953125,369.6005859375,22.290000915527344,426.7220153808594,24.407922744750977,36.90208435058594,76.91324615478516
2021-10-28,148.94073486328125,172.32850646972656,42.71131896972656,168.0800018310547,144.65342712402344,370.9070739746094,151.9138946533203,314.4523620605469,312.549072265625,373.7051086425781,22.270000457763672,430.8393859863281,24.582143783569336,37.35491180419922,77.68605041503906
2021-10-29,146.2366180419922,168.6215057373047,42.71131896972656,166.64999389648438,146.8324432373047,369.5927429199219,151.4947967529297,321.050537109375,319.5545349121094,375.5433349609375,22.09000015258789,431.71356201171875,24.420669555664062,37.207054138183594,78.01934814453125
2021-11-01,145.4165802001953,165.90550231933594,42.77389907836914,167.52000427246094,142.32070922851562,372.5880126953125,151.41452026367188,327.4106750488281,317.3863830566406,376.8271789550781,22.229999542236328,432.456298828125,24.841350555419922,37.22554397583008,77.90342712402344
2021-11-02,146.4513702392578,165.6374969482422,42.80071258544922,167.16000366210938,144.24032592773438,378.981201171875,152.01199340820312,325.5254821777344,321.0096130371094,378.4028625488281,21.799999237060547,434.20477294921875,24.607637405395508,37.31795120239258,78.58927917480469
2021-11-03,147.8864288330078,169.1999969482422,43.23872375488281,165.77000427246094,145.39630126953125,373.66094970703125,152.06549072265625,329.0378723144531,321.8479309082031,382.4198913574219,21.809999465942383,436.855712890625,24.403669357299805,37.45657730102539,79.04813385009766
2021-11-04,147.3690185546875,173.85000610351562,42.309059143066406,167.64999389648438,147.0521240234375,364.87158203125,150.06805419921875,333.23492431640625,324.1990966796875,387.3219909667969,22.0,438.9142761230469,24.437665939331055,36.96676254272461,80.28460693359375
2021-11-05,147.89694213867188,175.94949340820312,41.987247467041016,169.83999633789062,147.63185119628906,363.9864807128906,149.85400390625,338.4738464355469,323.8330078125,387.69140625,22.350000381469727,440.4372253417969,24.75636100769043,36.98525619506836,80.69999694824219
2021-11-08,147.0757293701172,174.44900512695312,42.31800079345703,170.4499969482422,147.80935668945312,365.11297607421875,150.754638671875,335.9833984375,324.7291259765625,387.16619873046875,22.649999618530273,440.81317138671875,24.981582641601562,37.188560485839844,81.13471221923828
2021-11-09,147.43746948242188,178.81149291992188,41.90679931640625,171.2899932861328,147.69778442382812,362.4395446777344,149.61328125,332.7586364746094,323.7269592285156,384.5011901855469,22.530000686645508,439.3561706542969,25.083559036254883,36.98525619506836,80.8014144897461
2021-11-10,144.61207580566406,174.1024932861328,42.219661712646484,173.14999389648438,144.69757080078125,356.8691101074219,149.47059631347656,325.0888671875,318.76434326171875,378.8503112792969,22.8700008392334,435.821533203125,24.420669555664062,36.92056655883789,79.46834564208984
2021-11-11,144.56320190429688,173.625,42.45208740234375,174.1199951171875,144.5716094970703,359.7481994628906,149.461669921875,325.18804931640625,320.3350830078125,379.9007263183594,23.350000381469727,435.96258544921875,24.51415252685547,37.022220611572266,79.84024810791016
2021-11-12,146.6357879638672,176.25750732421875,41.93361282348633,174.4499969482422,147.45925903320312,362.046142578125,148.7928466796875,338.2357482910156,324.4689025878906,383.898193359375,23.420000076293945,439.252685546875,24.454662322998047,37.10539627075195,80.81106567382812
2021-11-15,146.6455841064453,177.28399658203125,42.05875778198242,174.17999267578125,147.23509216308594,361.956787109375,148.52532958984375,344.8537902832031,323.8424987792969,383.8106994628906,23.239999771118164,439.4031066894531,24.658626556396484,37.10539627075195,80.7289810180664
2021-11-16,147.62318420410156,177.03500366210938,42.085575103759766,172.9199981689453,146.66383361816406,360.4188232421875,147.45529174804688,340.28961181640625,327.1573486328125,386.5439453125,22.959999084472656,441.1422119140625,24.696870803833008,37.06843185424805,81.57906341552734
2021-11-17,150.0575714111328,177.4499969482422,41.57604217529297,174.5,146.83343505859375,350.1004333496094,146.66165161132812,338.1166076660156,327.37945556640625,386.748046875,23.170000076293945,440.0705871582031,24.31868553161621,36.64331817626953,81.33273315429688
2021-11-18,154.3395538330078,184.80299377441406,41.40620803833008,173.94000244140625,148.6102294921875,349.9394836425781,145.3953857421875,336.0528564453125,329.4550476074219,390.75531005859375,22.959999084472656,441.5652160644531,24.174209594726562,36.4584846496582,82.14418029785156
2021-11-19,156.95965576171875,183.82850646972656,40.583797454833984,172.61000061035156,147.70570373535156,346.38079833984375,143.4960479736328,342.6114196777344,331.23138427734375,392.9339599609375,22.75,440.7756042480469,23.23086929321289,36.06108474731445,82.74308013916016
2021-11-22,157.4191131591797,178.6284942626953,41.37044906616211,168.74000549316406,145.1027374267578,354.2224426269531,146.55465698242188,338.35479736328125,328.0649108886719,388.3723449707031,22.34000015258789,439.53472900390625,23.64304542541504,36.56938171386719,81.82056427001953
2021-11-23,157.80039978027344,179.0019989013672,42.46102523803711,167.27999877929688,144.5869598388672,363.32470703125,150.05908203125,334.6240539550781,325.98931884765625,386.6021423339844,21.920000076293945,440.1175231933594,24.369674682617188,37.142364501953125,81.63217163085938
2021-11-24,158.31854248046875,179.02049255371094,42.57723617553711,167.1199951171875,144.92221069335938,356.931640625,148.88204956054688,338.4043884277344,326.21142578125,387.8471984863281,21.790000915527344,441.2925720214844,24.607637405395508,37.05918884277344,82.22628021240234
2021-11-26,153.30328369140625,175.22799682617188,40.905609130859375,166.85000610351562,141.01747131347656,348.1690979003906,144.3966827392578,330.5262145996094,318.2662353515625,380.4940490722656,21.3700008392334,431.45050048828125,23.6175537109375,35.830039978027344,80.17353820800781
2021-11-29,156.65658569335938,178.07850646972656,40.753639221191406,166.6199951171875,144.33755493164062,345.62078857421875,143.77244567871094,335.39794921875,324.97576904296875,388.7516174316406,21.15999984741211,436.74285888671875,23.753530502319336,35.94094467163086,82.17798614501953
2021-11-30,161.6034393310547,175.35350036621094,39.75245666503906,165.5,140.73431396484375,340.6583251953125,141.63229370117188,321.9336242675781,319.144775390625,383.0423278808594,21.059999465942383,428.2449035644531,23.196876525878906,35.081459045410156,81.49212646484375
2021-12-01,161.0852813720703,172.18600463867188,39.18928527832031,166.16000366210938,139.89527893066406,338.4022216796875,140.7941436767578,308.1815490722656,318.6524658203125,376.525634765625,20.56999969482422,423.4882507324219,22.950416564941406,34.69330978393555,80.37638854980469
2021-12-02,160.09786987304688,171.8679962158203,40.321041107177734,165.24000549316406,141.7940673828125,348.343505859375,143.75462341308594,307.97320556640625,318.0828552246094,379.23931884765625,20.690000534057617,429.9744873046875,23.6175537109375,35.728389739990234,81.11536407470703
2021-12-03,158.22076416015625,169.489501953125,39.40486145019531,166.6300048828125,140.8374786376953,344.0200500488281,141.15077209472656,304.4508361816406,311.8272399902344,372.6449279785156,20.850000381469727,426.2331848144531,23.43058204650879,35.14616012573242,79.75814819335938
2021-12-06,161.62298583984375,171.36849975585938,39.65635681152344,166.22000122070312,141.98150634765625,349.9255676269531,142.81834411621094,315.3949279785156,314.89715576171875,375.6308898925781,20.709999084472656,431.28118896484375,23.77902603149414,35.682167053222656,80.51647186279297
2021-12-07,167.35189819335938,176.1645050048828,40.15936279296875,166.80999755859375,146.0623016357422,359.6422119140625,144.96737670898438,320.29644775390625,323.324951171875,386.9425964355469,20.809999465942383,440.2022399902344,24.335676193237305,36.31985092163086,83.3275375366211
2021-12-08,171.16470336914062,176.1580047607422,39.66533660888672,166.89999389648438,146.97177124023438,357.1343994140625,143.3087615966797,327.986083984375,323.3731994628906,388.673828125,20.760000228881836,441.36785888671875,24.3314266204834,36.12577819824219,83.70911407470703
2021-12-09,170.65634155273438,174.17100524902344,39.96175765991211,165.8800048828125,146.42828369140625,356.38836669921875,143.08584594726562,327.2518615722656,321.56793212890625,382.9548034667969,20.299999237060547,438.38787841796875,24.14447021484375,36.05182647705078,82.8058853149414
2021-12-10,175.4369659423828,172.21200561523438,39.988704681396484,166.5800018310547,146.7882843017578,351.5075988769531,142.51510620117188,327.1824951171875,330.6810607910156,387.1175842285156,20.5,442.51470947265625,24.322933197021484,36.088809967041016,84.4674301147461
2021-12-13,171.80992126464844,169.5675048828125,39.14438247680664,167.0,144.63111877441406,345.7369079589844,140.82089233398438,331.8855285644531,327.6497497558594,381.5250244140625,20.610000610351562,438.59466552734375,23.64729881286621,35.70066452026367,83.21159362792969
2021-12-14,170.4314422607422,169.0915069580078,39.63840103149414,165.44000244140625,142.7273712158203,349.49407958984375,141.89987182617188,331.141357421875,316.9727478027344,377.57611083984375,20.309999465942383,435.5771484375,23.549564361572266,35.91322326660156,81.8447036743164
2021-12-15,175.29031372070312,173.31500244140625,39.467735290527344,166.14999389648438,145.24058532714844,350.473876953125,140.83872985839844,338.9997253417969,323.06427001953125,386.1839599609375,20.40999984741211,442.383056640625,23.434833526611328,36.01487731933594,84.01341247558594
2021-12-16,168.40777587890625,168.87100219726562,40.41984176635742,168.16000366210938,143.26097106933594,357.17938232421875,143.04122924804688,332.2923889160156,313.65179443359375,376.2533264160156,20.790000915527344,438.48187255859375,23.58356475830078,36.46772384643555,81.63217163085938
2021-12-17,167.31280517578125,170.0175018310547,39.41383743286133,167.8000030517578,140.56324768066406,343.18408203125,139.78643798828125,331.19097900390625,312.58984375,374.37615966796875,20.68000030517578,433.8152160644531,23.103389739990234,35.663692474365234,81.08638000488281
2021-12-20,165.9539031982422,167.07899475097656,38.767127990722656,167.08999633789062,140.4462127685547,334.0248107910156,137.2717742919922,322.91595458984375,308.83453369140625,370.7445983886719,20.56999969482422,429.2022705078125,22.817150115966797,34.9709587097168,80.1219711303711
2021-12-21,169.12142944335938,170.41700744628906,39.692298889160156,167.02000427246094,142.2964324951172,341.853759765625,139.18902587890625,331.5977783203125,315.9591064453125,379.04193115234375,20.770000457763672,436.824462890625,23.467105865478516,35.69526290893555,82.14955139160156
2021-12-22,171.7122039794922,171.03700256347656,39.77313232421875,168.58999633789062,145.21478271484375,343.6604919433594,139.7329864501953,327.87701416015625,321.6643981933594,383.658203125,21.100000381469727,441.192138671875,23.61775016784668,35.86240005493164,83.22384643554688
2021-12-23,172.33786010742188,171.06849670410156,39.89887237548828,168.97000122070312,145.71221923828125,346.0964050292969,140.23233032226562,332.6296691894531,323.1028747558594,386.5505676269531,21.15999984741211,443.937255859375,23.630666732788086,36.048126220703125,83.68841552734375
2021-12-27,176.29733276367188,169.66949462890625,40.096492767333984,169.3699951171875,146.69407653808594,348.7930603027344,141.0348663330078,343.4844665527344,330.5942077636719,392.939208984375,21.329999923706055,450.21990966796875,24.147186279296875,36.41957092285156,85.48373413085938
2021-12-28,175.28053283691406,170.66099548339844,40.1503791809082,168.63999938964844,145.48458862304688,348.406494140625,141.46290588378906,343.5242004394531,329.4356689453125,391.1180114746094,21.270000457763672,449.85198974609375,24.12996482849121,36.43814468383789,85.03852844238281
2021-12-29,175.36856079101562,169.2010040283203,40.0875129699707,168.58999633789062,145.45281982421875,347.13909912109375,141.3915557861328,340.26971435546875,330.11151123046875,391.0595703125,21.110000610351562,450.427490234375,23.97500991821289,36.391719818115234,85.11111450195312
2021-12-30,174.2149200439453,168.64450073242188,39.997684478759766,169.8000030517578,145.00205993652344,346.5278625488281,141.32020568847656,341.6786804199219,327.5726318359375,389.8909912109375,21.34000015258789,449.18231201171875,23.828670501708984,36.32670593261719,84.54978942871094
2021-12-31,173.59906005859375,166.7169952392578,39.96175765991211,170.9600067138672,143.6646270751953,343.8583068847656,141.20431518554688,333.7310485839844,324.6764831542969,387.4563293457031,21.510000228881836,448.05023193359375,23.88892936706543,36.26170349121094,84.13846588134766
2022-01-03,177.93971252441406,170.4044952392578,41.4797477722168,168.3300018310547,143.802978515625,355.345703125,144.19161987304688,335.90399169921875,323.16082763671875,391.1861877441406,21.18000030517578,450.6443786621094,24.62926483154297,36.707427978515625,84.93692779541016
2022-01-04,175.68138122558594,167.52200317382812,43.10552215576172,169.57000732421875,143.21580505371094,366.2668151855469,149.65782165527344,333.90966796875,317.6195068359375,386.1123046875,21.31999969482422,450.49346923828125,25.481521606445312,37.67317581176758,84.0368423461914
2022-01-05,171.00830078125,164.35699462890625,42.37796401977539,169.05999755859375,136.6456298828125,358.31195068359375,146.92181396484375,321.6459045410156,305.4267272949219,374.2505187988281,21.0,441.843017578125,25.477214813232422,37.236732482910156,81.4527359008789
2022-01-06,168.153564453125,163.25399780273438,43.23127365112305,166.99000549316406,136.61834716796875,356.7838439941406,148.48269653320312,329.8713684082031,303.0133361816406,373.9875793457031,20.510000228881836,441.4279479980469,26.04538345336914,37.784610748291016,81.04139709472656
2022-01-07,168.31973266601562,162.5540008544922,44.17440414428711,167.75,135.8938446044922,357.3052062988281,149.95387268066406,329.20654296875,303.1678161621094,369.9362487792969,20.6200008392334,439.68280029296875,26.402645111083984,38.230323791503906,80.29615783691406
2022-01-10,168.33934020996094,161.48599243164062,43.94984436035156,168.25999450683594,137.5327911376953,358.79730224609375,150.09739685058594,325.51556396484375,303.389892578125,370.1796875,20.760000228881836,439.1357116699219,26.320859909057617,38.10032653808594,80.3106918334961
2022-01-11,171.16470336914062,165.36199951171875,44.20135498046875,170.2899932861328,138.59056091308594,362.2848205566406,150.24989318847656,331.7664794921875,304.0751647949219,375.7406005859375,21.049999237060547,443.135498046875,27.216156005859375,38.43462371826172,81.273681640625
2022-01-12,171.6046600341797,165.20700073242188,43.8869743347168,170.74000549316406,140.27114868164062,350.8333740234375,151.1021270751953,330.6651611328125,307.2513732910156,377.23065185546875,21.450000762939453,444.3334655761719,27.267810821533203,38.46248245239258,81.65596771240234
2022-01-13,168.33934020996094,161.21400451660156,43.79715347290039,170.16000366210938,137.4509735107422,351.27386474609375,150.91372680664062,323.9379577636719,294.2476501464844,367.7937316894531,21.329999923706055,438.2112121582031,27.13007354736328,38.31390380859375,79.54127502441406
2022-01-14,169.1996307373047,162.13800048828125,43.033668518066406,169.6699981689453,138.337158203125,342.4111328125,141.63804626464844,329.3157043457031,299.4607849121094,370.08233642578125,21.200000762939453,438.39044189453125,27.76711082458496,37.91461944580078,80.21391296386719
2022-01-18,166.00277709960938,158.91749572753906,41.55160903930664,169.38999938964844,134.88320922851562,318.5553894042969,135.69947814941406,315.6728210449219,292.17205810546875,360.8695068359375,21.690000534057617,430.6266784667969,27.879026412963867,37.0695915222168,78.28792572021484
2022-01-19,162.51260375976562,156.2989959716797,41.71329116821289,172.0800018310547,134.0089111328125,312.19146728515625,133.60032653808594,317.1015319824219,292.82855224609375,356.9058532714844,22.3700008392334,426.1552429199219,27.676721572875977,36.44741439819336,77.19427490234375
2022-01-20,160.83106994628906,151.66749572753906,41.09351348876953,171.64999389648438,132.21475219726562,312.8926086425781,132.46107482910156,314.0951843261719,291.1584777832031,352.2701416015625,22.6200008392334,421.43853759765625,27.422765731811523,36.215274810791016,76.19740295410156
2022-01-21,158.7779998779297,142.64300537109375,40.347991943359375,171.08999633789062,129.28297424316406,309.1263122558594,130.14662170410156,300.8094177246094,285.7813415527344,342.5022277832031,22.3799991607666,413.1654052734375,26.88042449951172,35.47240447998047,74.6827392578125
2022-01-24,158.00572204589844,144.54400634765625,40.01564407348633,172.02999877929688,129.7317657470703,308.65899658203125,130.0299835205078,306.3062438964844,286.1095275878906,344.07012939453125,22.110000610351562,414.9200744628906,27.061201095581055,35.574554443359375,75.06986236572266
2022-01-25,156.2068634033203,139.98599243164062,40.80609130859375,172.5800018310547,125.89447021484375,307.0050354003906,131.44735717773438,297.81292724609375,278.5022888183594,336.0940246582031,22.020000457763672,409.854248046875,28.111454010009766,35.723121643066406,73.3326187133789
2022-01-26,156.11883544921875,138.87249755859375,41.228248596191406,169.7899932861328,128.17364501953125,308.0207824707031,132.69427490234375,292.33587646484375,286.437744140625,335.5682067871094,21.719999313354492,408.8260803222656,28.06410789489746,35.815982818603516,73.76329803466797
2022-01-27,155.65936279296875,139.6374969482422,40.842010498046875,167.60000610351562,127.9475326538086,306.53759765625,130.35293579101562,292.3458251953125,289.45941162109375,332.1888122558594,21.020000457763672,406.80731201171875,28.369718551635742,35.490970611572266,73.25519561767578
2022-01-28,166.52088928222656,143.97799682617188,41.2013053894043,167.10000610351562,132.25790405273438,311.91278076171875,131.51913452148438,299.3607482910156,297.5879211425781,342.60931396484375,20.709999084472656,416.91046142578125,28.249195098876953,35.95527648925781,76.45870971679688
2022-01-31,170.87136840820312,149.57350158691406,41.443817138671875,168.08999633789062,134.1943817138672,318.8070373535156,133.30430603027344,310.8208312988281,300.2136535644531,353.5654602050781,20.799999237060547,424.4194641113281,28.37401580810547,36.27099609375,78.37987518310547
2022-02-01,170.70521545410156,151.19349670410156,42.162391662597656,168.22999572753906,136.51568603515625,327.2383117675781,135.591796875,316.5161437988281,298.070556640625,355.9708251953125,20.940000534057617,427.2872619628906,29.385530471801758,36.77244186401367,78.58309173583984
2022-02-02,171.90768432617188,150.6125030517578,42.11748504638672,168.83999633789062,146.7868194580078,326.33953857421875,134.50637817382812,320.4849548339844,302.6078186035156,358.8632507324219,20.93000030517578,431.43798828125,29.480220794677734,37.023155212402344,79.22187042236328
2022-02-03,169.033447265625,138.8455047607422,41.70430374145508,168.60000610351562,141.9170379638672,322.582275390625,133.3939971923828,235.90870666503906,290.820556640625,344.3135681152344,20.709999084472656,421.2969970703125,29.200443267822266,36.61457443237305,76.92327880859375
2022-02-04,168.74957275390625,157.63949584960938,43.36600875854492,168.86000061035156,142.118408203125,330.4202880859375,136.856689453125,235.24392700195312,295.34820556640625,348.6571044921875,20.790000915527344,423.278076171875,29.656700134277344,37.236732482910156,77.23297882080078
2022-02-07,168.0350341796875,157.9355010986328,43.572593688964844,170.11000061035156,138.05996704101562,330.91473388671875,137.31419372558594,223.1587677001953,290.53094482421875,345.85235595703125,21.270000457763672,421.9196472167969,30.03548812866211,37.34817123413086,76.72003173828125
2022-02-08,171.13803100585938,161.4134979248047,44.35404968261719,170.6300048828125,138.2563018798828,332.66754150390625,139.89772033691406,218.46559143066406,294.0159912109375,349.73809814453125,21.450000762939453,425.39111328125,29.389829635620117,37.86817932128906,77.66849517822266
2022-02-09,172.55740356445312,161.1894989013672,44.264225006103516,171.2100067138672,140.43133544921875,336.6494140625,140.4808349609375,230.1935577392578,300.4357604980469,357.1492919921875,21.530000686645508,431.61724853515625,29.635183334350586,38.109615325927734,79.3912582397461
2022-02-10,168.48524475097656,159.0034942626953,44.057640075683594,170.55999755859375,137.4836883544922,333.0899658203125,139.89772033691406,226.294189453125,291.91143798828125,349.06610107421875,21.420000076293945,423.8628845214844,29.450092315673828,37.77532196044922,77.31524658203125
2022-02-11,165.07876586914062,153.2935028076172,43.04265213012695,173.80999755859375,133.18174743652344,326.33953857421875,138.07672119140625,217.8404998779297,284.82562255859375,337.9931335449219,21.829999923706055,415.50494384765625,30.30665397644043,37.24601745605469,74.9537353515625
2022-02-14,165.31373596191406,155.16700744628906,42.593536376953125,174.74000549316406,134.41505432128906,323.8047180175781,136.79391479492188,216.0049285888672,284.7869873046875,338.4119567871094,22.049999237060547,414.146484375,29.59213638305664,36.828147888183594,74.92952728271484
2022-02-15,169.14112854003906,156.510498046875,42.92587661743164,173.0800018310547,135.4886932373047,327.13055419921875,138.79437255859375,219.27923583984375,290.0675354003906,346.8262023925781,21.610000610351562,420.8253479003906,29.282230377197266,37.32959747314453,76.8990707397461
2022-02-16,168.90623474121094,158.10049438476562,42.827083587646484,174.86000061035156,136.60894775390625,323.6339416503906,139.0455322265625,214.85394287109375,289.7290954589844,346.738525390625,21.8700008392334,421.2969970703125,29.518962860107422,37.357452392578125,76.8216552734375
2022-02-17,165.31373596191406,154.65249633789062,41.380943298339844,177.25,131.4525604248047,313.7554931640625,135.84300231933594,206.09268188476562,281.24517822265625,336.42523193359375,22.040000915527344,412.2975769042969,29.471614837646484,36.42885971069336,74.5230484008789
2022-02-18,163.76707458496094,152.60150146484375,41.282135009765625,177.1199951171875,129.33404541015625,311.04095458984375,136.47991943359375,204.55479431152344,278.5364990234375,332.588134765625,22.1200008392334,409.6279296875,29.29084014892578,36.41957092285156,73.76811981201172
2022-02-22,160.8500213623047,150.19749450683594,40.9228515625,177.49000549316406,128.7493896484375,309.4499206542969,136.23770141601562,200.50653076171875,278.33331298828125,329.2477111816406,22.309999465942383,405.2319030761719,28.81736183166504,36.23383712768555,73.0858383178711
2022-02-23,156.68975830078125,144.82699584960938,40.22224044799805,178.2899932861328,126.54212188720703,306.681396484375,133.38502502441406,196.90478515625,271.1263427734375,320.8140869140625,22.729999542236328,398.04364013671875,29.114360809326172,35.60240173339844,71.2566146850586
2022-02-24,159.3033447265625,151.35800170898438,39.16233825683594,177.13999938964844,131.60330200195312,305.7826232910156,129.67117309570312,205.98355102539062,284.9791564941406,331.5947265625,22.309999465942383,404.0338439941406,28.886228561401367,35.175254821777344,73.69071960449219
2022-02-25,161.36880493164062,153.7884979248047,40.43781280517578,176.5500030517578,133.3572998046875,314.7082214355469,132.7391357421875,208.8411102294922,287.6104431152344,336.7368469238281,22.399999618530273,412.948486328125,29.648094177246094,36.308135986328125,74.69243621826172
2022-02-28,161.63311767578125,153.56300354003906,39.70127487182617,178.3800048828125,133.94992065429688,306.7713623046875,127.20420837402344,209.3868408203125,289.0422058105469,337.73992919921875,22.6200008392334,411.8919677734375,30.379825592041016,35.76954650878906,74.55693054199219
2022-03-01,159.753662109375,151.14199829101562,38.14735794067383,181.6199951171875,132.96255493164062,296.7442321777344,122.4049301147461,201.9055633544922,285.3274841308594,332.5686340332031,23.540000915527344,405.61871337890625,30.68543243408203,34.4509391784668,73.06645965576172
2022-03-02,163.04269409179688,152.05250549316406,38.767127990722656,179.72999572753906,133.4683837890625,304.1402282714844,124.94363403320312,206.48956298828125,290.396484375,338.14892578125,23.3700008392334,413.08050537109375,31.387035369873047,35.34239959716797,74.64884948730469
2022-03-03,162.7196807861328,147.89849853515625,38.3519287109375,180.8000030517578,132.8018798828125,301.4639892578125,124.05549621582031,201.38961791992188,286.2658386230469,333.31854248046875,23.290000915527344,411.0240173339844,31.473125457763672,35.23096466064453,73.75846862792969
2022-03-04,159.7242889404297,145.64100646972656,36.96189880371094,183.67999267578125,130.82522583007812,298.0733642578125,120.56592559814453,198.5022430419922,280.40350341796875,328.4880676269531,23.639999389648438,407.68463134765625,32.38134002685547,34.571651458740234,72.46640014648438
2022-03-07,155.93601989746094,137.4530029296875,34.60609436035156,186.41000366210938,125.3425521850586,291.0390625,115.91014862060547,186.0102996826172,269.8106384277344,316.3731384277344,23.700000762939453,395.66644287109375,32.85910415649414,33.30876922607422,69.81454467773438
2022-03-08,154.1153106689453,136.01449584960938,34.83174514770508,191.50999450683594,126.0625991821289,290.56884765625,115.09382629394531,188.80831909179688,266.8505554199219,314.90252685546875,24.450000762939453,392.66656494140625,33.37562942504883,33.113765716552734,69.4758071899414
2022-03-09,159.50894165039062,139.2790069580078,37.04314422607422,185.82000732421875,132.32632446289062,301.6177062988281,119.70472717285156,196.95440673828125,279.0879211425781,326.2384948730469,23.799999237060547,403.19427490234375,32.35550308227539,34.330223083496094,72.22444915771484
2022-03-10,155.17247009277344,146.8175048828125,36.70916748046875,186.39999389648438,131.3439483642578,298.28131103515625,118.2873764038086,193.69003295898438,276.2727355957031,322.6156311035156,24.010000228881836,401.3736267089844,33.345497131347656,34.042362213134766,70.96143341064453
2022-03-11,151.46253967285156,145.52450561523438,36.40229034423828,185.08999633789062,128.80592346191406,295.6592102050781,115.62309265136719,186.14918518066406,270.932861328125,315.9250793457031,23.8700008392334,396.27020263671875,33.0786247253418,33.800926208496094,69.71293640136719
2022-03-14,147.43927001953125,141.85299682617188,37.18755340576172,182.3000030517578,124.91854095458984,293.8328857421875,116.77134704589844,185.17681884765625,267.4213562011719,309.85784912109375,23.15999984741211,393.3740234375,32.088645935058594,34.22808074951172,68.42086791992188
2022-03-15,151.81488037109375,147.3665008544922,37.45833969116211,178.88999938964844,128.13893127441406,297.61224365234375,118.84353637695312,190.53475952148438,277.7818603515625,319.5771484375,23.0,402.0245666503906,30.91356086730957,34.71095657348633,70.7194595336914
2022-03-16,156.21986389160156,153.10400390625,38.63174057006836,180.00999450683594,132.18798828125,308.10052490234375,124.1541976928711,202.04449462890625,284.7857360839844,331.42919921875,23.110000610351562,410.9390869140625,30.771522521972656,35.685977935791016,73.01805877685547
2022-03-17,157.22811889648438,157.23899841308594,38.83934020996094,180.88999938964844,132.7418975830078,310.369873046875,125.72408294677734,206.2216796875,285.5886535644531,335.4416198730469,23.329999923706055,416.0803527832031,31.830385208129883,36.1317024230957,73.53587341308594
2022-03-18,160.51715087890625,161.25050354003906,38.72199630737305,179.3000030517578,135.00962829589844,312.2776794433594,125.67920684814453,214.8043212890625,290.6286315917969,342.30743408203125,23.020000457763672,420.6376037597656,31.800241470336914,36.215274810791016,75.04085540771484
2022-03-21,161.8876190185547,161.4915008544922,38.6678466796875,180.6699981689453,134.98585510253906,306.5091857910156,125.27554321289062,209.84326171875,289.4000549316406,341.3557434082031,23.280000686645508,420.5146484375,33.0821647644043,36.17985153198242,74.89830017089844
2022-03-22,165.25497436523438,164.88900756835938,39.87733459472656,179.36000061035156,138.72146606445312,310.1347961425781,127.93983459472656,214.96307373046875,294.1402282714844,348.06427001953125,22.8799991607666,425.4351806640625,32.83882141113281,36.76715850830078,75.9745864868164
2022-03-23,166.61563110351562,163.4080047607422,38.893489837646484,181.80999755859375,137.1420135498047,303.444091796875,125.39214324951172,211.7978973388672,289.7193298339844,343.0621032714844,23.239999771118164,419.9562072753906,33.40373611450195,36.08662796020508,74.80620574951172
2022-03-24,170.39410400390625,163.64950561523438,38.87544631958008,183.1300048828125,140.4114990234375,304.004638671875,126.20848083496094,217.8603515625,294.178955078125,350.687255859375,23.610000610351562,426.2868347167969,33.486297607421875,36.3756217956543,76.7502670288086
2022-03-25,171.03036499023438,164.77349853515625,39.47116470336914,182.3800048828125,140.51168823242188,305.1438903808594,127.31190490722656,220.0928497314453,293.7725830078125,350.39471435546875,23.479999542236328,428.36865234375,34.22068786621094,36.841732025146484,76.70665740966797
2022-03-28,171.89181518554688,168.99049377441406,39.30869674682617,179.05999755859375,140.29595947265625,303.16375732421875,126.36995697021484,221.84902954101562,300.5635986328125,355.816162109375,22.93000030517578,431.4156188964844,33.37331008911133,36.73918533325195,77.61810302734375
2022-03-29,175.1808624267578,169.31500244140625,39.209407806396484,179.13999938964844,141.33734130859375,307.10589599609375,126.6480484008789,228.07025146484375,305.1199951171875,361.939697265625,22.90999984741211,436.7525634765625,33.286407470703125,36.82308578491211,79.26642608642578
2022-03-30,174.01596069335938,166.30099487304688,38.812259674072266,180.5800018310547,140.77499389648438,303.4260559082031,126.07390594482422,226.0758819580078,303.62054443359375,357.9418029785156,22.940000534057617,434.0557861328125,33.67314910888672,36.56207275390625,78.20956420898438
2022-03-31,170.92269897460938,162.99749755859375,37.20561218261719,180.64999389648438,137.9275360107422,298.4621276855469,122.28828430175781,220.62864685058594,298.2515563964844,353.5052185058594,22.8799991607666,427.3750915527344,33.216880798339844,35.723052978515625,77.05084991455078
2022-04-01,170.6290740966797,163.55999755859375,36.916770935058594,179.5,139.00164794921875,298.5707092285156,121.38225555419922,223.09925842285156,299.3253479003906,352.8324890136719,22.739999771118164,428.5863342285156,33.486297607421875,35.62984085083008,76.822998046875
2022-04-04,174.6718292236328,168.34649658203125,36.85359191894531,180.3699951171875,141.79953002929688,296.7532653808594,121.92049407958984,232.06883239746094,304.6943664550781,360.0967712402344,22.6299991607666,432.2578125,33.529747009277344,35.471351623535156,78.28227233886719
2022-04-05,171.3632049560547,164.05499267578125,36.23078918457031,179.24000549316406,139.4385528564453,292.91064453125,120.50167846679688,230.03480529785156,300.7377014160156,352.10113525390625,22.360000610351562,426.7978210449219,33.00395202636719,35.24761962890625,76.6339340209961
2022-04-06,168.20138549804688,158.75599670410156,35.833641052246094,179.66000366210938,135.42869567871094,285.9486389160156,118.82978057861328,221.56130981445312,289.7290954589844,344.45654296875,22.56999969482422,422.5301818847656,33.199493408203125,35.0052375793457,74.82073974609375
2022-04-07,168.50485229492188,157.7845001220703,35.5538330078125,180.33999633789062,134.77459716796875,284.0408020019531,118.46829223632812,221.21401977539062,291.53802490234375,345.27557373046875,22.700000762939453,424.6593017578125,33.63404083251953,34.967952728271484,74.93710327148438
2022-04-08,166.49815368652344,154.4604949951172,35.80656051635742,181.47000122070312,132.19491577148438,290.5869445800781,120.63721466064453,220.59886169433594,287.281494140625,340.4490051269531,22.81999969482422,423.523681640625,34.559635162353516,35.32219696044922,73.8899154663086
2022-04-11,162.2498016357422,151.1219940185547,35.734352111816406,182.3699951171875,127.76750183105469,290.017333984375,120.19440460205078,214.77456665039062,275.95355224609375,332.3948669433594,23.149999618530273,416.2847595214844,33.52106475830078,35.163719177246094,72.02823638916016
2022-04-12,164.11944580078125,150.78750610351562,35.35525894165039,183.77000427246094,126.66759490966797,289.13128662109375,118.87495422363281,212.47262573242188,272.8580017089844,330.9906921386719,23.469999313354492,414.74224853515625,34.07728576660156,34.78150939941406,71.70824432373047
2022-04-13,166.80162048339844,155.54100036621094,35.03934097290039,184.64999389648438,128.82923889160156,291.111328125,115.04322814941406,213.31600952148438,278.23663330078125,337.71875,23.75,419.49261474609375,34.585697174072266,34.78150939941406,72.86209106445312
2022-04-14,161.7994842529297,151.7064971923828,33.91108322143555,184.0399932861328,125.69116973876953,290.8129577636719,113.97683715820312,208.54345703125,270.7006530761719,329.99609375,23.639999389648438,414.2691650390625,34.69868469238281,34.389976501464844,71.092529296875
2022-04-18,161.58416748046875,152.78500366210938,35.06641387939453,184.61000061035156,126.6299057006836,298.26324462890625,116.09154510498047,209.12887573242188,271.3681945800781,330.24951171875,23.8700008392334,414.439453125,35.20710754394531,34.595062255859375,71.32524108886719
2022-04-19,163.86495971679688,158.11549377441406,35.71628952026367,181.82000732421875,128.94329833984375,303.7514953613281,118.49542236328125,215.61793518066406,275.9922180175781,337.6310119628906,23.239999771118164,421.129638671875,34.9202995300293,35.070499420166016,72.66334533691406
2022-04-20,163.6985626220703,153.9980010986328,35.79753494262695,182.7100067138672,126.99042510986328,308.3717041015625,118.9111557006836,198.85946655273438,277.0176696777344,332.70672607421875,23.280000686645508,420.8173522949219,35.055015563964844,35.31288146972656,72.59546661376953
2022-04-21,162.90562438964844,148.29600524902344,35.12057876586914,182.05999755859375,123.79137420654297,302.25958251953125,117.98933410644531,186.60560607910156,271.64874267578125,325.8227233886719,22.790000915527344,414.524658203125,33.942569732666016,34.75354766845703,71.36404418945312
2022-04-22,158.3734130859375,144.35000610351562,33.90205764770508,180.2899932861328,118.6548080444336,289.12213134765625,114.60039520263672,182.6764678955078,265.09002685546875,317.290771484375,22.309999465942383,403.15045166015625,33.112586975097656,33.71876525878906,69.36663055419922
2022-04-25,159.44041442871094,146.07400512695312,33.65834426879883,177.0500030517578,122.06512451171875,290.6141357421875,114.56422424316406,185.53402709960938,271.5616455078125,321.3666076660156,21.829999923706055,405.4877624511719,32.017520904541016,33.77470016479492,70.40897369384766
2022-04-26,153.48878479003906,139.39100646972656,32.90016555786133,177.32000732421875,117.67740631103516,283.109619140625,111.17530059814453,179.54107666015625,261.40423583984375,309.2366638183594,21.649999618530273,393.7445373535156,32.06097412109375,32.926368713378906,67.78614807128906
2022-04-27,153.26365661621094,138.16700744628906,32.71964645385742,175.97999572753906,113.35761260986328,283.2090759277344,109.7293472290039,173.5877685546875,273.9800720214844,308.86614990234375,21.489999771118164,394.8515930175781,32.53029251098633,32.898406982421875,68.7896957397461
2022-04-28,160.1843719482422,144.59649658203125,33.225101470947266,176.92999267578125,117.55094909667969,287.8925476074219,111.46449279785156,204.12811279296875,280.1810302734375,319.8357238769531,21.420000076293945,404.82537841796875,33.51671600341797,33.31790542602539,71.54341888427734
2022-04-29,154.3208465576172,124.28150177001953,32.205142974853516,176.91000366210938,113.17412567138672,276.2108459472656,107.86769104003906,198.90902709960938,268.4660949707031,305.4435729980469,21.040000915527344,389.86474609375,32.65631866455078,32.17125701904297,68.56183624267578
2022-05-02,154.62429809570312,124.5,32.62035369873047,173.6300048828125,115.6273422241211,280.66839599609375,108.85275268554688,209.486083984375,275.18939208984375,310.543212890625,20.8700008392334,392.2115783691406,33.17776107788086,32.18058395385742,69.60417175292969
2022-05-03,156.11221313476562,124.25350189208984,33.51393508911133,174.08999633789062,116.37218475341797,284.501953125,111.18434143066406,210.37904357910156,272.58709716796875,310.874755859375,20.829999923706055,394.0093994140625,34.10769271850586,32.60009002685547,69.72537994384766
2022-05-04,162.51409912109375,125.92849731445312,34.85881805419922,175.8000030517578,121.25880432128906,293.0462646484375,114.86245727539062,221.6704559326172,280.51959228515625,321.3860778808594,21.280000686645508,406.0082092285156,35.524322509765625,33.59757995605469,72.17366790771484
2022-05-05,153.4594268798828,116.40699768066406,33.884002685546875,175.1300048828125,115.55047607421875,283.0643615722656,111.98865509033203,206.65823364257812,268.3016662597656,305.19976806640625,20.780000686645508,391.5775146484375,34.98983383178711,32.61873245239258,68.70243835449219
2022-05-06,154.1848602294922,114.77249908447266,33.802764892578125,175.4199981689453,114.79769897460938,282.9648742675781,111.80791473388672,202.18338012695312,265.7671203613281,301.5433044433594,20.65999984741211,389.2402648925781,36.03274154663086,32.38567352294922,68.14973449707031
2022-05-09,149.0675811767578,108.78900146484375,32.82794189453125,172.8800048828125,111.5887222290039,279.2850341796875,110.12699890136719,194.6822509765625,255.94825744628906,289.7447204589844,20.030000686645508,376.77783203125,33.05175018310547,31.61191749572754,65.51239013671875
2022-05-10,151.46939086914062,108.85900115966797,32.27735900878906,171.4199981689453,113.457275390625,275.82208251953125,107.44294738769531,196.11102294921875,260.707763671875,293.26483154296875,19.549999237060547,377.64837646484375,33.35158157348633,31.33225440979004,66.51109313964844
2022-05-11,143.61700439453125,105.37200164794922,32.105865478515625,172.82000732421875,112.67127990722656,272.64849853515625,106.76517486572266,187.27040100097656,252.04966735839844,284.5671691894531,19.8700008392334,371.64898681640625,33.79917526245117,31.043270111083984,64.411865234375
2022-05-12,139.75454711914062,106.93049621582031,31.654558181762695,170.1699981689453,111.91898345947266,270.7135925292969,106.6747817993164,189.75096130371094,247.0193634033203,283.894287109375,19.1200008392334,371.26104736328125,33.942569732666016,30.810211181640625,63.74767303466797
2022-05-13,144.2150115966797,113.05500030517578,31.744808197021484,168.7899932861328,115.09921264648438,277.567138671875,107.6236801147461,197.07347106933594,252.6011199951172,294.4153747558594,19.420000076293945,380.1370849609375,35.102813720703125,31.257675170898438,65.86629486083984
2022-05-16,142.67587280273438,110.81050109863281,31.41986846923828,170.39999389648438,113.50686645507812,274.3574523925781,106.87362670898438,198.48239135742188,252.96875,291.0026550292969,19.93000030517578,378.5946960449219,36.028411865234375,30.996646881103516,65.2845230102539
2022-05-17,146.30307006835938,115.36849975585938,32.484962463378906,169.3300018310547,115.51824188232422,282.97393798828125,110.41618347167969,201.0423126220703,258.1152038574219,298.54010009765625,19.920000076293945,386.3825378417969,36.44557571411133,31.826337814331055,67.17528533935547
2022-05-18,138.0487823486328,107.11250305175781,31.483060836791992,169.4199981689453,110.98223876953125,277.33209228515625,108.52741241455078,190.74314880371094,246.36328125,283.8846130371094,19.729999542236328,370.8067932128906,35.51129150390625,30.950042724609375,64.10157775878906
2022-05-19,134.64707946777344,107.31900024414062,31.09493637084961,171.91000366210938,109.47916412353516,278.6611633300781,106.91879272460938,189.800537109375,245.4518280029297,282.3634338378906,20.270000457763672,368.5357971191406,35.38092041015625,30.74494743347168,63.39862060546875
2022-05-20,134.8823699951172,107.59100341796875,30.56240463256836,172.02999877929688,108.01524353027344,277.3952331542969,106.04218292236328,192.0330352783203,244.8894500732422,281.48583984375,20.06999969482422,368.6966247558594,35.53302001953125,30.68901824951172,63.53920364379883
2022-05-23,140.29373168945312,107.55699920654297,32.37664031982422,172.8300018310547,110.57410430908203,286.2650451660156,112.60318756103516,194.7020721435547,252.73370361328125,286.166259765625,20.100000381469727,375.5949401855469,36.47164535522461,31.686506271362305,64.99848937988281
2022-05-24,137.59783935546875,104.0999984741211,32.17807388305664,174.1300048828125,105.1013412475586,283.8600158691406,114.1937026977539,179.8684539794922,251.7350311279297,280.08172607421875,20.389999389648438,372.72772216796875,36.61070251464844,31.621244430541992,64.03372955322266
2022-05-25,137.75473022460938,106.7750015258789,32.34956741333008,173.0800018310547,104.93768310546875,284.7189636230469,114.9889907836914,182.39862060546875,254.54690551757812,284.0015869140625,20.34000015258789,376.02081298828125,37.36680603027344,31.87295150756836,64.78030395507812
2022-05-26,140.95053100585938,111.07749938964844,33.098724365234375,172.75999450683594,106.90888977050781,292.6123046875,116.9771728515625,190.13787841796875,257.8242492675781,291.8704528808594,20.309999465942383,383.5342712402344,37.779640197753906,32.60941696166992,66.33656311035156
2022-05-27,146.6951904296875,115.14649963378906,33.41464614868164,172.85000610351562,111.39580535888672,297.087890625,118.63098907470703,193.61065673828125,264.9413757324219,301.3970031738281,20.360000610351562,392.9496154785156,38.47056579589844,33.159423828125,68.58123779296875
2022-05-31,145.9109649658203,120.20950317382812,33.57711410522461,171.13999938964844,112.82947540283203,297.33349609375,119.49851989746094,192.13223266601562,263.6129455566406,300.597412109375,19.84000015258789,390.7448425292969,37.892616271972656,33.06620407104492,68.09156799316406
2022-06-01,145.78353881835938,121.68399810791016,33.098724365234375,172.22999572753906,112.9583969116211,292.78497314453125,117.40191650390625,187.17117309570312,264.1462707519531,298.374267578125,20.1299991607666,387.58428955078125,38.509681701660156,32.534828186035156,67.88795471191406
2022-06-02,148.23431396484375,125.51100158691406,33.31660461425781,174.35000610351562,116.6583251953125,294.9682922363281,119.29068756103516,197.3115997314453,266.24066162109375,306.5453796386719,20.59000015258789,394.9652099609375,38.387996673583984,32.98230743408203,69.53145599365234
2022-06-03,142.51902770996094,122.3499984741211,32.85361862182617,172.5800018310547,113.60208129882812,289.90130615234375,117.62783813476562,189.29452514648438,261.8191833496094,298.56927490234375,20.229999542236328,388.48321533203125,38.89642333984375,32.506858825683594,67.86856079101562
2022-06-06,143.2641143798828,124.79000091552734,32.81731033325195,171.82000732421875,115.86289978027344,291.5660400390625,117.23925018310547,192.73748779296875,260.5877685546875,299.5638427734375,20.3700008392334,389.6660461425781,38.85296630859375,32.60009002685547,67.8734130859375
2022-06-07,145.78353881835938,123.0,32.998870849609375,172.94000244140625,116.1891860961914,292.4756774902344,117.54651641845703,194.1265869140625,264.22381591796875,302.1478271484375,20.520000457763672,393.40380859375,40.01321029663086,32.85178756713867,68.68304443359375
2022-06-08,145.0482940673828,121.18000030517578,32.581275939941406,172.77999877929688,116.23332977294922,286.262451171875,115.67581939697266,195.10888671875,262.1973571777344,299.9733581542969,20.350000381469727,389.1267395019531,40.10012435913086,32.27381134033203,67.9073486328125
2022-06-09,139.8329620361328,116.1500015258789,31.328495025634766,172.22999572753906,113.89417266845703,276.7471008300781,113.24480438232422,182.5673065185547,256.7480163574219,291.9386901855469,19.969999313354492,379.8720703125,39.213645935058594,31.462770462036133,66.09415435791016
2022-06-10,134.43142700195312,109.6500015258789,30.11203384399414,174.5399932861328,110.25027465820312,261.1003112792969,108.03942108154297,174.20294189453125,245.30636596679688,281.64190673828125,20.190000534057617,368.8575439453125,38.54878234863281,30.325443267822266,63.55377197265625
2022-06-13,129.2847137451172,103.66999816894531,29.068058013916016,169.92999267578125,105.52037048339844,257.7345275878906,104.82217407226562,162.98098754882812,234.9022674560547,268.5465393066406,19.5,354.8525695800781,36.536827087402344,29.421180725097656,60.73699951171875
2022-06-14,130.1473846435547,102.30999755859375,28.55968475341797,168.57000732421875,105.8407211303711,257.0249328613281,103.07799530029297,162.4551239013672,237.06454467773438,269.0340881347656,19.3700008392334,353.7833557128906,36.606353759765625,29.169483184814453,61.12001037597656
2022-06-15,132.76486206054688,107.66999816894531,29.095291137695312,170.77000427246094,108.86473083496094,263.8748779296875,104.29801940917969,168.03140258789062,244.11370849609375,275.7524108886719,19.959999084472656,358.8269958496094,35.798099517822266,29.49576187133789,62.40959548950195
2022-06-16,127.50051879882812,103.66000366210938,28.91373062133789,172.69000244140625,105.16432189941406,259.2445983886719,102.5086669921875,159.61740112304688,237.52993774414062,264.62677001953125,20.239999771118164,346.9512634277344,33.78179168701172,28.749977111816406,59.869197845458984
2022-06-17,128.9710235595703,106.22000122070312,28.977277755737305,171.27000427246094,106.26522064208984,254.52333068847656,102.14717102050781,162.4650421142578,240.12855529785156,267.844482421875,19.979999542236328,347.69915771484375,31.934961318969727,28.833881378173828,60.417022705078125
2022-06-21,133.19618225097656,108.68000030517578,29.82154083251953,170.6300048828125,110.629638671875,259.08984375,104.67757415771484,155.82716369628906,246.0336151123047,274.60211181640625,19.979999542236328,356.45196533203125,33.58938217163086,29.40931510925293,61.9544677734375
2022-06-22,132.68646240234375,108.94999694824219,29.594587326049805,171.30999755859375,110.57361602783203,258.8443603515625,104.09015655517578,154.63650512695312,245.44212341308594,274.20159912109375,19.760000228881836,355.8057556152344,32.2447509765625,29.34371566772461,61.691993713378906
2022-06-23,135.54896545410156,112.44000244140625,29.12252426147461,170.25999450683594,111.3219223022461,260.3271179199219,102.95147705078125,157.51393127441406,250.99807739257812,278.2852783203125,19.3700008392334,359.29364013671875,31.049522399902344,29.231252670288086,62.61552810668945
2022-06-24,138.87225341796875,116.45999908447266,29.331323623657227,170.08999633789062,117.00791931152344,275.4098205566406,106.02410888671875,168.8350830078125,259.5696105957031,287.8202819824219,19.510000228881836,370.7169494628906,31.45818519592285,30.309032440185547,64.86602783203125
2022-06-27,138.87225341796875,113.22000122070312,29.367631912231445,169.89999389648438,114.88398742675781,273.61773681640625,105.17461395263672,168.17027282714844,256.8449401855469,285.7101135253906,19.489999771118164,369.3009338378906,32.380977630615234,30.2059383392334,64.42855834960938
2022-06-28,134.7352752685547,107.4000015258789,29.285930633544922,169.6199951171875,111.08935546875,272.4442443847656,104.66854095458984,159.42886352539062,248.69039916992188,277.00537109375,19.190000534057617,361.7550048828125,33.25542068481445,29.906034469604492,62.49887466430664
2022-06-29,136.49008178710938,108.91999816894531,28.922809600830078,169.49000549316406,110.7858657836914,275.8919982910156,104.19861602783203,162.66351318359375,252.35552978515625,277.2594299316406,19.139999389648438,361.4604187011719,32.0997428894043,29.737342834472656,62.62523651123047
2022-06-30,134.02947998046875,106.20999908447266,28.260103225708008,168.4600067138672,108.0698013305664,270.1972961425781,101.76760864257812,159.9944305419922,249.0297393798828,273.8205871582031,18.639999389648438,358.5238342285156,31.423032760620117,29.47492790222168,61.78920364379883
2022-07-01,136.19598388671875,109.55999755859375,28.65046501159668,168.32000732421875,107.84614562988281,272.20770263671875,103.06897735595703,158.78395080566406,251.69622802734375,275.62786865234375,18.309999465942383,362.3157653808594,31.893224716186523,29.877920150756836,61.93016052246094
2022-07-05,138.7742156982422,113.5,28.35996437072754,164.75,112.33455657958984,270.36102294921875,102.67691802978516,166.88038635253906,254.86691284179688,280.3465881347656,17.729999542236328,363.0000305175781,30.627681732177734,29.774831771850586,62.70787048339844
2022-07-06,140.10745239257812,114.33000183105469,28.12393569946289,162.13999938964844,113.63282012939453,267.23175048828125,102.0113754272461,168.44808959960938,258.12481689453125,282.1442565917969,17.690000534057617,364.22601318359375,30.104772567749023,29.699857711791992,63.247413635253906
2022-07-07,143.469970703125,116.33000183105469,28.922809600830078,162.22999572753906,117.8093032836914,271.6346435546875,104.59152221679688,170.84925842285156,260.2483215332031,288.18182373046875,17.75,369.6810302734375,31.190143585205078,30.130966186523438,64.55494689941406
2022-07-08,144.1464080810547,115.54000091552734,28.859262466430664,162.3000030517578,118.37512969970703,269.6969909667969,104.26329803466797,169.54946899414062,259.53082275390625,288.5432434082031,17.790000915527344,369.3769226074219,31.176952362060547,30.06536293029785,64.5841064453125
2022-07-11,142.0190887451172,111.75,28.55968475341797,161.42999267578125,114.72826385498047,266.7041320800781,102.89574432373047,161.6117706298828,256.47650146484375,282.3786315917969,17.579999923706055,365.15728759765625,30.878150939941406,29.821685791015625,63.69458770751953
2022-07-12,142.98959350585938,109.22000122070312,28.468902587890625,160.8300018310547,113.08585357666016,266.1127624511719,102.99603271484375,161.99871826171875,245.96572875976562,279.6432189941406,17.440000534057617,361.92608642578125,30.27614402770996,29.63425064086914,62.82454299926758
2022-07-13,142.62689208984375,110.4000015258789,27.99683952331543,161.60000610351562,110.44071197509766,263.9476623535156,102.02961730957031,162.21701049804688,245.04457092285156,279.0668029785156,17.690000534057617,360.0254211425781,30.22780418395996,29.371829986572266,62.659271240234375
2022-07-14,145.54820251464844,110.62999725341797,27.352296829223633,159.3300018310547,109.4627914428711,256.1607360839844,98.46481323242188,156.8193817138672,246.36328125,280.0633239746094,17.0,359.151123046875,29.656553268432617,28.809511184692383,63.232818603515625
2022-07-15,147.21481323242188,113.55000305175781,29.27685546875,159.00999450683594,110.86122131347656,267.33172607421875,102.97779083251953,163.4176025390625,248.923095703125,285.1434326171875,17.190000534057617,366.01263427734375,30.139923095703125,29.784202575683594,64.3459243774414
2022-07-18,144.17584228515625,113.76000213623047,29.285930633544922,159.16000366210938,108.13624572753906,274.054443359375,101.92021179199219,165.9279022216797,246.5281219482422,282.73040771484375,17.219999313354492,362.990478515625,30.829816818237305,29.671733856201172,63.7237663269043
2022-07-19,148.02845764160156,118.20999908447266,30.27544593811035,159.5399932861328,112.8770751953125,289.32818603515625,104.44564056396484,174.4113006591797,251.6477813720703,291.42523193359375,17.290000915527344,372.7981872558594,31.778966903686523,30.56207847595215,65.66804504394531
2022-07-20,150.0282745361328,122.7699966430664,30.28451919555664,158.0399932861328,112.96633911132812,292.4211120605469,104.42740631103516,181.66439819335938,254.30450439453125,296.04620361328125,17.190000534057617,375.1741027832031,32.0865478515625,30.674543380737305,66.69364929199219
2022-07-21,152.29286193847656,124.62999725341797,30.54778480529785,160.27000427246094,113.40272521972656,297.0514221191406,105.1385498046875,181.7437744140625,256.79644775390625,300.29595947265625,17.399999618530273,378.99456787109375,31.524093627929688,30.871349334716797,67.63177490234375
2022-07-22,151.0576629638672,122.41999816894531,30.348064422607422,160.6699981689453,107.01551055908203,294.6771545410156,104.62799072265625,167.95199584960938,252.45248413085938,295.03021240234375,17.139999389648438,375.4782409667969,31.26484489440918,30.693286895751953,66.69850158691406
2022-07-25,149.94009399414062,121.13999938964844,30.62040901184082,160.22999572753906,106.62871551513672,294.8500061035156,105.04737854003906,165.35240173339844,250.968994140625,293.3498840332031,16.979999542236328,375.9344177246094,32.41173553466797,30.890098571777344,66.27564239501953
2022-07-26,148.61663818359375,114.80999755859375,30.003103256225586,160.0399932861328,104.15911102294922,289.78302001953125,103.40628814697266,157.91079711914062,244.2494659423828,287.5858459472656,17.15999984741211,371.4867858886719,32.11731719970703,30.458986282348633,65.20143127441406
2022-07-27,153.70452880859375,120.97000122070312,30.493314743041992,161.6699981689453,112.13322448730469,295.23211669921875,105.06559753417969,168.2595977783203,260.5779113769531,299.7391357421875,17.600000381469727,381.1329650878906,32.842369079589844,30.927587509155273,68.00604248046875
2022-07-28,154.2534942626953,122.27999877929688,30.248205184936523,163.63999938964844,113.2837142944336,299.38934326171875,104.6735610961914,159.4685516357422,268.0150451660156,302.6700134277344,18.43000030517578,385.9132080078125,33.02691650390625,31.15251350402832,69.0413589477539
2022-07-29,159.3119659423828,134.9499969482422,30.69303321838379,164.10000610351562,115.36650085449219,303.2828674316406,105.17500305175781,157.86119079589844,272.21356201171875,308.1897888183594,18.700000762939453,391.53936767578125,34.459434509277344,31.592987060546875,70.10099792480469
2022-08-01,158.33160400390625,135.38999938964844,30.60225486755371,165.02999877929688,113.91846466064453,302.0911560058594,104.12655639648438,158.68470764160156,269.56646728515625,308.004150390625,18.790000915527344,390.3798828125,33.7475700378418,31.330581665039062,69.9503173828125
2022-08-02,156.86111450195312,134.16000366210938,29.994028091430664,164.0500030517578,114.1862564086914,298.2704162597656,102.50370788574219,158.9427032470703,266.4733581542969,307.0858154296875,18.40999984741211,387.8044738769531,33.66847610473633,30.98381805419922,69.45452880859375
2022-08-03,162.86074829101562,139.52000427246094,30.53870964050293,164.4499969482422,117.112060546875,303.0827331542969,103.57952117919922,167.4856719970703,273.8910217285156,315.4485778808594,18.489999771118164,393.87725830078125,32.70174789428711,31.452415466308594,71.30159759521484
2022-08-04,162.54701232910156,142.57000732421875,30.320833206176758,167.1699981689453,117.2211685180664,301.9001159667969,102.43988037109375,169.24188232421875,275.03521728515625,316.9237060546875,18.639999389648438,393.6111755371094,31.488941192626953,31.349323272705078,71.62725830078125
2022-08-05,162.3212432861328,140.8000030517578,30.82920265197754,165.2899932861328,116.507080078125,304.4472961425781,105.53970336914062,165.808837890625,274.3176574707031,314.33477783203125,18.329999923706055,392.94586181640625,32.1129264831543,31.574249267578125,71.46199035644531
2022-08-08,161.8500213623047,139.41000366210938,30.402538299560547,166.69000244140625,116.33847045898438,304.45635986328125,104.25418853759766,168.92434692382812,271.806396484375,313.3187561035156,19.030000686645508,392.48968505859375,32.2799072265625,31.55550193786621,70.85440826416016
2022-08-09,161.8990936279297,137.8300018310547,30.792890548706055,167.1999969482422,115.67395782470703,306.2212219238281,105.19325256347656,167.21775817871094,273.7261962890625,309.7724914550781,18.93000030517578,390.9311218261719,32.846763610839844,31.71483039855957,70.14473724365234
2022-08-10,166.13998413085938,142.69000244140625,31.836883544921875,166.77999877929688,118.71878814697266,316.49169921875,107.93749237060547,176.95138549804688,280.37786865234375,318.4184265136719,18.950000762939453,399.14227294921875,33.08404541015625,32.42710494995117,72.05986022949219
2022-08-11,165.40371704101562,140.63999938964844,32.59944152832031,166.33999633789062,117.8658447265625,319.9211730957031,109.53298950195312,176.10801696777344,278.3028259277344,316.61114501953125,18.670000076293945,399.14227294921875,34.222145080566406,32.81135177612305,71.7779312133789
2022-08-12,168.94760131835938,143.5500030517578,32.9534797668457,167.8699951171875,120.68256378173828,321.867919921875,111.34728240966797,179.0945587158203,283.0443115234375,322.77569580078125,19.170000076293945,405.89935302734375,34.48140335083008,33.326812744140625,73.20700073242188
2022-08-15,170.01759338378906,143.17999267578125,32.9080924987793,165.7100067138672,121.07927703857422,323.7146301269531,111.64816284179688,179.48153686523438,284.55694580078125,325.3841857910156,18.68000030517578,407.5719909667969,33.80908966064453,33.317447662353516,73.66876220703125
2022-08-16,169.86058044433594,144.77999877929688,33.26213836669922,165.4199981689453,120.702392578125,322.91400146484375,112.7148666381836,178.07257080078125,283.82000732421875,324.6221618652344,18.56999969482422,408.3702392578125,33.72999954223633,33.56111145019531,73.46946716308594
2022-08-17,171.3527069091797,142.10000610351562,33.0533447265625,164.35000610351562,118.57001495361328,321.795166015625,111.76669311523438,173.48855590820312,283.07183837890625,320.91943359375,18.25,405.4716491699219,34.01122283935547,33.392417907714844,72.94451141357422
2022-08-18,170.96002197265625,142.3000030517578,32.935325622558594,163.9199981689453,119.1849365234375,322.50469970703125,110.90055847167969,173.30003356933594,281.95440673828125,321.6912841796875,18.040000915527344,406.650146484375,34.92522048950195,33.429901123046875,73.32365417480469
2022-08-19,168.37818908691406,138.22999572753906,32.20907974243164,162.72000122070312,116.24919891357422,317.728759765625,108.15631866455078,166.65219116210938,278.0481262207031,315.419189453125,17.549999237060547,401.185546875,34.91643524169922,32.764495849609375,71.9918212890625
2022-08-22,164.5005645751953,133.22000122070312,31.519147872924805,161.63999938964844,113.30354309082031,311.49737548828125,106.36936950683594,161.7804412841797,269.8860168457031,307.11505126953125,17.5,392.83184814453125,34.85051727294922,32.04285430908203,69.98434448242188
2022-08-23,164.1667938232422,133.6199951171875,31.237716674804688,162.77000427246094,112.92666625976562,309.459716796875,105.32088470458984,159.85556030273438,268.61309814453125,306.861083984375,17.6200008392334,391.8814697265625,36.107261657714844,31.911645889282227,69.79963684082031
2022-08-24,164.46127319335938,133.8000030517578,31.337587356567383,163.25,112.758056640625,311.0606994628906,105.57616424560547,161.98880004882812,267.9814758300781,307.7501525878906,17.6299991607666,393.13604736328125,36.551082611083984,32.08033752441406,69.8433837890625
2022-08-25,166.91546630859375,137.27999877929688,31.900419235229492,163.75,115.69380950927734,315.1998596191406,108.08338165283203,167.46578979492188,270.9548645019531,313.1918029785156,17.729999542236328,398.68609619140625,36.83230972290039,32.577056884765625,71.02452850341797
2022-08-26,160.62289428710938,130.75,30.892751693725586,161.75999450683594,109.43550872802734,306.02105712890625,104.54593658447266,160.52032470703125,260.4995422363281,300.35455322265625,17.360000610351562,385.1910095214844,36.401676177978516,31.602367401123047,67.991455078125
2022-08-29,158.42396545410156,129.7899932861328,30.774738311767578,161.86000061035156,108.52306365966797,303.7650451660156,104.29065704345703,157.93064880371094,257.72052001953125,297.3944396972656,17.290000915527344,382.64398193359375,36.95096206665039,31.377431869506836,67.09222412109375
2022-08-30,155.99917602539062,128.72999572753906,30.94722557067871,160.50999450683594,108.0469970703125,303.5011901855469,104.30889129638672,155.93629455566406,255.52450561523438,294.08251953125,16.959999084472656,378.443359375,35.6985969543457,31.208740234375,66.39228057861328
2022-08-31,154.3401336669922,126.7699966430664,30.511470794677734,159.27000427246094,107.33290100097656,304.9126892089844,103.68892669677734,161.66136169433594,254.06695556640625,292.37286376953125,16.579999923706055,375.5638732910156,35.37343978881836,30.974443435668945,65.74581146240234
2022-09-01,155.0666046142578,127.81999969482422,30.58457374572754,157.8699951171875,108.84044647216797,305.6734619140625,104.4000473022461,164.0724334716797,253.0272674560547,292.4999084472656,16.3799991607666,376.74224853515625,34.50336837768555,31.068166732788086,65.42501831054688
2022-09-02,152.95596313476562,127.51000213623047,30.548019409179688,159.25999450683594,106.96592712402344,303.8219909667969,103.67069244384766,159.0717010498047,248.8101348876953,288.36737060546875,16.56999969482422,372.76971435546875,35.136146545410156,30.824491500854492,64.57438659667969
2022-09-06,151.69940185546875,126.11000061035156,30.20992088317871,158.3300018310547,105.9344482421875,299.24835205078125,103.69804382324219,157.3055419921875,246.0797119140625,286.2962646484375,16.540000915527344,371.3632507324219,34.810970306396484,30.749521255493164,64.14663696289062
2022-09-07,153.10321044921875,129.47999572753906,30.675954818725586,159.94000244140625,108.55279541015625,302.978759765625,105.66732788085938,159.14114379882812,250.7826690673828,292.07977294921875,17.0,378.03472900390625,34.406707763671875,31.35869026184082,65.17225646972656
2022-09-08,151.63067626953125,129.82000732421875,31.662851333618164,158.97999572753906,107.4915771484375,307.3966369628906,108.12895202636719,160.79812622070312,251.20046997070312,293.5941467285156,17.030000686645508,380.50567626953125,34.55611038208008,31.911645889282227,65.3958511352539
2022-09-09,154.48741149902344,133.27000427246094,31.9278507232666,159.82000732421875,109.74298858642578,311.72271728515625,108.64862823486328,167.83291625976562,256.9723205566406,300.0126037597656,17.31999969482422,386.41693115234375,35.41736602783203,32.202171325683594,66.68879699707031
2022-09-12,160.4363555908203,136.4499969482422,32.22940444946289,160.6300048828125,109.95124816894531,313.99578857421875,109.93414306640625,167.64442443847656,259.10028076171875,303.5785217285156,18.170000076293945,390.570068359375,36.06772232055664,32.46459197998047,67.75814056396484
2022-09-13,151.02206420898438,126.81999969482422,31.068885803222656,158.5399932861328,103.4648666381836,300.9898681640625,106.11407470703125,151.9376678466797,244.85536193847656,286.9312438964844,17.829999923706055,373.5870361328125,35.15811538696289,31.255605697631836,64.1612319946289
2022-09-14,152.46511840820312,128.5500030517578,30.950096130371094,157.92999267578125,104.13928985595703,299.9541015625,105.8678970336914,150.29061889648438,245.078857421875,289.2076110839844,18.0,375.0125732421875,36.151206970214844,31.161888122558594,64.39454650878906
2022-09-15,149.57899475097656,126.27999877929688,31.534915924072266,154.97999572753906,102.0664291381836,303.9502868652344,107.46341705322266,148.38555908203125,238.43255615234375,284.3911437988281,17.6299991607666,370.7549133300781,35.21963882446289,31.264982223510742,62.91202926635742
2022-09-16,147.9395751953125,123.52999877929688,31.178537368774414,155.83999633789062,101.95733642578125,298.99169921875,106.74314880371094,145.1509246826172,237.81063842773438,282.6522216796875,17.989999771118164,367.926513671875,34.468223571777344,30.98381805419922,62.56206130981445
2022-09-19,151.65032958984375,124.66000366210938,31.699403762817383,155.9600067138672,102.2251205444336,301.2373352050781,107.72779846191406,146.86746215820312,237.5968780517578,284.853271484375,17.989999771118164,370.77978515625,34.48866271972656,31.335222244262695,63.072242736816406
2022-09-20,154.02598571777344,122.19000244140625,31.22422981262207,155.07000732421875,100.31094360351562,296.2878723144531,105.60352325439453,144.95248413085938,235.58547973632812,282.5827331542969,17.729999542236328,366.5238037109375,34.248783111572266,30.87358856201172,62.701904296875
2022-09-21,150.9042205810547,118.54000091552734,30.292165756225586,155.7899932861328,98.46617889404297,293.9505615234375,102.55840301513672,141.0133819580078,232.18458557128906,277.52276611328125,18.059999465942383,360.1302185058594,33.746822357177734,30.232938766479492,61.72249221801758
2022-09-22,149.9422149658203,117.30999755859375,29.69820213317871,155.6999969482422,99.31912231445312,286.8105773925781,101.39140319824219,141.70797729492188,234.1571044921875,274.1071472167969,18.09000015258789,357.1051940917969,33.62688064575195,29.72418975830078,61.09391403198242
2022-09-23,147.6745147705078,113.77999877929688,28.99458122253418,153.00999450683594,97.93060302734375,276.77423095703125,99.50415802001953,139.3167266845703,231.1837158203125,269.6441955566406,17.360000610351562,351.1219177246094,31.308095932006836,29.25312614440918,60.2947883605957
2022-09-26,148.00830078125,115.1500015258789,28.354928970336914,151.22999572753906,97.36527252197266,270.03753662109375,97.36163330078125,135.3081512451172,230.72706604003906,268.5284423828125,16.920000076293945,347.6484069824219,30.53960609436035,28.79148292541504,59.87574005126953
2022-09-27,148.98019409179688,114.41000366210938,27.934587478637695,151.5399932861328,96.70076751708984,267.06793212890625,96.50463104248047,133.35348510742188,229.7164764404297,268.6361083984375,16.899999618530273,346.76092529296875,30.88165283203125,28.669002532958984,59.953704833984375
2022-09-28,147.09532165527344,118.01000213623047,28.391477584838867,154.69000244140625,99.2298583984375,275.69268798828125,98.4557113647461,140.50735473632812,234.24456787109375,273.9798889160156,17.450000762939453,353.58392333984375,32.24982452392578,29.23427963256836,60.58715057373047
2022-09-29,139.87013244628906,114.80000305175781,28.016822814941406,154.66000366210938,96.62142944335938,271.4031982421875,96.78726959228516,135.34786987304688,230.775634765625,266.0816955566406,17.3700008392334,346.1979064941406,32.24982452392578,28.866849899291992,59.00839614868164
2022-09-30,135.66856384277344,113.0,27.596481323242188,154.6699981689453,94.86593627929688,268.59844970703125,95.27383422851562,134.62353515625,226.30589294433594,261.56982421875,17.5,340.844482421875,31.992185592651367,28.603055953979492,57.877925872802734
2022-10-03,139.8406524658203,115.87999725341797,28.409753799438477,158.42999267578125,97.83142852783203,274.1895446777344,98.21865844726562,137.53074645996094,233.9239044189453,267.706298828125,19.100000381469727,349.84320068359375,33.80012130737305,29.3756046295166,59.671085357666016
2022-10-04,143.42384338378906,121.08999633789062,29.588544845581055,160.6999969482422,100.80682373046875,288.5979309082031,102.81368255615234,139.18771362304688,241.8334197998047,276.12322998046875,19.360000610351562,360.68365478515625,35.25270080566406,30.46847152709961,61.67376708984375
2022-10-05,143.7183074951172,120.94999694824219,29.168201446533203,159.80999755859375,100.59854888916016,283.2176818847656,101.54425048828125,137.89781188964844,242.14434814453125,275.9764404296875,18.989999771118164,359.8438415527344,35.9812126159668,30.232938766479492,61.87841033935547
2022-10-06,142.76611328125,120.30000305175781,28.74785614013672,159.6300048828125,100.58863830566406,279.2489013671875,99.47456359863281,137.98715209960938,239.8026123046875,273.8037109375,19.040000915527344,356.1317443847656,36.62087631225586,29.80898094177246,61.37165832519531
2022-10-07,137.52392578125,114.55999755859375,28.099069595336914,157.8800048828125,97.87109375,275.95843505859375,97.48765563964844,132.410888671875,227.60792541503906,263.3707275390625,18.5,346.1979064941406,36.33658218383789,29.102378845214844,58.84759521484375
2022-10-10,137.84788513183594,113.66999816894531,28.016822814941406,155.47999572753906,97.05780792236328,275.4635925292969,96.57695770263672,132.7482452392578,222.7592010498047,260.7378845214844,18.09000015258789,343.55462646484375,35.59030532836914,28.970483779907227,57.85844421386719
2022-10-11,136.4342498779297,112.20999908447266,27.20355224609375,155.16000366210938,96.3833999633789,269.6617126464844,93.78977966308594,127.53913116455078,219.02792358398438,257.1559143066406,17.68000030517578,341.3788757324219,35.306007385253906,28.603055953979492,56.97160720825195
2022-10-12,135.80596923828125,112.9000015258789,27.285791397094727,155.99000549316406,96.7602767944336,270.6699523925781,95.30756378173828,126.5072250366211,219.35829162597656,257.0677795410156,17.59000015258789,340.2528381347656,35.59030532836914,28.537105560302734,56.79619216918945
2022-10-13,140.37078857421875,112.52999877929688,28.958030700683594,154.91000366210938,98.24797058105469,281.44866943359375,100.60601806640625,129.27549743652344,227.60792541503906,263.0965881347656,17.389999389648438,349.2325134277344,37.04288101196289,29.71476936340332,58.56011199951172
2022-10-14,135.84523010253906,106.9000015258789,28.9671688079834,152.97999572753906,95.76847839355469,274.9594421386719,102.28016662597656,125.77300262451172,222.0887451171875,255.18862915039062,16.809999465942383,341.2738342285156,35.661380767822266,29.21544075012207,56.91313934326172
2022-10-17,139.8014373779297,113.79000091552734,30.721643447875977,153.4199981689453,99.15052032470703,281.11871337890625,106.57594299316406,132.99627685546875,230.80477905273438,263.6153259277344,17.1200008392334,350.04364013671875,36.10559844970703,29.950302124023438,58.6478157043457
2022-10-18,141.1168975830078,116.36000061035156,31.873027801513672,153.75,99.94396209716797,287.6630554199219,109.31714630126953,131.7659912109375,231.74728393554688,265.70001220703125,17.229999542236328,354.156494140625,36.42097854614258,30.430784225463867,59.144832611083984
2022-10-19,141.224853515625,115.06999969482422,30.995779037475586,151.69000244140625,98.81330871582031,285.74737548828125,107.17387390136719,132.192626953125,229.7845458984375,264.7310485839844,17.010000228881836,351.6466979980469,37.49597930908203,29.931459426879883,58.97428894042969
2022-10-20,140.76345825195312,115.25,30.794750213623047,151.4499969482422,99.15052032470703,284.87664794921875,106.82431030273438,130.50584411621094,229.4638671875,263.3804016113281,17.170000076293945,348.6981201171875,37.53152084350586,29.450973510742188,59.00839614868164
2022-10-21,144.57240295410156,119.31999969482422,31.93699073791504,154.14999389648438,100.30101013183594,297.974365234375,112.43550872802734,128.9976806640625,235.2648162841797,269.5561218261719,17.760000228881836,357.17193603515625,38.615394592285156,30.327150344848633,60.58715057373047
2022-10-24,146.71249389648438,119.81999969482422,32.04664611816406,153.64999389648438,101.67961120605469,301.2739562988281,112.573486328125,128.70994567871094,240.2495880126953,272.52166748046875,17.68000030517578,361.5424499511719,38.797523498535156,30.732267379760742,61.42525100708008
2022-10-25,149.54954528808594,120.5999984741211,32.339054107666016,154.0,103.6235580444336,304.6651611328125,112.86783599853516,136.43927001953125,243.56301879882812,278.158935546875,17.860000610351562,367.3158264160156,38.837493896484375,31.099699020385742,62.599571228027344
2022-10-26,146.61431884765625,115.66000366210938,32.6223258972168,154.97999572753906,94.15184783935547,307.68072509765625,114.16487121582031,128.8092041015625,224.77061462402344,272.0126953125,17.979999542236328,364.5484313964844,39.36611557006836,31.17506980895996,61.20598220825195
2022-10-27,142.1476287841797,110.95999908447266,32.77767562866211,154.74000549316406,91.46405029296875,309.04638671875,114.61559295654297,97.17740631103516,220.3300018310547,267.0604248046875,17.979999542236328,362.6017150878906,39.508262634277344,31.4294490814209,60.509185791015625
2022-10-28,152.8872833251953,103.41000366210938,33.06095504760742,153.16000366210938,95.50069427490234,313.29925537109375,115.97699737548828,98.4275894165039,229.19178771972656,275.2326354980469,17.739999771118164,371.2282409667969,39.645965576171875,32.21141052246094,63.14045333862305
2022-10-31,150.53123474121094,102.44000244140625,32.933021545410156,151.91000366210938,93.73528289794922,315.7647705078125,115.79301452636719,92.43462371826172,225.5576629638672,272.0322570800781,17.6200008392334,368.5467529296875,39.979122161865234,32.01355743408203,62.30721664428711
2022-11-01,147.89044189453125,96.79000091552734,33.079227447509766,153.4600067138672,89.7283935546875,319.4951477050781,117.88111877441406,94.458740234375,221.70977783203125,269.252685546875,18.049999237060547,366.9340515136719,40.3655891418457,32.09835433959961,61.78584289550781
2022-11-02,142.37344360351562,92.12000274658203,32.97870635986328,152.38999938964844,86.25708770751953,320.6042785644531,116.79570007324219,89.83502960205078,213.8682861328125,260.0234680175781,17.729999542236328,357.7254333496094,39.39276885986328,31.6932373046875,59.65159606933594
2022-11-03,136.3361053466797,89.30000305175781,32.79594421386719,151.80999755859375,82.74610137939453,319.760986328125,117.00723266601562,88.21771240234375,208.1839141845703,254.9439697265625,17.940000534057617,354.0419921875,40.12126541137695,31.37291145324707,57.89742660522461
2022-11-04,136.0706024169922,90.9800033569336,33.61836242675781,156.47000122070312,85.87026977539062,328.0467529296875,120.20838928222656,90.08307647705078,215.1217803955078,259.0447998046875,19.260000228881836,359.1377258300781,40.60990524291992,31.947608947753906,58.95479965209961
2022-11-07,136.60157775878906,90.52999877929688,33.819400787353516,155.85000610351562,87.7646255493164,332.3087158203125,120.84307861328125,95.96688842773438,221.41827392578125,261.8927917480469,19.149999618530273,362.5730895996094,41.30731964111328,32.267940521240234,59.93907928466797
2022-11-08,137.17189025878906,89.9800033569336,33.91078567504883,159.4499969482422,88.1712646484375,333.6468811035156,120.91668701171875,95.7188491821289,222.3899688720703,263.80133056640625,19.700000762939453,364.5294189453125,41.3473014831543,32.45637130737305,60.51405715942383
2022-11-09,132.61915588378906,86.13999938964844,33.37163543701172,158.64999389648438,86.6042251586914,331.79547119140625,119.34371948242188,100.67992401123047,218.15341186523438,257.7137145996094,19.360000610351562,357.0192565917969,39.32612991333008,31.909929275512695,58.9401741027832
2022-11-10,144.41888427734375,96.62999725341797,34.84284210205078,163.47999572753906,93.16996765136719,346.7445983886719,124.25579833984375,110.99893188476562,236.10044860839844,276.7300720214844,19.969999313354492,376.63897705078125,40.20122528076172,33.52096939086914,63.78364944458008
2022-11-11,147.20167541503906,100.79000091552734,35.09870910644531,164.55999755859375,95.61971282958984,353.0322265625,124.45818328857422,112.13997650146484,240.11355590820312,281.8291015625,19.950000762939453,380.28424072265625,41.369510650634766,33.794189453125,64.8751220703125
2022-11-14,145.8053741455078,98.48999786376953,34.50473403930664,164.9199981689453,94.91551971435547,350.4566955566406,123.17955780029297,113.33064270019531,234.71099853515625,279.3628234863281,20.239999771118164,377.0492858886719,41.35618591308594,33.313697814941406,64.31964111328125
2022-11-15,147.53599548339844,98.94000244140625,34.44990921020508,165.5,97.63306427001953,350.93328857421875,122.28731536865234,116.16838073730469,235.1190643310547,283.22869873046875,19.8799991607666,380.26513671875,41.79151153564453,33.38906478881836,65.09928131103516
2022-11-16,146.3068389892578,97.12000274658203,34.13922882080078,165.1199951171875,98.03971099853516,350.4291076660156,122.45287322998047,112.34835052490234,235.54782104492188,279.3628234863281,19.739999771118164,377.3642578125,40.938629150390625,33.22890853881836,64.20756530761719
2022-11-17,148.2046356201172,94.8499984741211,33.96560287475586,163.9199981689453,97.55372619628906,348.0919189453125,121.9193344116211,110.58219909667969,235.49908447265625,278.74615478515625,19.290000915527344,376.2095031738281,41.02747344970703,33.049903869628906,64.29041290283203
2022-11-18,148.76513671875,94.13999938964844,33.983882904052734,162.7899932861328,96.63134765625,347.5603332519531,123.11515808105469,111.17754364013672,235.05087280273438,278.7559509277344,19.25,377.91766357421875,40.703189849853516,33.32312774658203,64.36348724365234
2022-11-21,145.5398712158203,92.45999908447266,34.09354019165039,161.8800048828125,94.81633758544922,348.48602294921875,122.38847351074219,109.00458526611328,235.85963439941406,275.8882751464844,19.200000762939453,376.5434875488281,40.152366638183594,33.426761627197266,63.67156982421875
2022-11-22,147.67364501953125,93.19999694824219,34.25802230834961,162.07000732421875,96.25446319580078,351.8406677246094,124.21903228759766,110.57228088378906,238.76341247558594,279.8619689941406,19.43000030517578,381.61065673828125,41.409488677978516,33.76592254638672,64.90435028076172
2022-11-23,148.54879760742188,94.12999725341797,34.367671966552734,163.0800018310547,97.65290069580078,354.0221252441406,125.54363250732422,111.36605072021484,241.2482452392578,282.67083740234375,19.809999465942383,384.0154724121094,40.960838317871094,33.90724182128906,65.47933959960938
2022-11-25,145.63819885253906,93.41000366210938,34.44990921020508,163.22000122070312,96.66109466552734,356.41424560546875,125.78278350830078,110.54251861572266,241.16049194335938,280.8113098144531,19.719999313354492,383.92950439453125,40.80979919433594,34.02029800415039,65.09928131103516
2022-11-28,141.81312561035156,93.94999694824219,33.682334899902344,161.92999267578125,95.26265716552734,350.4566955566406,123.58430480957031,107.93299865722656,235.5770263671875,276.6908874511719,19.260000228881836,377.80316162109375,39.69038009643555,33.43617630004883,63.705692291259766
2022-11-29,138.8140106201172,92.41999816894531,33.81025695800781,162.72999572753906,94.40971374511719,351.6940002441406,125.61721801757812,108.60771179199219,234.18360900878906,274.5964660644531,19.559999465942383,377.154296875,40.290077209472656,33.63402557373047,63.08197784423828
2022-11-30,145.5595245361328,96.54000091552734,34.586978912353516,164.80999755859375,100.16215515136719,356.2515563964844,127.107421875,117.180419921875,248.61488342285156,287.1141662597656,20.43000030517578,389.0348815917969,40.48996353149414,34.20873260498047,66.24921417236328
2022-12-01,145.83485412597656,95.5,33.59431838989258,167.83999633789062,100.16215515136719,354.0927429199219,125.3228530883789,119.50220489501953,248.17637634277344,287.4664611816406,20.979999542236328,388.7486267089844,40.35670471191406,34.01087188720703,66.34181213378906
2022-12-02,145.34324645996094,94.12999725341797,33.16232681274414,167.25999450683594,99.61666870117188,351.1127014160156,124.32941436767578,122.5284652709961,248.49790954589844,286.3214111328125,21.290000915527344,388.300048828125,40.1168327331543,33.8507194519043,65.95686340332031
2022-12-05,144.18289184570312,91.01000213623047,31.68252182006836,164.38999938964844,98.66455078125,342.7728271484375,120.84307861328125,121.47671508789062,243.80120849609375,281.5158996582031,20.440000534057617,381.3148193359375,38.92634201049805,33.01222610473633,64.86051940917969
2022-12-06,140.52499389648438,88.25,30.331390380859375,164.83999633789062,96.1850357055664,334.8109436035156,121.04547882080078,113.2314224243164,238.85110473632812,275.6828308105469,20.440000534057617,375.8182678222656,37.90020751953125,32.72015380859375,63.47179412841797
2022-12-07,138.587890625,88.45999908447266,30.092426300048828,166.3300018310547,94.1617431640625,332.052490234375,120.96268463134766,113.04290008544922,238.1203155517578,274.5572814941406,20.920000076293945,375.178955078125,37.811370849609375,32.588260650634766,63.15019989013672
2022-12-08,140.26931762695312,90.3499984741211,29.816679000854492,166.47000122070312,92.94182586669922,330.35491943359375,122.23210906982422,114.43199157714844,241.0727996826172,277.80657958984375,21.209999084472656,378.1180419921875,37.64256286621094,32.61652755737305,64.18321228027344
2022-12-09,139.78749084472656,89.08999633789062,29.76153564453125,167.05999755859375,92.06904602050781,331.3327941894531,121.56978607177734,114.99756622314453,239.14344787597656,276.03521728515625,21.559999465942383,375.2934875488281,36.72748947143555,32.531734466552734,63.78852844238281
2022-12-12,142.07859802246094,90.55000305175781,30.083223342895508,165.67999267578125,92.54511260986328,335.0600280761719,123.45552825927734,113.81681060791016,246.05210876464844,279.499755859375,21.459999084472656,380.70416259765625,37.69143295288086,32.965118408203125,65.18212890625
2022-12-13,143.0423126220703,92.48999786376953,30.10161018371582,168.50999450683594,94.8460922241211,340.1434631347656,123.3359375,119.2144775390625,250.34933471679688,282.50439453125,21.829999923706055,383.5860290527344,38.4066162109375,33.049903869628906,65.95199584960938
2022-12-14,140.81997680664062,91.58000183105469,29.66961669921875,168.10000610351562,94.29068756103516,332.476806640625,122.71961975097656,120.64324188232422,250.6416473388672,280.4100341796875,21.989999771118164,381.1335754394531,38.171180725097656,32.635372161865234,65.39651489257812
2022-12-15,134.22195434570312,88.44999694824219,29.20086097717285,165.35000610351562,90.11519622802734,322.7436828613281,119.67486572265625,115.24561309814453,242.6416473388672,270.99481201171875,21.239999771118164,371.8103332519531,37.94019317626953,31.994718551635742,62.950416564941406
2022-12-16,132.26515197753906,87.86000061035156,29.13652229309082,166.7899932861328,89.52012634277344,319.5331726074219,118.92977905273438,118.50006103515625,238.43212890625,268.4109802246094,21.3700008392334,367.4206848144531,37.4737663269043,31.74976921081543,62.117183685302734
2022-12-19,130.16087341308594,84.91999816894531,29.467409133911133,166.32000732421875,87.71504211425781,317.92779541015625,119.6380615234375,113.58861541748047,234.30056762695312,264.638916015625,21.1200008392334,364.30517578125,37.469276428222656,31.664443969726562,61.28888702392578
2022-12-20,130.09207153320312,85.19000244140625,29.586896896362305,169.0800018310547,88.29027557373047,317.8171691894531,120.21759033203125,116.17829895019531,235.61602783203125,264.4328918457031,22.229999542236328,364.80364990234375,38.03475570678711,31.797170639038086,61.38173294067383
2022-12-21,133.18948364257812,86.7699966430664,30.037273406982422,168.8000030517578,88.84568786621094,323.04815673828125,121.56978607177734,118.8274917602539,238.1787872314453,268.268798828125,22.06999969482422,370.25836181640625,38.757301330566406,32.29014587402344,62.398162841796875
2022-12-22,130.0232391357422,83.79000091552734,29.770721435546875,166.75999450683594,87.04060363769531,318.8227233886719,120.19000244140625,116.20806121826172,232.09835815429688,261.70556640625,21.690000534057617,364.9761047363281,37.86421203613281,32.005741119384766,60.82464599609375
2022-12-23,129.65939331054688,85.25,29.844253540039062,167.25999450683594,88.49856567382812,318.7581787109375,120.76031494140625,117.12089538574219,232.62452697753906,262.29412841796875,21.850000381469727,367.0755920410156,39.071449279785156,32.18586730957031,60.88817596435547
2022-12-27,127.85990905761719,83.04000091552734,29.899398803710938,168.6699981689453,86.67364501953125,315.49224853515625,121.18344116210938,115.96992492675781,230.89984130859375,258.58575439453125,22.110000610351562,365.6280822753906,39.48882293701172,32.1763801574707,60.311546325683594
2022-12-28,123.93651580810547,81.81999969482422,30.119997024536133,167.91000366210938,85.31487274169922,314.4774475097656,121.84576416015625,114.7197494506836,228.5319366455078,255.1717529296875,21.600000381469727,361.0841369628906,38.60470962524414,32.06261444091797,59.33909225463867
2022-12-29,127.44696807861328,84.18000030517578,30.460071563720703,168.85000610351562,87.7249526977539,316.83917236328125,122.54486846923828,119.3236083984375,234.84620666503906,261.39166259765625,21.969999313354492,367.58367919921875,39.00862121582031,32.50819778442383,60.893062591552734
2022-12-30,127.76160430908203,84.0,30.441694259643555,169.63999938964844,87.50675964355469,316.7931213378906,123.3543472290039,119.4029769897461,233.68667602539062,261.2345886230469,22.020000457763672,366.615478515625,39.25545883178711,32.42287063598633,60.80998992919922
2023-01-03,122.98272705078125,85.81999969482422,30.800148010253906,171.05999755859375,88.38945770263672,319.4132080078125,124.29257202148438,123.76873016357422,233.4528045654297,259.46875,22.049999237060547,365.072021484375,37.8776741027832,32.5366325378418,60.23336410522461
2023-01-04,124.2511978149414,85.13999938964844,31.379207611083984,172.6699981689453,87.35800170898438,320.7785949707031,125.45167541503906,126.37825775146484,223.24085998535156,260.70489501953125,21.889999389648438,367.8904724121094,37.87318801879883,33.05805969238281,60.38973617553711
2023-01-05,122.93355560302734,83.12000274658203,31.314863204956055,170.52000427246094,85.4933853149414,317.1436767578125,125.42383575439453,125.95159912109375,216.62445068359375,256.62371826171875,21.389999389648438,363.69158935546875,38.56432342529297,32.81156921386719,59.2169303894043
2023-01-06,127.45677185058594,86.08000183105469,31.62736701965332,173.7100067138672,86.62405395507812,321.1291809082031,127.82392120361328,129.00762939453125,219.17747497558594,263.7068786621094,21.920000076293945,372.0318298339844,39.29584503173828,33.54155731201172,60.95170211791992
2023-01-09,127.97793579101562,87.36000061035156,31.14942169189453,174.10000610351562,87.29847717285156,325.66827392578125,127.29568481445312,128.46189880371094,221.3114471435547,265.4139404296875,21.739999771118164,371.8208923339844,39.15672302246094,33.41831588745117,61.660274505615234
2023-01-10,128.54824829101562,89.87000274658203,31.360816955566406,174.74000549316406,87.69520568847656,329.690673828125,128.4354705810547,131.95448303222656,222.9971923828125,267.6605224609375,21.729999542236328,374.42840576171875,39.434974670410156,33.60792922973633,62.04143142700195
2023-01-11,131.26220703125,95.08999633789062,31.59979820251465,174.6199951171875,90.76978302001953,336.25933837890625,129.38995361328125,131.85525512695312,229.740234375,272.2911071777344,21.549999237060547,379.1640930175781,39.556148529052734,33.92076873779297,63.11650848388672
2023-01-12,131.18353271484375,95.2699966430664,31.68252182006836,176.63999938964844,90.38298034667969,341.2966003417969,129.26022338867188,135.64553833007812,232.41015625,273.76263427734375,21.8799991607666,380.5445861816406,40.31010818481445,33.98712921142578,63.585628509521484
2023-01-13,132.51100158691406,98.12000274658203,32.38106155395508,178.75999450683594,91.36486053466797,345.042236328125,132.52207946777344,135.91339111328125,233.11175537109375,275.64630126953125,22.329999923706055,382.0209045410156,40.368446350097656,34.243099212646484,63.76643753051758
2023-01-17,133.6713104248047,96.05000305175781,31.728477478027344,177.58999633789062,90.54167175292969,322.82672119140625,130.47413635253906,134.30604553222656,234.20310974121094,276.2054443359375,22.010000228881836,381.3211364746094,40.453712463378906,34.01558303833008,64.05476379394531
2023-01-18,132.95350646972656,95.45999908447266,30.993173599243164,177.0800018310547,90.37307739257812,322.0610046386719,126.55438232421875,131.9842529296875,229.77920532226562,272.6148376464844,21.56999969482422,375.30078125,39.71322250366211,33.380393981933594,63.228904724121094
2023-01-19,133.0124969482422,93.68000030517578,30.542795181274414,179.88999938964844,92.28724670410156,323.5924377441406,124.86785888671875,135.0898895263672,225.99842834472656,269.9365539550781,21.959999084472656,372.5686950683594,40.206878662109375,32.99169921875,62.49101257324219
2023-01-20,135.569091796875,97.25,31.11264991760254,179.2899932861328,97.21649169921875,315.372314453125,125.17362976074219,138.28480529785156,234.07643127441406,277.3238525390625,22.020000457763672,379.50927734375,40.606300354003906,33.51311492919922,64.18180084228516
2023-01-23,138.75502014160156,97.5199966430664,31.544654846191406,179.6300048828125,98.97199249267578,322.10711669921875,127.20301818847656,142.1544647216797,236.37606811523438,283.4849853515625,21.579999923706055,384.0628356933594,40.660160064697266,33.90180969238281,65.64292907714844
2023-01-24,140.1512908935547,96.31999969482422,31.77442741394043,180.27999877929688,96.89913177490234,321.3598327636719,128.29647827148438,142.02545166015625,235.8498992919922,282.906005859375,21.760000228881836,383.650634765625,40.503082275390625,33.92076873779297,65.6136245727539
2023-01-25,139.49249267578125,97.18000030517578,32.0501708984375,181.11000061035156,94.439453125,322.5592041015625,128.9173583984375,140.3982391357422,234.4564666748047,282.27825927734375,21.969999313354492,383.7944030761719,40.507572174072266,34.18621826171875,65.47677612304688
2023-01-26,141.55743408203125,99.22000122070312,32.4821662902832,179.47000122070312,96.72058868408203,327.4856872558594,129.71426391601562,146.15306091308594,241.65745544433594,287.78192138671875,21.989999771118164,388.01251220703125,41.786617279052734,34.3663444519043,66.52252960205078
2023-01-27,143.4945831298828,102.23999786376953,32.58327102661133,179.22000122070312,98.5554428100586,326.3140563964844,130.0293731689453,150.55848693847656,241.81338500976562,290.6466064453125,21.68000030517578,388.904052734375,40.942901611328125,34.3663444519043,66.80107879638672
2023-01-30,140.61349487304688,100.55000305175781,32.445404052734375,178.75999450683594,96.1453628540039,329.78289794921875,128.9266357421875,145.91490173339844,236.50277709960938,284.77008056640625,21.65999984741211,384.0245361328125,40.00492477416992,34.19569778442383,65.52562713623047
2023-01-31,141.8819580078125,103.12999725341797,32.61083984375,179.41000366210938,98.02978515625,337.4864501953125,129.69578552246094,147.81005859375,241.47230529785156,289.03765869140625,21.829999923706055,389.6709289550781,40.359474182128906,34.66024398803711,66.43946075439453
2023-02-01,143.00296020507812,105.1500015258789,33.015262603759766,181.6699981689453,99.60675811767578,337.3941955566406,129.35287475585938,151.927734375,246.28599548339844,295.21832275390625,22.079999923706055,393.8122863769531,39.565120697021484,34.66024398803711,68.00320434570312
2023-02-02,148.302978515625,112.91000366210938,33.208282470703125,177.89999389648438,106.85681915283203,340.8630065917969,128.7505645751953,187.30018615722656,257.8328857421875,305.8135986328125,21.56999969482422,399.54498291015625,38.663055419921875,34.75503921508789,69.86015319824219
2023-02-03,151.9215545654297,103.38999938964844,33.48401641845703,173.4600067138672,103.92108154296875,341.3058776855469,130.74285888671875,185.07762145996094,251.7427215576172,300.3786315917969,20.56999969482422,395.2981872558594,38.57778549194336,34.688682556152344,69.27862548828125
2023-02-06,149.19776916503906,102.18000030517578,33.42887496948242,173.82000732421875,102.05650329589844,342.0899658203125,131.51199340820312,184.6112518310547,250.20314025878906,297.8376770019531,20.479999542236328,392.88238525390625,38.40275955200195,34.6792106628418,68.4332275390625
2023-02-07,152.06906127929688,102.11000061035156,33.79652404785156,173.97999572753906,106.75764465332031,345.4112243652344,133.11512756347656,190.1279754638672,260.71722412109375,304.0085144042969,20.3799991607666,398.0207214355469,39.650394439697266,35.0773811340332,70.1435775756836
2023-02-08,149.3845977783203,100.05000305175781,33.54835891723633,174.41000366210938,98.5554428100586,346.0570983886719,132.17922973632812,182.00173950195312,259.908447265625,298.6029357910156,20.479999542236328,393.6685485839844,39.29584503173828,34.86880874633789,69.29816436767578
2023-02-09,148.35211181640625,98.23999786376953,32.83143615722656,173.02999877929688,94.23118591308594,339.4975891113281,130.1220245361328,176.53465270996094,256.87799072265625,295.9638671875,20.18000030517578,390.2557067871094,38.95924758911133,34.4801139831543,68.9170150756836
2023-02-10,148.7165069580078,97.61000061035156,32.702762603759766,173.36000061035156,93.79479217529297,342.5328674316406,130.696533203125,172.79397583007812,256.371337890625,294.02142333984375,20.239999771118164,391.1664733886719,40.48512649536133,34.593875885009766,68.59938049316406
2023-02-13,151.51339721679688,99.54000091552734,32.76709747314453,172.47999572753906,93.83446502685547,345.0606994628906,132.11436462402344,178.0329132080078,264.3811340332031,298.7304382324219,20.200000762939453,395.75836181640625,40.381919860839844,34.99205017089844,69.7868423461914
2023-02-14,150.87327575683594,99.69999694824219,32.73951721191406,172.61000061035156,93.90387725830078,342.9941711425781,132.69813537597656,178.08250427246094,265.2093200683594,300.9378662109375,20.1200008392334,395.57623291015625,40.3953742980957,34.80244445800781,70.08493041992188
2023-02-15,152.97091674804688,101.16000366210938,32.68437576293945,170.88999938964844,96.1453628540039,345.3559875488281,133.25413513183594,175.7805633544922,263.0895080566406,303.2433166503906,19.889999389648438,396.86077880859375,39.70872497558594,34.840362548828125,70.41233825683594
2023-02-16,151.37551879882812,98.1500015258789,32.42701721191406,170.75,94.72708129882812,341.5364990234375,131.4193572998047,171.09732055664062,256.08538818359375,297.55316162109375,19.84000015258789,391.3965148925781,39.31828308105469,34.48958969116211,69.190673828125
2023-02-17,150.23316955566406,97.19999694824219,32.49135971069336,171.25999450683594,93.57658386230469,339.9681091308594,131.80856323242188,171.53390502929688,252.09002685546875,295.4537353515625,20.010000228881836,390.41864013671875,37.918067932128906,34.499080657958984,68.32572174072266
2023-02-21,146.22496032714844,94.58000183105469,31.728477478027344,170.6199951171875,91.03759002685547,333.1595153808594,129.38995361328125,170.7401123046875,246.82470703125,288.45880126953125,20.06999969482422,382.5865783691406,37.729576110839844,33.788047790527344,66.70333862304688
2023-02-22,146.6484375,95.79000091552734,31.51707649230957,169.66000366210938,90.89873504638672,332.9473571777344,128.39840698242188,169.78759765625,245.69154357910156,288.6746826171875,19.75,382.0592041015625,37.478248596191406,33.750118255615234,66.6056137084961
2023-02-23,147.1309814453125,95.81999969482422,31.489492416381836,169.57000732421875,90.14494323730469,335.3921813964844,129.42703247070312,170.70042419433594,248.87611389160156,291.1959533691406,19.6299991607666,384.0916748046875,38.043724060058594,33.778560638427734,67.71000671386719
2023-02-24,144.4818115234375,93.5,31.443538665771484,168.35000610351562,88.39938354492188,335.6781005859375,130.5946044921875,169.0633087158203,243.4545135498047,286.3201904296875,19.09000015258789,379.98858642578125,37.99435806274414,33.807003021240234,66.50298309326172
2023-02-27,145.67347717285156,93.76000213623047,31.443538665771484,169.00999450683594,89.1333236694336,337.2281188964844,131.73440551757812,168.2199249267578,244.372802734375,288.3705139160156,18.93000030517578,381.28277587890625,38.10655975341797,33.79751968383789,66.8597183227539
2023-02-28,145.17120361328125,94.2300033569336,31.52626609802246,169.77999877929688,89.3217544555664,324.42279052734375,132.83714294433594,173.577880859375,243.64990234375,287.99774169921875,19.219999313354492,379.8735046386719,37.55903625488281,33.86388397216797,66.71310424804688
2023-03-01,143.1031036376953,92.16999816894531,31.379207611083984,170.75999450683594,89.61930847167969,321.7095642089844,132.0958251953125,172.06971740722656,240.57278442382812,285.6824645996094,19.290000915527344,378.4163818359375,38.29953384399414,33.750118255615234,66.22444915771484
2023-03-02,143.69398498535156,92.12999725341797,30.981416702270508,170.66000366210938,91.24584197998047,324.37628173828125,130.72434997558594,173.17103576660156,245.30078125,288.0467529296875,19.239999771118164,381.3594055175781,38.63612747192383,33.58896255493164,67.04051971435547
2023-03-03,148.73623657226562,94.9000015258789,31.601226806640625,172.49000549316406,92.88232421875,331.8004455566406,133.1244354248047,183.8075714111328,249.3841094970703,294.0018005371094,19.549999237060547,387.47564697265625,39.16120529174805,34.1198616027832,68.48208618164062
2023-03-06,151.49368286132812,93.75,31.53647232055664,171.6199951171875,94.3501968383789,331.7633056640625,132.34600830078125,183.46031188964844,250.92755126953125,294.33538818359375,19.31999969482422,387.74407958984375,39.179161071777344,34.148292541503906,68.80948638916016
2023-03-07,149.29757690429688,93.55000305175781,30.528114318847656,168.6199951171875,93.09061431884766,321.5701904296875,128.45404052734375,183.07333374023438,248.2704620361328,290.72509765625,18.450000762939453,381.8004150390625,38.49700927734375,33.266632080078125,67.95433807373047
2023-03-08,150.54830932617188,93.91999816894531,30.121076583862305,168.5399932861328,93.47740936279297,324.5528869628906,127.69414520263672,183.5297393798828,247.83087158203125,292.17706298828125,18.399999618530273,382.4236145019531,38.10206985473633,33.14338302612305,68.51631927490234
2023-03-09,148.30288696289062,92.25,28.252384185791016,170.1999969482422,91.563232421875,317.86273193359375,120.78125762939453,180.27529907226562,246.48280334472656,287.11480712890625,18.440000534057617,375.367919921875,37.56352233886719,31.797170639038086,67.53407287597656
2023-03-10,146.24465942382812,90.7300033569336,28.002613067626953,173.8699951171875,89.8870849609375,304.4640197753906,123.8485107421875,178.1122589111328,242.83908081054688,283.0826416015625,18.860000610351562,369.9515075683594,37.08332443237305,31.21886444091797,66.34660339355469
2023-03-13,148.18470764160156,92.43000030517578,26.37444496154785,177.86000061035156,90.36315155029297,293.1651306152344,121.62451934814453,179.49143981933594,248.0457763671875,285.1820983886719,20.0,369.4242858886719,36.3293571472168,29.986417770385742,66.70822143554688
2023-03-14,150.27255249023438,94.87999725341797,26.60572052001953,176.8300018310547,93.19969940185547,299.3349609375,124.74738311767578,192.50927734375,254.7569122314453,291.73553466796875,19.889999389648438,375.53094482421875,36.688377380371094,30.593158721923828,68.24754333496094
2023-03-15,150.66647338867188,96.19999694824219,26.355941772460938,178.2100067138672,95.32215881347656,290.0802917480469,118.8537826538086,196.21023559570312,259.2992858886719,293.2660217285156,20.0,373.1822509765625,34.71821212768555,29.777851104736328,68.28662872314453
2023-03-16,153.48301696777344,100.04000091552734,26.799985885620117,178.57000732421875,99.49765014648438,292.7749328613281,121.16119384765625,203.33432006835938,269.8103942871094,300.9967041015625,19.920000076293945,379.7298278808594,35.09519577026367,30.346668243408203,70.20221710205078
2023-03-17,152.64593505859375,98.94999694824219,25.736125946044922,183.77000427246094,100.78699493408203,282.0429382324219,116.58345031738281,194.08689880371094,272.965576171875,299.5740966796875,20.6299991607666,375.2896728515625,34.543182373046875,29.370193481445312,70.10447692871094
2023-03-20,155.00946044921875,97.70999908447266,25.67137336730957,183.83999633789062,100.39027404785156,287.60870361328125,117.81592559814453,196.269775390625,265.9322509765625,300.6372985839844,20.690000534057617,378.8983154296875,35.23472595214844,29.69698143005371,70.29352569580078
2023-03-21,156.86090087890625,100.61000061035156,26.448450088500977,180.3699951171875,104.0599365234375,294.809814453125,120.9758529663086,200.58590698242188,267.4463806152344,304.9311218261719,20.540000915527344,383.87347412109375,36.45456314086914,30.44965171813965,70.86162567138672
2023-03-22,155.43295288085938,98.69999694824219,25.569612503051758,183.44000244140625,102.52265930175781,291.45550537109375,117.8530044555664,198.25418090820312,265.9908142089844,300.78466796875,21.100000381469727,377.3297424316406,35.67913055419922,29.744619369506836,70.1563949584961
2023-03-23,156.51622009277344,98.70999908447266,24.949798583984375,185.74000549316406,104.734375,292.55194091796875,117.5379409790039,202.68939208984375,271.2365417480469,304.3514099121094,21.280000686645508,378.34991455078125,35.184844970703125,29.544546127319336,71.2975082397461
2023-03-24,157.81619262695312,98.12999725341797,25.10706329345703,183.64999389648438,104.57567596435547,290.4334411621094,115.74948120117188,204.40591430664062,274.07928466796875,305.47149658203125,21.219999313354492,380.83258056640625,35.32088851928711,29.52549171447754,71.48359680175781
2023-03-27,155.87612915039062,98.04000091552734,26.355941772460938,181.9499969482422,101.6201171875,295.9713134765625,119.06693267822266,201.2606201171875,269.9862060546875,303.378662109375,21.219999313354492,381.5447082519531,36.07365036010742,29.935171127319336,70.93019104003906
2023-03-28,155.25567626953125,97.23999786376953,26.01365852355957,183.44000244140625,100.20182800292969,295.88763427734375,119.4283218383789,199.117431640625,268.86279296875,301.7672424316406,21.43000030517578,380.6882019042969,36.63142395019531,29.925643920898438,70.59716033935547
2023-03-29,158.32826232910156,100.25,26.522457122802734,182.52999877929688,100.55888366699219,298.0061950683594,119.66926574707031,203.75106811523438,274.0205993652344,307.2696838378906,21.440000534057617,386.2214660644531,37.13930892944336,30.36389923095703,72.0761947631836
2023-03-30,159.89414978027344,102.0,26.18017578125,184.17999267578125,100.06298065185547,298.396484375,119.307861328125,206.2216796875,277.47869873046875,310.17803955078125,21.940000534057617,388.48291015625,37.30255889892578,30.297212600708008,72.91368103027344
2023-03-31,162.3955535888672,103.29000091552734,26.457704544067383,183.22000122070312,102.87969207763672,303.9436950683594,120.75344848632812,210.28976440429688,281.63043212890625,315.3365173339844,22.1200008392334,393.95843505859375,37.56104278564453,30.630678176879883,73.95682525634766
2023-04-03,163.64627075195312,102.41000366210938,26.448450088500977,184.5399932861328,103.50454711914062,303.3954772949219,120.61445617675781,211.41098022460938,280.5852355957031,314.57012939453125,22.059999465942383,395.45965576171875,39.26155090332031,30.687835693359375,73.83929443359375
2023-04-04,163.114501953125,103.94999694824219,25.88414192199707,187.97999572753906,103.86157989501953,299.799560546875,119.00206756591797,213.04812622070312,280.536376953125,313.5090026855469,22.969999313354492,393.2655944824219,38.54960250854492,30.402009963989258,73.43280792236328
2023-04-05,161.27284240722656,101.0999984741211,25.569612503051758,187.8300018310547,103.61363220214844,298.75885009765625,119.17950439453125,209.83334350585938,277.76202392578125,310.4138488769531,22.940000534057617,392.2359313964844,39.13005065917969,30.36389923095703,72.59532165527344
2023-04-06,162.1592254638672,102.05999755859375,25.75463104248047,186.49000549316406,107.53124237060547,299.56719970703125,119.04876708984375,214.4173583984375,284.85406494140625,312.5067138671875,22.889999389648438,393.7659912109375,38.5359992980957,30.478229522705078,73.00672149658203
2023-04-10,159.56915283203125,102.16999816894531,25.84714126586914,185.11000061035156,105.56748962402344,301.9459228515625,119.4410171508789,213.077880859375,282.69525146484375,312.3299255371094,22.8799991607666,394.1701354980469,38.8443603515625,30.544925689697266,72.96753692626953
2023-04-11,158.35784912109375,99.91999816894531,26.559465408325195,186.27999877929688,104.48641967773438,304.18524169921875,120.02941131591797,212.1848907470703,276.2870178222656,310.325439453125,23.040000915527344,394.2760009765625,39.21167755126953,30.811687469482422,72.28189849853516
2023-04-12,157.6685028076172,97.83000183105469,26.346689224243164,187.19000244140625,103.78224182128906,306.85198974609375,120.01071166992188,212.33370971679688,276.9317321777344,307.5840759277344,23.43000030517578,392.6689147949219,39.23887634277344,30.744998931884766,71.87049865722656
2023-04-13,163.0455780029297,102.4000015258789,26.420698165893555,189.72000122070312,106.54937744140625,308.6081848144531,120.46833801269531,218.63426208496094,283.1348876953125,313.6072998046875,23.739999771118164,397.8846130371094,39.48375701904297,31.021297454833984,73.20751953125
2023-04-14,162.7008514404297,102.51000213623047,27.30879020690918,186.36000061035156,107.97756958007812,313.05889892578125,129.56488037109375,219.765380859375,279.5203857421875,313.0177001953125,23.309999465942383,396.9126892089844,39.556312561035156,31.326171875,72.801025390625
2023-04-17,162.72055053710938,102.73999786376953,28.095121383666992,185.52999877929688,105.1013412475586,315.6233825683594,130.59219360351562,217.15586853027344,282.11883544921875,313.28302001953125,23.020000457763672,398.3369140625,39.089229583740234,31.688215255737305,73.06548309326172
2023-04-18,163.9416961669922,102.30000305175781,28.270885467529297,186.25,103.64340209960938,310.2620849609375,132.05848693847656,216.1934356689453,281.69879150390625,313.3026123046875,23.149999618530273,398.5967102050781,39.243412017822266,31.783496856689453,73.29077911376953
2023-04-19,165.08412170410156,104.30000305175781,27.808340072631836,185.36000061035156,103.32601165771484,313.031005859375,131.890380859375,214.02047729492188,281.7769470214844,313.1552429199219,23.229999542236328,398.5293884277344,39.10736846923828,31.85970115661621,73.08018493652344
2023-04-20,164.11898803710938,103.80999755859375,27.66032600402832,186.08999633789062,104.42691040039062,314.72216796875,131.5074462890625,211.41098022460938,279.4910583496094,310.76763916015625,23.170000076293945,396.3545837402344,38.76273727416992,31.764434814453125,72.60022735595703
2023-04-21,162.51376342773438,106.95999908447266,27.63257598876953,184.25,104.54593658447266,317.46319580078125,131.25527954101562,211.2323455810547,279.1492004394531,311.0918884277344,22.979999542236328,396.66253662109375,38.5359992980957,31.650110244750977,72.36516571044922
2023-04-24,162.8190155029297,106.20999908447266,27.530813217163086,184.80999755859375,105.1013412475586,319.6003112792969,131.4327392578125,211.1331329345703,275.2514953613281,310.4433898925781,23.079999923706055,397.0762634277344,39.12551498413086,31.57388687133789,72.04682159423828
2023-04-25,161.2827606201172,102.56999969482422,26.67972755432129,185.75,102.99870300292969,315.4376220703125,128.5749053955078,205.9339599609375,269.0484313964844,304.5871887207031,22.989999771118164,390.773193359375,38.39088439941406,31.03082275390625,70.5090103149414
2023-04-26,161.27284240722656,104.9800033569336,26.3096866607666,184.74000549316406,102.85986328125,312.72442626953125,126.29610443115234,207.76954650878906,288.5368957519531,306.4344787597656,22.829999923706055,389.11798095703125,37.87845993041992,30.735471725463867,71.55709075927734
2023-04-27,165.85226440429688,109.81999969482422,26.72597885131836,184.75,106.70806121826172,317.4074401855469,127.995849609375,236.7024688720703,297.7780456542969,314.7666931152344,22.889999389648438,396.8645935058594,38.014503479003906,31.230894088745117,73.07528686523438
2023-04-28,167.10296630859375,105.44999694824219,27.086769104003906,184.8000030517578,106.46011352539062,319.1171875,129.1072540283203,238.44879150390625,300.15185546875,316.93804931640625,23.0,400.2519226074219,38.60401916503906,31.602462768554688,73.86868286132812
2023-05-01,167.0143280029297,102.05000305175781,26.864744186401367,183.97000122070312,106.32125854492188,316.45037841796875,131.8717041015625,241.28648376464844,298.4911193847656,316.5746154785156,22.889999389648438,399.8477783203125,38.1686897277832,31.5167179107666,73.91275787353516
2023-05-02,165.9803009033203,103.62999725341797,26.0506591796875,187.52000427246094,104.4566650390625,309.7603454589844,129.7423553466797,237.377197265625,298.3446044921875,313.81353759765625,23.350000381469727,395.3537292480469,36.50898361206055,30.802167892456055,73.22220611572266
2023-05-03,164.9068603515625,103.6500015258789,25.77313232421875,189.11000061035156,104.54593658447266,305.37457275390625,126.99652099609375,235.1844024658203,297.3580017089844,311.7600402832031,23.43000030517578,392.6400451660156,35.8197021484375,30.44965171813965,72.6051254272461
2023-05-04,163.2720489501953,104.0,24.968299865722656,190.44000244140625,103.83184051513672,298.50799560546875,125.2594223022461,231.7017364501953,298.3446044921875,310.6595458984375,23.940000534057617,389.8590393066406,35.420650482177734,30.05902671813965,72.25740051269531
2023-05-05,170.9339141845703,105.66000366210938,25.634366989135742,187.4600067138672,104.70462036132812,303.86004638671875,127.70632934570312,230.96749877929688,303.46337890625,317.262451171875,23.56999969482422,397.0762634277344,36.38201141357422,30.802167892456055,74.06946563720703
2023-05-08,170.86497497558594,105.83000183105469,25.615869522094727,187.69000244140625,106.88658142089844,303.3861999511719,128.01455688476562,231.45367431640625,301.5096740722656,318.0484619140625,23.489999771118164,397.1821594238281,36.38201141357422,30.849803924560547,74.03028869628906
2023-05-09,169.16123962402344,106.62000274658203,25.588115692138672,189.02000427246094,106.47003936767578,301.7693786621094,127.39814758300781,231.5529022216797,299.8978271484375,316.0342102050781,23.479999542236328,395.4403991699219,36.39561080932617,30.735471725463867,73.46217346191406
2023-05-10,170.9240264892578,110.19000244140625,25.27358055114746,188.75,110.8339614868164,299.7065734863281,127.4635238647461,231.26515197753906,305.0849304199219,319.47320556640625,23.309999465942383,397.28802490234375,35.98295593261719,30.563983917236328,74.35843658447266
2023-05-11,171.1111602783203,112.18000030517578,25.338336944580078,187.1300048828125,115.61445617675781,298.0061950683594,127.06194305419922,233.95404052734375,302.9358825683594,320.5147399902344,22.200000762939453,396.5951843261719,35.552162170410156,30.516340255737305,74.02540588378906
2023-05-12,170.18417358398438,110.26000213623047,25.06081199645996,186.80999755859375,116.54673767089844,296.8725891113281,125.24076080322266,231.9894561767578,301.8222351074219,319.3651123046875,22.020000457763672,396.0755310058594,35.60657501220703,30.39248275756836,73.92745971679688
2023-05-15,169.69110107421875,111.19999694824219,25.578861236572266,187.2100067138672,115.55494689941406,299.2606201171875,126.29610443115234,237.0001220703125,302.3009033203125,321.0943908691406,22.100000381469727,397.4420471191406,35.787967681884766,30.640195846557617,74.53962707519531
2023-05-16,169.69110107421875,113.4000015258789,25.310585021972656,184.8699951171875,118.53034210205078,298.0898132324219,125.44622802734375,236.96046447753906,304.5281066894531,321.4580383300781,21.809999465942383,394.7860412597656,34.908233642578125,30.3543758392334,74.61798858642578
2023-05-17,170.302490234375,115.5,26.429950714111328,184.22999572753906,119.84942626953125,306.79620361328125,129.3033447265625,240.6018829345703,307.4064025878906,325.34893798828125,21.81999969482422,399.57830810546875,35.57936477661133,30.964136123657227,75.61217498779297
2023-05-18,172.62986755371094,118.1500015258789,26.33744239807129,181.83999633789062,121.82312774658203,306.23870849609375,130.2840118408203,244.9279327392578,311.8315124511719,331.3918151855469,21.559999465942383,403.42755126953125,35.83784103393555,31.192790985107422,77.15978240966797
2023-05-19,172.73834228515625,116.25,26.00440788269043,183.63999938964844,121.75370788574219,303.0516357421875,129.9851531982422,243.72735595703125,311.6553039550781,330.6450500488281,21.860000610351562,402.8405456542969,36.114463806152344,31.059404373168945,77.12549591064453
2023-05-22,171.7915802001953,115.01000213623047,26.217178344726562,183.2100067138672,124.02494049072266,301.9087829589844,128.9111328125,246.38650512695312,314.43560791015625,331.75537109375,21.670000076293945,403.004150390625,35.96480941772461,31.1165714263916,77.27241516113281
2023-05-23,169.18812561035156,114.98999786376953,26.439197540283203,183.42999267578125,121.55535125732422,300.6543273925781,127.56624603271484,244.81878662109375,308.6400146484375,327.54986572265625,21.510000228881836,398.48126220703125,36.35026931762695,30.754528045654297,76.13130950927734
2023-05-24,169.46424865722656,116.75,25.995155334472656,181.9499969482422,119.90894317626953,297.1606750488281,126.39881896972656,247.2695770263672,307.259521484375,325.8697204589844,21.15999984741211,395.5943603515625,36.50898361206055,30.3543758392334,75.57299041748047
2023-05-25,170.5983428955078,115.0,26.059911727905273,180.1999969482422,122.46780395507812,300.9424743652344,126.70699310302734,250.7224578857422,319.076171875,333.7991027832031,20.860000610351562,399.0201721191406,35.86051559448242,30.344846725463867,78.47229766845703
2023-05-26,173.00457763671875,120.11000061035156,26.189420700073242,180.9199981689453,123.58855438232422,308.4966125488281,127.89315795898438,259.99969482421875,325.8997497558594,342.3277587890625,21.3799991607666,404.187744140625,35.71993637084961,30.59256362915039,80.70066833496094
2023-05-30,174.84873962402344,121.66000366210938,26.143169403076172,182.0399932861328,122.65624237060547,307.4001770019531,128.37879943847656,260.47589111328125,324.25506591796875,343.8802185058594,21.299999237060547,404.3417053222656,35.35263442993164,30.58303451538086,81.13164520263672
2023-05-31,174.79945373535156,120.58000183105469,25.708377838134766,182.32000732421875,121.86280059814453,303.2525634765625,126.74439239501953,262.65875244140625,321.49432373046875,341.9248962402344,21.610000610351562,402.099609375,34.73137283325195,30.25910186767578,80.45579528808594
2023-06-01,177.60018920898438,122.7699966430664,25.904199600219727,183.75999450683594,122.7058334350586,296.2306823730469,128.4908447265625,270.4873352050781,325.59625244140625,345.8748779296875,21.950000762939453,405.9198913574219,35.16217041015625,30.58303451538086,81.27366638183594
2023-06-02,178.44827270507812,124.25,26.77139663696289,181.0500030517578,123.6480484008789,303.0185241699219,131.18994140625,270.4873352050781,328.35699462890625,348.4688415527344,21.690000534057617,411.7900085449219,36.232364654541016,31.249954223632812,81.73890686035156
2023-06-05,177.09722900390625,125.30000305175781,26.61288070678711,182.13999938964844,124.97705841064453,301.29583740234375,129.9010772705078,269.27685546875,328.8857116699219,348.7145080566406,21.639999389648438,411.0009460449219,35.992027282714844,31.087987899780273,81.26878356933594
2023-06-06,176.7323760986328,126.61000061035156,27.256284713745117,182.33999633789062,126.26640319824219,305.9677429199219,130.13455200195312,269.0090026855469,326.6731872558594,348.65557861328125,21.649999618530273,411.8957824707031,36.28224563598633,31.478618621826172,81.24917602539062
2023-06-07,175.361572265625,121.2300033569336,27.489408493041992,180.14999389648438,121.49584197998047,314.34722900390625,131.3953857421875,261.5475158691406,316.5894775390625,342.7404479980469,21.510000228881836,410.4716491699219,37.24361038208008,31.602462768554688,80.03462219238281
2023-06-08,178.0735626220703,124.25,27.256284713745117,182.52999877929688,121.13878631591797,314.0850524902344,131.4327392578125,262.5198669433594,318.42999267578125,346.9950256347656,22.299999237060547,412.9543762207031,37.08488464355469,31.57388687133789,80.90145874023438
2023-06-09,178.45816040039062,123.43000030517578,27.29358673095703,182.0399932861328,121.2280502319336,314.5999755859375,131.69422912597656,262.8869934082031,319.9278564453125,348.32147216796875,22.270000457763672,413.6953430175781,36.880828857421875,31.583419799804688,81.30304718017578
2023-06-12,181.24903869628906,126.56999969482422,27.163042068481445,181.8800048828125,122.6264877319336,317.8487548828125,131.68492126464844,268.93951416015625,324.8816223144531,354.2070617675781,22.079999923706055,417.4483337402344,36.527122497558594,31.57388687133789,83.071044921875
2023-06-13,180.77566528320312,126.66000366210938,27.414810180664062,180.5399932861328,122.81493377685547,320.6669006347656,132.63754272460938,269.2073974609375,327.27044677734375,356.9288330078125,21.739999771118164,420.2005310058594,36.69944381713867,31.764434814453125,83.57547760009766
2023-06-14,181.40684509277344,126.41999816894531,27.153715133666992,180.63999938964844,122.65624237060547,316.8470153808594,132.14254760742188,271.2215576171875,330.2563781738281,359.52276611328125,21.969999313354492,420.70086669921875,36.32305908203125,31.64057731628418,84.43743896484375
2023-06-15,183.43833923339844,127.11000061035156,27.38683319091797,181.91000366210938,124.0645980834961,318.0828552246094,133.63682556152344,279.63555908203125,340.7903747558594,363.80682373046875,21.940000534057617,425.9166564941406,36.722110748291016,32.059791564941406,85.5246810913086
2023-06-16,182.36338806152344,125.48999786376953,27.218992233276367,181.6300048828125,122.51739501953125,316.74407958984375,133.79559326171875,278.8120422363281,335.1415710449219,361.51739501953125,22.18000030517578,424.4658203125,36.66769790649414,31.993093490600586,84.81945037841797
2023-06-20,182.45217895507812,125.77999877929688,26.920597076416016,179.75,122.0909194946289,309.6378479003906,133.1138153076172,282.1160888671875,330.951416015625,360.9999084472656,21.260000228881836,422.26361083984375,35.84700012207031,31.753843307495117,84.2462158203125
2023-06-21,181.4166717529297,124.83000183105469,26.640850067138672,179.49000549316406,119.56182861328125,304.34808349609375,132.91773986816406,279.44708251953125,326.5556945800781,356.08026123046875,20.84000015258789,420.1000671386719,36.13063430786133,31.715559005737305,82.99964904785156
2023-06-22,184.4146728515625,130.14999389648438,26.072040557861328,177.7100067138672,122.14051055908203,299.20794677734375,130.35873413085938,282.66180419921875,332.5765380859375,360.2815856933594,20.530000686645508,421.61651611328125,35.64571762084961,31.466732025146484,83.67692565917969
2023-06-23,184.09906005859375,129.3300018310547,25.876220703125,178.1999969482422,121.33714294433594,294.6484375,129.67698669433594,286.4818420410156,327.9849853515625,356.7099914550781,20.579999923706055,418.4291076660156,35.38954162597656,31.332752227783203,82.76898956298828
2023-06-26,182.70855712890625,127.33000183105469,26.193267822265625,178.50999450683594,117.36994171142578,292.44830322265625,129.99447631835938,276.3017272949219,321.6998291015625,351.92816162109375,20.899999618530273,416.719482421875,36.02541732788086,31.26576042175293,82.17515563964844
2023-06-27,185.45999145507812,129.17999267578125,26.3331356048584,177.69000244140625,117.36002349853516,293.4687805175781,130.0037841796875,284.8149108886719,327.54449462890625,357.9792785644531,20.979999542236328,421.2881164550781,36.107757568359375,31.514583587646484,83.79471588134766
2023-06-28,186.633544921875,129.0399932861328,26.174617767333984,177.27999877929688,119.19486236572266,293.66534423828125,129.43409729003906,283.06866455078125,328.797607421875,358.67779541015625,20.84000015258789,421.5006408691406,36.473731994628906,31.438020706176758,83.84378051757812
2023-06-29,186.96884155273438,127.9000015258789,26.724777221679688,177.08999633789062,118.12370300292969,302.49420166015625,133.954345703125,279.3378601074219,328.0144348144531,357.9595947265625,20.719999313354492,423.1618957519531,36.89460372924805,31.983518600463867,83.99102020263672
2023-06-30,191.2882843017578,130.36000061035156,26.75274658203125,178.27000427246094,118.71878814697266,301.97930908203125,135.83157348632812,284.7454528808594,333.38909912109375,363.4793395996094,20.889999389648438,428.1554870605469,37.13248062133789,32.26105499267578,85.32592010498047
2023-07-03,189.79916381835938,130.22000122070312,27.228309631347656,178.47000122070312,118.91716003417969,305.7898254394531,136.9242706298828,283.79290771484375,330.89263916015625,364.3353576660156,21.010000228881836,428.64813232421875,37.21940231323242,32.44289016723633,85.14435577392578
2023-07-05,188.68475341796875,130.3800048828125,27.11641502380371,177.83999633789062,120.75198364257812,299.6479797363281,136.0121612548828,292.077880859375,331.0493469238281,364.3255310058594,21.209999084472656,428.0106506347656,37.013545989990234,32.37590026855469,84.61921691894531
2023-07-06,189.1581573486328,128.36000061035156,26.37043571472168,177.30999755859375,119.12542724609375,293.0474548339844,134.6674346923828,289.7164001464844,334.1037902832031,361.55084228515625,20.829999923706055,424.6590270996094,36.18095397949219,32.098365783691406,84.3934555053711
2023-07-07,188.04380798339844,129.77999877929688,26.603551864624023,178.63999938964844,118.50059509277344,295.07916259765625,135.73004150390625,288.2678527832031,330.1388854980469,360.3504943847656,21.18000030517578,423.5868225097656,36.95864486694336,32.146217346191406,84.02537536621094
2023-07-10,186.0023956298828,127.12999725341797,26.724777221679688,178.77999877929688,115.49542236328125,296.29620361328125,136.49171447753906,291.8100280761719,324.86199951171875,360.46856689453125,21.239999771118164,424.6590270996094,37.24684524536133,32.28976821899414,84.2462158203125
2023-07-11,185.479736328125,128.77999877929688,27.060466766357422,179.4499969482422,116.17977905273438,300.42510986328125,138.62632751464844,295.9673767089844,325.48858642578125,362.2494201660156,21.200000762939453,427.3634338378906,38.06571960449219,32.672569274902344,84.42780303955078
2023-07-12,187.14637756347656,130.8000030517578,27.37751007080078,181.8800048828125,117.95510864257812,305.59320068359375,139.31277465820312,306.9313049316406,330.1192932128906,366.82464599609375,22.149999618530273,430.80206298828125,38.4179573059082,32.88311767578125,85.38480377197266
2023-07-13,187.9057159423828,134.3000030517578,27.666576385498047,182.00999450683594,123.51911926269531,307.7279052734375,139.9898223876953,310.96966552734375,335.4646301269531,373.05291748046875,22.780000686645508,434.22125244140625,38.27157211303711,32.997962951660156,86.49885559082031
2023-07-14,188.05364990234375,134.67999267578125,27.144392013549805,181.42999267578125,124.39190673828125,305.3965759277344,140.83612060546875,306.4650573730469,337.99041748046875,372.9741516113281,22.860000610351562,433.95086669921875,37.26057434082031,32.77784729003906,86.37126922607422
2023-07-17,191.30801391601562,133.55999755859375,27.414810180664062,181.55999755859375,123.62821960449219,306.34222412109375,144.23080444335938,308.2013854980469,338.4701843261719,376.457275390625,22.790000915527344,435.4575500488281,37.187381744384766,33.093666076660156,87.47550964355469
2023-07-18,191.05157470703125,132.8300018310547,28.627025604248047,183.63999938964844,122.74551391601562,315.7702941894531,144.49411010742188,309.6202392578125,351.9411926269531,379.53692626953125,22.989999771118164,438.6932373046875,37.562503814697266,33.46690368652344,88.46687316894531
2023-07-19,192.4026641845703,135.36000061035156,29.400983810424805,183.6699981689453,121.0296859741211,318.8412170410156,145.0489044189453,313.5494384765625,347.62384033203125,379.4483642578125,23.100000381469727,439.6688232421875,37.78208923339844,33.610450744628906,88.24601745605469
2023-07-20,190.4599151611328,129.9600067138672,29.550182342529297,182.74000549316406,118.22288513183594,328.4940490722656,146.83555603027344,300.1644287109375,339.5862121582031,370.7012939453125,22.68000030517578,436.7518615722656,38.225826263427734,33.859283447265625,86.4841537475586
2023-07-21,189.286376953125,130.0,29.820600509643555,182.17999267578125,119.03617095947266,329.5238952636719,145.70712280273438,291.9687805175781,336.5512390136719,369.5895080566406,22.56999969482422,436.7518615722656,38.564353942871094,33.74443435668945,86.43997955322266
2023-07-24,190.08517456054688,128.8000030517578,30.44536018371582,181.39999389648438,120.5337905883789,336.049560546875,148.5751953125,289.3393859863281,337.8631896972656,370.17987060546875,22.329999923706055,438.7029113769531,39.186500549316406,34.06981658935547,86.59212493896484
2023-07-25,190.94313049316406,129.1300048828125,29.979122161865234,182.41000366210938,121.20821380615234,332.0892333984375,147.46560668945312,292.1771545410156,343.6098937988281,372.6888427734375,22.6200008392334,439.9006042480469,39.392364501953125,33.84970474243164,87.58349609375
2023-07-26,191.8109588623047,128.14999389648438,30.221559524536133,183.3000030517578,128.2103271484375,334.7668762207031,148.3495330810547,296.2452087402344,330.67730712890625,371.4491271972656,22.90999984741211,439.96826171875,39.40608215332031,34.050682067871094,86.40563201904297
2023-07-27,190.54867553710938,128.25,29.79262351989746,180.4199981689453,128.3392791748047,331.9113464355469,146.7133026123047,309.2828674316406,323.77532958984375,370.5635070800781,22.110000610351562,437.05126953125,39.15447998046875,33.620025634765625,86.15532684326172
2023-07-28,193.12258911132812,132.2100067138672,29.746000289916992,181.86000061035156,131.49322509765625,330.71295166015625,147.5502471923828,322.9457092285156,331.2647399902344,377.313232421875,22.31999969482422,441.33013916015625,39.27341842651367,33.687015533447266,87.3282699584961
2023-07-31,193.73399353027344,133.67999267578125,29.83924674987793,182.35000610351562,131.63204956054688,333.18463134765625,148.53761291503906,316.11932373046875,328.8660888671875,377.510009765625,22.690000534057617,442.1704406738281,40.01908874511719,33.811431884765625,87.52949523925781
2023-08-01,192.9055938720703,131.69000244140625,29.484907150268555,180.4600067138672,130.47164916992188,334.9167175292969,147.8041229248047,320.1972351074219,329.2773132324219,376.63433837890625,22.290000915527344,440.9051818847656,39.8315315246582,33.811431884765625,87.67670440673828
2023-08-02,189.91749572753906,128.2100067138672,29.083942413330078,179.60000610351562,127.32762908935547,328.71875,146.13031005859375,311.8626708984375,320.6229248046875,368.3694152832031,21.75,434.77178955078125,39.31001663208008,33.524322509765625,85.50749969482422
2023-08-03,188.52699279785156,128.91000366210938,29.289085388183594,179.5399932861328,127.39704132080078,330.64739990234375,147.0236358642578,310.7513732910156,319.8005676269531,367.779052734375,21.6299991607666,433.52581787109375,39.7080192565918,33.543460845947266,85.1590576171875
2023-08-04,179.47393798828125,139.57000732421875,29.18651008605957,180.19000244140625,127.05986022949219,330.7035217285156,146.7133026123047,308.310546875,320.8970642089844,366.05718994140625,21.65999984741211,431.56512451171875,39.762908935546875,33.409481048583984,84.00083923339844
2023-08-07,176.37734985351562,142.22000122070312,29.72735023498535,179.77999877929688,130.45181274414062,332.8943786621094,147.40919494628906,314.0951843261719,323.1781005859375,369.1565246582031,21.209999084472656,435.33203125,39.80866241455078,33.87841796875,84.23641204833984
2023-08-08,177.31417846679688,139.94000244140625,29.158536911010742,178.63999938964844,130.32286071777344,326.0597839355469,146.5816650390625,310.2056884765625,319.203369140625,366.01788330078125,20.899999618530273,433.43890380859375,40.0053596496582,33.57217788696289,83.5886001586914
2023-08-09,175.7264404296875,137.85000610351562,28.776222229003906,177.7899932861328,128.59713745117188,320.8448486328125,144.61631774902344,302.8335266113281,315.463623046875,361.9936218261719,20.799999237060547,430.5412292480469,40.508583068847656,33.32334518432617,82.50888061523438
2023-08-10,175.5094757080078,138.55999755859375,28.850826263427734,177.60000610351562,128.62692260742188,318.70074462890625,144.40003967285156,303.3594055175781,316.14892578125,362.6627197265625,20.829999923706055,430.69573974609375,40.50400924682617,33.35205841064453,82.5186996459961
2023-08-11,175.56875610351562,138.41000366210938,29.17719078063965,177.60000610351562,128.4979705810547,319.0097351074219,145.23699951171875,299.2913513183594,314.26922607421875,360.3504943847656,20.799999237060547,430.4446716308594,41.12615966796875,33.419044494628906,81.9101333618164
2023-08-14,177.21788024902344,140.57000732421875,28.84149932861328,177.05999755859375,130.25343322753906,316.2102966308594,145.53787231445312,303.805908203125,317.2355651855469,364.3943786621094,20.719999313354492,432.8207092285156,40.95232009887695,33.35205841064453,83.2155990600586
2023-08-15,175.23297119140625,137.6699981689453,27.91834831237793,176.58999633789062,128.71617126464844,311.0328369140625,141.83291625976562,299.5989074707031,315.10137939453125,360.5276184082031,20.670000076293945,427.7789001464844,40.101444244384766,32.739566802978516,82.39600372314453
2023-08-16,174.36398315429688,135.07000732421875,27.312238693237305,175.57000732421875,127.64502716064453,308.1304626464844,141.23110961914062,291.9985656738281,314.3361511230469,356.7099914550781,20.559999465942383,424.63970947265625,39.75376510620117,32.69171142578125,81.61076354980469
2023-08-17,171.8260955810547,133.97999572753906,27.30290985107422,175.3000030517578,128.8550262451172,306.641845703125,139.76414489746094,282.8702087402344,310.8827819824219,352.81365966796875,20.799999237060547,421.404052734375,40.229522705078125,32.52902603149414,80.8353500366211
2023-08-18,172.30996704101562,133.22000122070312,27.144392013549805,175.3300018310547,126.41516876220703,304.21685791015625,140.08389282226562,281.04449462890625,310.4903564453125,352.37091064453125,20.8700008392334,421.60687255859375,40.62751388549805,32.51945114135742,80.95803833007812
2023-08-21,173.64309692382812,134.67999267578125,27.181690216064453,175.80999755859375,127.31771850585938,301.5298767089844,140.5634307861328,287.6427307128906,315.78814697265625,358.0481262207031,21.360000610351562,424.3499755859375,40.371337890625,32.481170654296875,82.50397491455078
2023-08-22,175.01576232910156,134.25,26.51963233947754,176.10000610351562,128.0218963623047,298.4683837890625,137.6483612060547,285.3607177734375,316.3571472167969,357.5365295410156,21.459999084472656,423.2005310058594,40.06025695800781,32.17491912841797,82.41072845458984
2023-08-23,178.85714721679688,135.52000427246094,26.52895736694336,177.88999938964844,131.28492736816406,301.7826843261719,138.5792999267578,291.94891357421875,320.8112487792969,363.1743469238281,22.290000915527344,427.9140625,39.95962142944336,32.49074172973633,83.89777374267578
2023-08-24,174.1763916015625,131.83999633789062,26.687477111816406,177.85000610351562,128.71617126464844,299.56378173828125,138.44764709472656,284.5172424316406,313.914306640625,355.4111633300781,22.110000610351562,421.9835510253906,39.685142517089844,32.37590026855469,81.96411895751953
2023-08-25,176.37850952148438,133.25999450683594,26.575578689575195,177.6199951171875,128.8153533935547,299.7416076660156,138.2783966064453,283.2769775390625,316.8673400878906,358.1661682128906,22.219999313354492,424.95849609375,40.06940460205078,32.52902603149414,82.7984390258789
2023-08-28,177.93875122070312,133.13999938964844,26.818021774291992,178.1300048828125,129.9360809326172,305.1906433105469,138.75794982910156,287.99993896484375,317.5736999511719,360.8621520996094,22.219999313354492,427.65325927734375,40.339317321777344,32.71085739135742,83.4757080078125
2023-08-29,181.81967163085938,134.91000366210938,27.200342178344727,179.8699951171875,133.4669189453125,311.3511657714844,139.88636779785156,295.66973876953125,322.19451904296875,368.7433166503906,22.709999084472656,433.83489990234375,40.4491081237793,33.00753402709961,85.14924621582031
2023-08-30,185.3055877685547,135.07000732421875,27.079118728637695,180.32000732421875,134.7661590576172,310.1994323730469,139.32217407226562,292.80224609375,322.5673828125,370.7996520996094,22.56999969482422,435.621826171875,40.650390625,33.02666473388672,85.79216003417969
2023-08-31,185.52279663085938,138.00999450683594,26.95688247680664,180.02000427246094,135.0537872314453,309.37811279296875,137.60133361816406,293.5861511230469,321.5568542480469,371.9115295410156,22.389999389648438,434.9842834472656,40.67784118652344,32.90226364135742,86.20931243896484
2023-09-01,187.09295654296875,138.1199951171875,27.24835968017578,180.11000061035156,134.5479736328125,309.08544921875,138.06210327148438,294.0722961425781,322.4398193359375,371.5179443359375,22.170000076293945,435.795654296875,41.51042938232422,33.19894027709961,86.47433471679688
2023-09-05,187.32992553710938,137.27000427246094,26.938077926635742,178.63999938964844,134.65707397460938,305.63958740234375,136.5387420654297,297.81292724609375,327.2372741699219,371.990234375,21.59000015258789,433.9122009277344,41.73001480102539,32.863975524902344,86.78352355957031
2023-09-06,180.62478637695312,135.36000061035156,26.693614959716797,177.8300018310547,133.3577880859375,303.16619873046875,136.3130645751953,296.84063720703125,326.5799560546875,368.7137145996094,21.239999771118164,430.99517822265625,41.748313903808594,32.84483337402344,85.86577606201172
2023-09-07,175.3416290283203,137.85000610351562,26.44915008544922,178.02000427246094,134.15122985839844,303.9497375488281,135.1470489501953,296.344482421875,323.66619873046875,366.076904296875,21.049999237060547,429.67193603515625,41.7071418762207,32.758705139160156,84.6241226196289
2023-09-08,175.95388793945312,138.22999572753906,26.6654109954834,178.0800018310547,135.26206970214844,307.31060791015625,135.25047302246094,295.5705261230469,327.9436340332031,366.5885314941406,21.010000228881836,430.3191223144531,42.109710693359375,32.82569885253906,84.80079650878906
2023-09-11,177.119140625,143.10000610351562,26.778236389160156,178.41000366210938,135.79762268066406,306.4892883300781,135.84286499023438,305.16522216796875,331.544189453125,370.90789794921875,21.15999984741211,433.1491394042969,41.556175231933594,32.978824615478516,85.24249267578125
2023-09-12,174.0973663330078,141.22999572753906,27.23896026611328,177.49000549316406,134.2305908203125,312.3896484375,137.6107635498047,299.3111572265625,325.49090576171875,366.795166015625,21.1299991607666,430.7730407714844,42.53515625,33.19894027709961,83.6965560913086
2023-09-13,172.03346252441406,144.85000610351562,27.154335021972656,177.0800018310547,135.58934020996094,316.2414245605469,137.6765899658203,302.6846618652344,329.69976806640625,368.19232177734375,20.93000030517578,431.27532958984375,42.21492385864258,33.19894027709961,83.90758514404297
2023-09-14,173.54437255859375,144.72000122070312,27.45521354675293,177.1699981689453,136.9679718017578,325.29498291015625,140.3471221923828,309.2928466796875,332.289794921875,371.20306396484375,20.729999542236328,434.9938659667969,42.708988189697266,33.50518035888672,84.51614379882812
2023-09-15,172.823486328125,140.38999938964844,27.116724014282227,178.33999633789062,136.27371215820312,323.3785400390625,139.9333953857422,297.9717102050781,323.9703369140625,364.8469543457031,21.110000610351562,429.7530212402344,42.09141540527344,33.332923889160156,82.89167022705078
2023-09-18,175.7465057373047,139.97999572753906,27.041505813598633,179.38999938964844,137.07705688476562,324.11492919921875,140.22491455078125,300.19415283203125,322.83221435546875,365.2273254394531,21.299999237060547,430.0050354003906,42.448097229003906,33.42424011230469,83.29005432128906
2023-09-19,176.83277893066406,137.6300048828125,26.938077926635742,179.22000122070312,136.90843200683594,322.7649230957031,140.04623413085938,302.69464111328125,322.4300231933594,364.4488830566406,21.270000457763672,429.1133117675781,42.051780700683594,33.38579177856445,83.24579620361328
2023-09-20,173.2974853515625,135.2899932861328,26.844051361083984,179.35000610351562,132.64369201660156,317.8652648925781,139.45384216308594,297.3367004394531,314.6990966796875,359.197021484375,21.34000015258789,425.16827392578125,41.660064697265625,33.15508270263672,81.93755340576172
2023-09-21,171.75697326660156,129.3300018310547,26.373931884765625,178.0500030517578,129.3707733154297,311.7666015625,138.36302185058594,293.4273681640625,313.4825744628906,352.61492919921875,21.440000534057617,418.1409606933594,41.088619232177734,32.607139587402344,80.68832397460938
2023-09-22,172.6062469482422,129.1199951171875,25.98843002319336,178.6199951171875,129.18231201171875,309.5480651855469,137.03713989257812,296.7511901855469,311.0103454589844,352.6642150878906,21.579999923706055,417.2007751464844,41.15774154663086,32.35720443725586,80.86046600341797
2023-09-25,173.880126953125,131.27000427246094,25.950820922851562,177.6999969482422,130.0352783203125,310.44488525390625,137.7141876220703,298.48760986328125,311.5302734375,354.33929443359375,21.200000762939453,418.9551086425781,41.673885345458984,32.43411636352539,81.12113189697266
2023-09-26,169.8115997314453,125.9800033569336,25.5465145111084,176.27999877929688,127.51608276367188,305.7057189941406,136.2848358154297,296.6321716308594,306.2324523925781,349.01837158203125,20.959999084472656,412.8002014160156,41.43424606323242,32.00152587890625,79.6604232788086
2023-09-27,168.30068969726562,125.9800033569336,25.640539169311523,174.10000610351562,129.4699249267578,303.94036865234375,137.08412170410156,295.4216613769531,306.87017822265625,349.83624267578125,20.700000762939453,412.9649658203125,42.4665412902832,31.953462600708008,79.78337860107422
2023-09-28,168.55746459960938,125.9800033569336,25.913211822509766,173.22999572753906,131.2254180908203,307.008544921875,138.7861785888672,301.59320068359375,307.7041015625,352.76275634765625,20.739999771118164,415.35906982421875,42.51261520385742,32.18416976928711,80.34896087646484
2023-09-29,169.07095336914062,127.12000274658203,25.743967056274414,171.4499969482422,129.7873077392578,305.4696960449219,136.36947631835938,297.8724365234375,309.774169921875,353.0189208984375,20.34000015258789,414.3510437011719,41.655452728271484,31.88616180419922,80.62438201904297
2023-10-02,171.57920837402344,129.4600067138672,25.104597091674805,169.64999389648438,133.0701904296875,300.6833190917969,135.1940155029297,304.4309997558594,315.7096252441406,355.9651184082031,19.420000076293945,414.1862487792969,40.82593536376953,31.617006301879883,81.49000549316406
2023-10-03,170.24609375,124.72000122070312,24.36180305480957,169.16000366210938,131.3444366455078,288.995849609375,134.19728088378906,298.59674072265625,307.45880126953125,349.718017578125,19.440000534057617,408.6419677734375,40.79828643798828,31.11713409423828,80.10798645019531
2023-10-04,171.49037170410156,127.0,24.390010833740234,169.13999938964844,134.1313934326172,291.3371276855469,134.79908752441406,303.20062255859375,312.9234313964844,354.47723388671875,19.309999465942383,411.6176452636719,39.51715087890625,31.34784507751465,81.10636901855469
2023-10-05,172.72471618652344,125.95999908447266,24.502836227416992,168.8300018310547,133.96279907226562,293.13079833984375,135.36746215820312,302.4167785644531,313.3158264160156,353.43280029296875,19.25,411.4625549316406,39.27289962768555,31.492034912109375,81.2145767211914
2023-10-06,175.2725067138672,127.95999908447266,24.512243270874023,169.6999969482422,136.4522247314453,295.0000915527344,137.45152282714844,312.9739074707031,321.0663757324219,359.3547058105469,19.729999542236328,416.3477783203125,39.5079345703125,31.761207580566406,82.73430633544922
2023-10-09,176.75376892089844,128.25999450683594,24.73790168762207,172.82000732421875,137.2853240966797,295.122802734375,137.13890075683594,315.8811340332031,323.577880859375,361.1873779296875,20.059999465942383,419.0133056640625,40.82593536376953,31.78042984008789,83.16219329833984
2023-10-10,176.16127014160156,129.47999572753906,25.396074295043945,172.52999877929688,136.92828369140625,297.1619873046875,137.97250366210938,319.33404541015625,322.1749267578125,363.18768310546875,19.979999542236328,421.1942443847656,40.87662887573242,32.01114273071289,83.29005432128906
2023-10-11,177.55364990234375,131.8300018310547,25.405475616455078,173.7899932861328,139.3978729248047,295.5098571777344,138.44615173339844,325.2674865722656,326.1286926269531,365.7791442871094,20.18000030517578,422.9195251464844,40.35126876831055,32.059200286865234,84.06222534179688
2023-10-12,178.45228576660156,132.3300018310547,25.292646408081055,173.25999450683594,137.83082580566406,292.51715087890625,138.1240692138672,321.635986328125,324.8924865722656,364.50799560546875,19.959999084472656,420.3412170410156,40.397361755371094,31.857322692871094,84.14092254638672
2023-10-13,176.61553955078125,129.7899932861328,25.1610107421875,178.8300018310547,136.23402404785156,291.9978942871094,140.19862365722656,312.2397155761719,321.52740478515625,359.9261474609375,20.780000686645508,418.24755859375,41.28677749633789,31.924619674682617,82.93595123291016
2023-10-16,176.4871368408203,132.5500030517578,25.37727165222168,177.9600067138672,137.95977783203125,296.8031921386719,140.05654907226562,318.6494140625,326.34454345703125,363.99566650390625,20.68000030517578,422.64813232421875,41.563289642333984,32.261077880859375,83.73270416259766
2023-10-17,174.93673706054688,131.47000122070312,25.96962547302246,178.2899932861328,138.57469177246094,292.0545959472656,139.75341796875,321.4772033691406,325.7754821777344,362.8033752441406,20.920000076293945,422.6287841796875,41.996482849121094,32.41488265991211,83.34415435791016
2023-10-18,173.64309692382812,128.1300048828125,25.678144454956055,180.8699951171875,136.82913208007812,285.06854248046875,138.2188262939453,314.501953125,323.86236572265625,358.0440979003906,20.950000762939453,416.9971923828125,42.378971099853516,31.857322692871094,82.48839569091797
2023-10-19,173.2678680419922,128.39999389648438,25.349063873291016,183.08999633789062,136.620849609375,282.45355224609375,137.6314697265625,310.37432861328125,325.0495300292969,354.6940002441406,21.110000610351562,413.3332824707031,42.30524444580078,31.434358596801758,82.01625061035156
2023-10-20,170.72012329101562,125.16999816894531,24.73790168762207,183.58999633789062,134.48846435546875,283.26531982421875,135.41482543945312,306.2466735839844,320.487548828125,349.4027099609375,21.399999618530273,408.2541809082031,41.595550537109375,30.953712463378906,80.62930297851562
2023-10-23,170.83859252929688,126.55999755859375,24.0421199798584,182.97000122070312,135.38108825683594,282.4818115234375,133.567626953125,311.5650329589844,323.0873107910156,350.4570007324219,21.049999237060547,407.546630859375,40.9227180480957,30.76145362854004,80.7227554321289
2023-10-24,171.27310180664062,128.55999755859375,23.948091506958008,182.9499969482422,137.67213439941406,282.44403076171875,133.7286834716797,310.1163635253906,324.2744445800781,353.8663330078125,21.020000457763672,410.6192321777344,40.34666442871094,30.97294044494629,81.27851104736328
2023-10-25,168.96234130859375,121.38999938964844,24.023313522338867,183.72000122070312,124.58032989501953,280.159423828125,132.999267578125,297.1977233886719,334.2225341796875,345.2051696777344,20.940000534057617,404.7259521484375,40.27293014526367,30.857582092285156,80.31946563720703
2023-10-26,164.80494689941406,119.56999969482422,24.559255599975586,184.00999450683594,121.27763366699219,280.3765869140625,133.34022521972656,286.1047668457031,321.68438720703125,338.6230773925781,20.850000381469727,399.8796081542969,39.95956039428711,30.7902889251709,78.78496551513672
2023-10-27,166.11831665039062,127.73999786376953,23.66602325439453,186.14999389648438,121.16854095458984,273.6926574707031,128.53753662109375,294.4195861816406,323.56805419921875,340.24884033203125,21.18000030517578,398.06695556640625,39.001007080078125,30.232742309570312,79.24236297607422
2023-10-30,168.1624298095703,132.7100067138672,24.154945373535156,185.10000610351562,123.43976593017578,284.00177001953125,130.1763153076172,300.3033447265625,330.9261169433594,344.08184814453125,21.34000015258789,402.8262023925781,39.13004684448242,30.771066665649414,80.09322357177734
2023-10-31,168.636474609375,133.08999633789062,24.766109466552734,184.08999633789062,123.06287384033203,286.626220703125,131.7299041748047,298.9241943359375,331.71099853515625,345.7274169921875,20.979999542236328,405.3560791015625,39.25907897949219,31.107521057128906,80.66374206542969
2023-11-01,171.7964630126953,137.0,24.822521209716797,183.50999450683594,125.41346740722656,289.9776916503906,131.6162109375,309.42181396484375,339.5203552246094,351.7281188964844,20.969999313354492,409.6790466308594,39.16690444946289,31.309389114379883,82.22280883789062
2023-11-02,175.35150146484375,138.07000732421875,25.96962547302246,184.1199951171875,126.44493103027344,296.2084655761719,133.96548461914062,308.449462890625,341.727783203125,358.1131896972656,20.8700008392334,417.53033447265625,40.35126876831055,32.04959487915039,83.61466979980469
2023-11-03,174.4429931640625,138.60000610351562,26.72182273864746,184.7899932861328,128.041748046875,309.2930908203125,135.46217346191406,312.1504211425781,346.1229553222656,362.320556640625,21.219999313354492,421.3395690917969,39.94572830200195,32.47256088256836,84.47534942626953
2023-11-06,176.9907684326172,139.74000549316406,26.63719940185547,183.35000610351562,129.18231201171875,305.7906799316406,136.48526000976562,313.3410339355469,349.7823486328125,363.7984924316406,21.079999923706055,422.308837890625,39.49410629272461,32.376426696777344,85.03111267089844
2023-11-07,179.54840087890625,142.7100067138672,26.477357864379883,182.58999633789062,129.89642333984375,305.8284912109375,136.41896057128906,316.3375549316406,353.7066650390625,367.2374267578125,20.729999542236328,423.5107727050781,38.61851119995117,32.328365325927734,85.96065521240234
2023-11-08,180.60504150390625,142.0800018310547,26.223493576049805,180.77000427246094,130.75927734375,306.4043273925781,137.09153747558594,317.29010009765625,356.32611083984375,367.47393798828125,20.649999618530273,423.82098388671875,38.13462829589844,32.366817474365234,86.44757080078125
2023-11-09,180.13101196289062,140.60000610351562,25.88500213623047,181.49000549316406,129.17242431640625,302.8357238769531,136.68417358398438,318.0541076660156,353.8636474609375,364.64599609375,20.690000534057617,420.5157165527344,38.0194206237793,32.23222732543945,86.04427337646484
2023-11-10,184.3136749267578,143.55999755859375,26.026039123535156,179.50999450683594,131.50311279296875,307.3011779785156,138.7113800048828,326.21002197265625,362.6736755371094,372.8440246582031,20.34000015258789,427.0777587890625,38.438785552978516,32.597530364990234,88.29188537597656
2023-11-13,182.73158264160156,142.58999633789062,26.044845581054688,180.50999450683594,131.0072021484375,308.62286376953125,138.09564208984375,326.6268310546875,359.7402648925781,371.6813049316406,20.43000030517578,426.67071533203125,38.71528625488281,32.549461364746094,87.77548217773438
2023-11-14,185.342041015625,145.8000030517578,27.474016189575195,182.1199951171875,132.52467346191406,319.772216796875,140.61546325683594,333.69134521484375,363.2623291015625,379.6822814941406,21.170000076293945,434.94842529296875,39.060916900634766,33.16468811035156,89.5312728881836
2023-11-15,185.9056854248047,143.1999969482422,27.850120544433594,181.63999938964844,133.51651000976562,318.7148742675781,141.84693908691406,330.11944580078125,363.4097900390625,379.968017578125,21.450000762939453,435.8691711425781,38.987178802490234,33.34733963012695,89.64439392089844
2023-11-16,187.58663940429688,142.8300018310547,27.77490234375,183.69000244140625,135.8075408935547,317.8369140625,143.46676635742188,331.58782958984375,369.7997741699219,380.2932434082031,21.760000228881836,436.4023742675781,38.22679138183594,33.48192596435547,90.09194946289062
2023-11-17,187.56686401367188,145.17999267578125,28.18860626220703,183.6699981689453,134.20082092285156,320.2159423828125,144.76458740234375,332.4313049316406,363.5867614746094,380.3818664550781,21.75,436.9451599121094,39.028656005859375,33.65495300292969,89.90507507324219
2023-11-20,189.30714416503906,146.1300048828125,28.216815948486328,183.3699951171875,135.1331329345703,320.46142578125,145.2097930908203,337.3228759765625,371.0482177734375,385.01300048828125,21.479999542236328,440.30853271484375,39.083953857421875,33.78953552246094,91.2083969116211
2023-11-21,188.50621032714844,143.89999389648438,27.887727737426758,185.35000610351562,135.84719848632812,316.23199462890625,144.9066619873047,334.3561706542969,366.7522277832031,382.7762451171875,21.770000457763672,439.3489685058594,38.99639892578125,33.77031326293945,90.47067260742188
2023-11-22,189.168701171875,146.7100067138672,27.85951805114746,184.55999755859375,137.35476684570312,319.69671630859375,145.24769592285156,338.83099365234375,371.45123291015625,384.343017578125,21.670000076293945,441.04522705078125,38.97796630859375,33.90489196777344,90.87397003173828
2023-11-24,187.84373474121094,146.74000549316406,27.95354652404785,185.52000427246094,135.56951904296875,320.17816162109375,145.44662475585938,335.596435546875,371.038330078125,383.80108642578125,22.270000457763672,441.3166198730469,39.139259338378906,34.01062774658203,90.6968994140625
2023-11-27,187.66575622558594,147.72999572753906,27.793704986572266,186.77000427246094,135.2918243408203,318.8187255859375,145.11508178710938,332.09393310546875,372.1983642578125,383.4660949707031,22.559999465942383,440.52178955078125,39.001007080078125,33.895267486572266,90.69197845458984
2023-11-28,188.26890563964844,147.02999877929688,27.7654972076416,189.25999450683594,136.07533264160156,318.7621154785156,145.44662475585938,336.3504943847656,376.2192077636719,384.4710998535156,22.920000076293945,440.9579772949219,39.010223388671875,33.88566207885742,90.86412048339844
2023-11-29,187.25047302246094,146.32000732421875,28.498891830444336,189.5399932861328,133.88345336914062,323.8638000488281,146.18553161621094,329.61334228515625,372.4343566894531,384.0966491699219,22.8799991607666,440.64776611328125,38.71989059448242,34.12598419189453,90.93299102783203
2023-11-30,187.8239288330078,146.08999633789062,28.896942138671875,188.75,131.443603515625,325.0821228027344,147.85272216796875,324.6026916503906,372.4932556152344,383.1310729980469,23.1299991607666,442.3828125,38.97796630859375,34.51050567626953,91.0657730102539
2023-12-01,189.09950256347656,147.02999877929688,29.342388153076172,192.00999450683594,130.77911376953125,331.6401062011719,148.5726776123047,322.29083251953125,368.1678161621094,384.2247619628906,23.329999923706055,444.99993896484375,39.18073272705078,34.77005386352539,91.2723388671875
2023-12-04,187.30975341796875,144.83999633789062,29.209705352783203,187.86000061035156,128.2103271484375,332.55389404296875,149.6620635986328,317.5282287597656,362.8887634277344,380.65777587890625,22.459999084472656,442.6639709472656,39.001007080078125,34.731605529785156,90.16082000732422
2023-12-05,191.25509643554688,146.8800048828125,28.98224639892578,187.14999389648438,129.916259765625,325.2820129394531,149.6431121826172,315.81170654296875,366.2115173339844,381.61358642578125,22.1200008392334,442.57672119140625,38.3189582824707,34.558570861816406,90.70182037353516
2023-12-06,190.1674041748047,144.52000427246094,28.934856414794922,187.83999633789062,128.95419311523438,325.4913635253906,148.07058715820312,314.9781799316406,362.55450439453125,379.40643310546875,21.93000030517578,440.7931823730469,37.74751663208008,34.385536193847656,89.9345703125
2023-12-07,192.09561157226562,146.8800048828125,29.058061599731445,188.14999389648438,135.8075408935547,328.013671875,148.52529907226562,324.0470275878906,364.6680908203125,384.7075500488281,21.790000915527344,444.1566467285156,37.489444732666016,34.548954010009766,91.02642822265625
2023-12-08,193.5194854736328,147.4199981689453,29.342388153076172,185.63999938964844,133.88345336914062,333.9244384765625,150.1641082763672,330.1590881347656,367.8926086425781,386.4220886230469,21.100000381469727,446.0661315917969,37.894989013671875,34.731605529785156,91.80350494384766
2023-12-11,191.01780700683594,145.88999938964844,29.238134384155273,183.58999633789062,132.19735717773438,334.80963134765625,150.7135467529297,322.74725341796875,365.0121765136719,389.722900390625,20.90999984741211,447.8011169433594,37.941070556640625,34.943084716796875,92.60516357421875
2023-12-12,192.53065490722656,147.47999572753906,29.133882522583008,183.49000549316406,131.43370056152344,335.6186828613281,152.05870056152344,331.61767578125,368.0400085449219,392.82684326171875,20.84000015258789,449.8463439941406,37.42032241821289,35.19302749633789,93.2199478149414
2023-12-13,195.7442626953125,148.83999633789062,30.3659610748291,187.6300048828125,131.48329162597656,345.25103759765625,152.57022094726562,332.13360595703125,368.0301818847656,397.8224792480469,21.770000457763672,456.0498352050781,37.941070556640625,35.76019287109375,94.04129791259766
2023-12-14,195.89259338378906,147.4199981689453,32.166683197021484,188.72999572753906,130.85845947265625,364.99163818359375,155.3457794189453,330.5758361816406,359.7331237792969,397.47760009765625,22.149999618530273,457.51336669921875,39.05630874633789,36.11587142944336,93.81012725830078
2023-12-15,195.35867309570312,149.97000122070312,31.844451904296875,187.0,131.51304626464844,362.1742858886719,156.52040100097656,332.3121643066406,364.4518127441406,399.3990173339844,21.829999923706055,456.7601623535156,38.84893035888672,35.904380798339844,94.28229522705078
2023-12-18,193.6974639892578,154.07000732421875,31.68333625793457,187.85000610351562,134.68679809570312,358.26226806640625,157.46771240234375,341.9366760253906,366.33929443359375,401.9146728515625,21.799999237060547,459.32940673828125,39.16624450683594,36.02417755126953,94.5642318725586
2023-12-19,194.7357177734375,153.7899932861328,31.7591552734375,189.1300048828125,135.52984619140625,364.02081298828125,159.57066345214844,347.63201904296875,366.9389953613281,403.96832275390625,22.030000686645508,462.1225891113281,39.63616180419922,36.29467010498047,94.92405700683594
2023-12-20,192.64935302734375,152.1199951171875,31.256845474243164,188.10000610351562,137.20599365234375,359.3282775878906,157.7708282470703,346.56036376953125,364.3437194824219,397.9654846191406,22.040000915527344,455.71881103515625,39.26859664916992,35.64741516113281,93.48969268798828
2023-12-21,192.50099182128906,153.83999633789062,31.46535301208496,189.42999267578125,139.26895141601562,362.2313232421875,158.67074584960938,351.3329162597656,367.2142333984375,402.595947265625,22.309999465942383,460.0398864746094,39.42213439941406,35.99519348144531,94.53958892822266
2023-12-22,191.43309020996094,153.4199981689453,31.68333625793457,190.27000427246094,140.33021545410156,362.3075256347656,158.57601928710938,350.6383972167969,368.2366027832031,403.1982116699219,22.1200008392334,460.9644470214844,39.53845977783203,36.07247543334961,94.66281127929688
2023-12-26,190.88926696777344,153.41000366210938,32.09086990356445,191.72000122070312,140.35992431640625,363.2212219238281,159.51382446289062,352.067138671875,368.3152770996094,405.66650390625,22.200000762939453,462.9108581542969,39.87809753417969,36.217384338378906,95.05715942382812
2023-12-27,190.9881134033203,153.33999633789062,32.07190704345703,192.58999633789062,139.21937561035156,365.95294189453125,160.47059631347656,355.04376220703125,367.73529052734375,406.4924011230469,22.229999542236328,463.74786376953125,39.7012939453125,36.333309173583984,95.05221557617188
2023-12-28,191.41331481933594,153.3800048828125,32.109825134277344,191.47000122070312,139.08050537109375,367.7899475097656,161.32318115234375,355.5299987792969,368.9248352050781,406.2947082519531,21.989999771118164,463.9229736328125,39.096458435058594,36.4395751953125,95.16558074951172
2023-12-29,190.37506103515625,151.94000244140625,31.910799026489258,191.1699981689453,138.544921875,367.1807556152344,161.13369750976562,351.2038879394531,369.6719055175781,404.5364074707031,21.780000686645508,462.5799255371094,39.00804901123047,36.32365036010742,94.87474822998047
2024-01-02,183.56219482421875,149.92999267578125,32.128780364990234,190.72000122070312,137.0373992919922,369.5888671875,163.00933837890625,343.59368896484375,364.5894775390625,397.69073486328125,21.649999618530273,459.9912414550781,39.426788330078125,36.47821807861328,92.39051818847656
2024-01-03,182.187744140625,148.47000122070312,31.77811050415039,189.1300048828125,137.78126525878906,363.3925476074219,162.29888916015625,341.787841796875,364.32403564453125,393.4825744628906,21.059999465942383,456.234619140625,40.06886291503906,36.16908264160156,91.44905853271484
2024-01-04,179.87391662597656,144.57000732421875,32.034000396728516,189.32000732421875,135.27195739746094,364.4966735839844,163.3759307861328,344.41717529296875,361.70904541015625,391.45751953125,21.079999923706055,454.7650451660156,39.366302490234375,36.313995361328125,90.77869415283203
2024-01-05,179.152099609375,145.24000549316406,32.6310920715332,189.35000610351562,134.6173858642578,367.8185119628906,164.1956024169922,349.2095642089844,361.5223388671875,391.9218444824219,21.209999084472656,455.3879089355469,39.39888000488281,36.468563079833984,90.75405883789062
2024-01-08,183.48306274414062,149.10000610351562,32.37519836425781,187.8699951171875,137.701904296875,370.12188720703125,163.9573211669922,355.8673400878906,368.3447570800781,400.02203369140625,21.1299991607666,461.88897705078125,38.94291305541992,36.700408935546875,93.03129577636719
2024-01-09,183.06777954101562,151.3699951171875,31.87288475036621,187.92999267578125,139.79458618164062,365.2486572265625,162.6610565185547,354.6468811035156,369.4261779785156,400.812255859375,21.0,461.188232421875,38.319454193115234,36.468563079833984,93.17916107177734
2024-01-10,184.1060333251953,153.72999572753906,31.844451904296875,187.5,141.11370849609375,363.55438232421875,163.0041961669922,367.5853576660156,376.28790283203125,403.5288391113281,20.940000534057617,463.7965087890625,37.942588806152344,36.52652359008789,93.97274017333984
2024-01-11,183.5127410888672,155.17999267578125,31.417964935302734,187.8699951171875,140.91534423828125,361.4508972167969,162.3179473876953,366.7915954589844,378.11651611328125,404.3685302734375,20.81999969482422,463.5921325683594,38.04029083251953,36.39126968383789,94.45085144042969
2024-01-12,183.8390350341797,154.6199951171875,31.086254119873047,189.7100067138672,141.48065185546875,359.5472412109375,161.12652587890625,371.5740966796875,381.89141845703125,404.5758972167969,21.190000534057617,463.9132080078125,38.468345642089844,36.32365036010742,94.75646209716797
2024-01-16,181.57469177246094,153.16000366210938,30.44178009033203,187.91000366210938,141.3219757080078,362.1171569824219,160.1162109375,364.5987854003906,383.6609802246094,404.5364074707031,20.959999084472656,462.21014404296875,37.5517578125,36.07247543334961,94.9930648803711
2024-01-17,180.63531494140625,151.7100067138672,30.138498306274414,185.83999633789062,140.31033325195312,359.00469970703125,159.25840759277344,365.5017395019531,382.8744812011719,402.2545166015625,20.649999618530273,459.640869140625,37.24003601074219,36.00485610961914,94.5248031616211
2024-01-18,186.51873779296875,153.5,30.07215690612793,187.3699951171875,142.30386352539062,358.74774169921875,159.57293701171875,373.2013244628906,387.1999816894531,407.96417236328125,20.809999465942383,463.72833251953125,37.17954635620117,36.06281661987305,96.44221496582031
2024-01-19,189.41590881347656,155.33999633789062,30.536556243896484,187.92999267578125,145.1800994873047,363.7828369140625,162.3274688720703,380.4643249511719,391.9186706542969,416.05450439453125,20.670000076293945,469.5093078613281,37.300514221191406,36.6424560546875,98.66521453857422
2024-01-22,191.7198486328125,154.77999877929688,30.849315643310547,187.22000122070312,144.7932891845703,367.36163330078125,162.13685607910156,378.8072814941406,389.7952880859375,416.59783935546875,20.219999313354492,470.5019836425781,37.44009780883789,36.816341400146484,99.09896850585938
2024-01-23,192.9954071044922,156.02000427246094,31.05782127380371,187.9499969482422,145.83465576171875,362.42169189453125,161.06935119628906,382.2007141113281,392.1447448730469,418.3265380859375,20.530000686645508,471.8741760253906,37.51919174194336,36.874298095703125,99.49822998046875
2024-01-24,192.32302856445312,156.8699951171875,31.256845474243164,186.39999389648438,147.48106384277344,361.1177062988281,162.50857543945312,387.6578674316406,395.7427978515625,420.6479187011719,20.709999084472656,472.3900146484375,38.05425262451172,37.01920700073242,100.1833724975586
2024-01-25,191.9967041015625,157.75,31.64542579650879,187.13999938964844,150.62509155273438,364.2587585449219,164.8341827392578,390.1185607910156,398.0136413574219,421.1616516113281,20.940000534057617,474.9593200683594,38.91033935546875,37.202762603759766,100.60234069824219
2024-01-26,190.26629638671875,159.1199951171875,31.68333625793457,187.00999450683594,150.94247436523438,359.5853576660156,164.20513916015625,391.07110595703125,397.0895690917969,418.6524963378906,20.860000610351562,474.35589599609375,39.19880676269531,37.338008880615234,99.44400787353516
2024-01-29,189.58401489257812,161.25999450683594,31.85392951965332,188.3300018310547,152.2516326904297,362.2218933105469,164.63401794433594,397.8974609375,402.78155517578125,422.9397277832031,21.209999084472656,478.11248779296875,39.14297103881836,37.43461227416992,100.35588836669922
2024-01-30,185.93531799316406,159.0,32.9722785949707,188.58999633789062,150.21844482421875,368.2277526855469,168.0081024169922,396.94500732421875,401.670654296875,420.1243591308594,21.190000534057617,477.7427062988281,39.54776382446289,37.90798568725586,99.52780151367188
2024-01-31,182.33602905273438,155.1999969482422,32.2330322265625,188.4499969482422,138.95155334472656,365.505615234375,166.1876220703125,387.10223388671875,390.8470764160156,411.895751953125,20.90999984741211,469.94720458984375,38.80799102783203,37.44427490234375,97.43787384033203
2024-02-01,184.76853942871094,159.27999877929688,31.797061920166016,190.41000366210938,140.00286865234375,365.35333251953125,165.587158203125,391.7060852050781,396.942138671875,416.7460021972656,21.209999084472656,476.0979919433594,38.8033332824707,37.502235412597656,98.66521453857422
2024-02-02,183.7698516845703,171.80999755859375,31.72123908996582,188.61000061035156,141.21287536621094,369.1700439453125,166.54029846191406,471.29156494140625,404.2561950683594,423.78924560546875,20.75,481.1100158691406,38.859161376953125,37.65679931640625,99.68553161621094
2024-02-05,185.579345703125,170.30999755859375,31.266328811645508,187.57000732421875,142.50221252441406,364.5633544921875,166.32107543945312,455.8328552246094,398.7804260253906,423.2361145019531,20.469999313354492,479.3582763671875,38.76145553588867,37.43461227416992,99.91227722167969
2024-02-06,187.18124389648438,169.14999389648438,31.313711166381836,188.5500030517578,142.9187774658203,366.4383850097656,166.89295959472656,451.17938232421875,398.6231689453125,422.38653564453125,20.510000228881836,480.7499084472656,38.88707733154297,37.51190185546875,99.45387268066406
2024-02-07,187.29000854492188,170.52999877929688,31.4464054107666,188.5,144.3469696044922,368.02789306640625,167.20748901367188,465.9336242675781,407.0382385253906,426.7329406738281,20.329999923706055,484.7596435546875,38.9661750793457,37.792049407958984,100.76993560791016
2024-02-08,186.21218872070312,169.83999633789062,31.389528274536133,188.3300018310547,144.7139434814453,366.4859619140625,166.60702514648438,466.34039306640625,407.0971374511719,427.5232238769531,20.649999618530273,484.9737243652344,39.366302490234375,37.64714050292969,101.08539581298828
2024-02-09,186.9745330810547,174.4499969482422,31.342145919799805,187.60000610351562,147.77862548828125,365.7435607910156,166.8071746826172,464.4651184082031,413.4281005859375,431.7313537597656,20.68000030517578,487.7765808105469,38.76145553588867,37.753414154052734,102.44581604003906
2024-02-12,185.29141235351562,172.33999633789062,31.863407135009766,187.11000061035156,146.32066345214844,373.71978759765625,167.55062866210938,465.2489929199219,408.227783203125,430.04217529296875,20.760000228881836,487.56243896484375,39.18950653076172,37.927303314208984,101.66700744628906
2024-02-13,183.20237731933594,168.63999938964844,31.038862228393555,184.52999877929688,143.95025634765625,360.4990539550781,166.09231567382812,456.537353515625,399.4390869140625,423.3348388671875,20.200000762939453,480.84722900390625,38.79402160644531,37.41529083251953,99.94184112548828
2024-02-14,182.3212432861328,170.97999572753906,31.399009704589844,184.4199981689453,144.7436981201172,359.82330322265625,167.7793731689453,469.59490966796875,403.29986572265625,427.94805908203125,20.440000534057617,485.217041015625,38.75680923461914,37.772727966308594,100.98681640625
2024-02-15,182.03407287597656,169.8000030517578,32.289894104003906,185.66000366210938,141.59967041015625,366.84765625,171.4393768310547,480.26116943359375,400.4141540527344,429.2223205566406,20.940000534057617,488.56488037109375,39.83622741699219,38.41999053955078,100.77486419677734
2024-02-16,180.49948120117188,169.50999450683594,32.30885696411133,186.33999633789062,139.36813354492188,365.9148864746094,170.63876342773438,469.63458251953125,397.9519348144531,425.3302917480469,21.389999389648438,486.13189697265625,39.812965393066406,38.28474426269531,99.84819793701172
2024-02-20,179.75694274902344,167.0800018310547,32.18564224243164,187.47000122070312,139.96319580078125,365.9909973144531,171.3059539794922,468.0767822265625,396.7011413574219,422.11981201171875,21.06999969482422,483.4554748535156,39.45005798339844,38.1784782409668,98.83281707763672
2024-02-21,180.50942993164062,168.58999633789062,31.939231872558594,187.47999572753906,141.38150024414062,369.5603332519531,172.42111206054688,464.8784484863281,396.1003723144531,420.43060302734375,20.959999084472656,483.8934326171875,40.18982696533203,38.29439926147461,98.21175384521484
2024-02-22,182.5390167236328,174.5800018310547,31.85392951965332,187.55999755859375,142.9088592529297,371.654296875,174.48941040039062,482.8565673828125,405.42724609375,432.7389831542969,20.81999969482422,493.9078674316406,40.259620666503906,38.73878860473633,101.42549896240234
2024-02-23,180.7073974609375,174.99000549316406,32.147727966308594,188.6199951171875,142.77992248535156,372.20635986328125,175.36630249023438,480.7707214355469,404.13702392578125,431.46466064453125,20.989999771118164,494.2484436035156,39.994415283203125,38.9319953918457,101.18889617919922
2024-02-26,179.36093139648438,174.72999572753906,31.85392951965332,188.1999969482422,136.44229125976562,371.4163513183594,174.76580810546875,478.49615478515625,401.37933349609375,431.2374267578125,20.6200008392334,492.438232421875,40.13399887084961,38.73878860473633,101.28749084472656
2024-02-27,180.81629943847656,173.5399932861328,32.48892593383789,188.0,137.74156188964844,371.9779357910156,174.85159301757812,483.77032470703125,401.32025146484375,432.2746887207031,20.56999969482422,493.35308837890625,39.96185302734375,38.84504699707031,101.37620544433594
2024-02-28,179.6183624267578,173.16000366210938,32.517356872558594,188.33999633789062,135.26206970214844,376.8857421875,175.73800659179688,480.7607727050781,401.5566711425781,429.9730224609375,20.549999237060547,492.7010192871094,39.882755279541016,38.98996353149414,100.89807891845703
2024-02-29,178.95498657226562,176.75999450683594,32.94684982299805,189.30999755859375,137.32501220703125,372.9268798828125,177.3392333984375,486.8296813964844,407.3871765136719,433.65765380859375,20.729999542236328,494.47235107421875,40.078163146972656,38.970638275146484,102.02191925048828
2024-03-01,177.8758087158203,178.22000122070312,32.78459167480469,192.88999938964844,136.0158233642578,372.0162658691406,176.6053466796875,498.91766357421875,409.218994140625,440.1872253417969,21.170000076293945,499.11456298828125,40.54344177246094,38.922340393066406,103.88510131835938
2024-03-04,173.36111450195312,177.5800018310547,33.54814147949219,196.00999450683594,132.2569122314453,375.9943542480469,177.93020629882812,494.83538818359375,408.6477966308594,438.6165771484375,21.860000610351562,498.57928466796875,40.11073684692383,39.018943786621094,103.88510131835938
2024-03-05,168.4305419921875,174.1199951171875,33.77719497680664,197.19000244140625,131.5824737548828,374.7098388671875,179.71253967285156,486.9190368652344,396.563232421875,430.74359130859375,21.670000076293945,493.59637451171875,40.408504486083984,39.02861022949219,101.33184814453125
2024-03-06,167.4404754638672,173.50999450683594,33.80583190917969,198.80999755859375,130.32286071777344,373.4253845214844,180.64659118652344,492.7494812011719,396.01177978515625,433.4501953125,22.100000381469727,496.0975646972656,40.53413391113281,39.23147964477539,102.1352767944336
2024-03-07,167.32167053222656,176.82000732421875,34.00625991821289,199.94000244140625,133.27845764160156,372.3325500488281,179.06442260742188,508.7411193847656,402.9551696777344,440.0291748046875,22.239999771118164,501.02203369140625,40.87842559814453,39.173519134521484,103.7470932006836
2024-03-08,169.0344696044922,175.35000610351562,33.977630615234375,201.6300048828125,134.30001831054688,370.9522705078125,179.39801025390625,502.54315185546875,400.0793151855469,433.6773986816406,22.229999542236328,498.0148010253906,41.02266311645508,39.24113845825195,102.20429229736328
2024-03-11,171.03445434570312,171.9600067138672,34.25441360473633,202.0,136.54148864746094,370.1566467285156,179.46470642089844,480.3336486816406,398.4049987792969,432.0672912597656,22.350000381469727,497.5865783691406,41.446048736572266,39.30875778198242,101.92332458496094
2024-03-12,171.5096435546875,175.38999938964844,34.321224212646484,199.7899932861328,137.3646697998047,372.0929260253906,180.94207763671875,496.3848876953125,409.0023498535156,438.26092529296875,22.09000015258789,502.9393615722656,41.380916595458984,39.472999572753906,104.01325988769531
2024-03-13,169.4305419921875,176.55999755859375,34.435752868652344,201.19000244140625,138.6440887451172,376.0517883300781,182.40992736816406,492.2330322265625,408.8250427246094,434.8924865722656,22.790000915527344,502.15093994140625,42.04159927368164,39.7628059387207,102.88943481445312
2024-03-14,171.2819366455078,178.75,34.06352233886719,200.35000610351562,141.92698669433594,372.505126953125,179.15975952148438,488.5181579589844,418.7921142578125,433.79595947265625,22.729999542236328,501.15826416015625,42.47429275512695,39.44401550292969,102.90914154052734
2024-03-15,170.9057159423828,174.4199981689453,33.79628372192383,199.7100067138672,140.022705078125,371.16314697265625,181.3805389404297,480.84027099609375,410.1250915527344,428.6395568847656,23.030000686645508,497.7170715332031,42.59991455078125,39.405364990234375,101.35649871826172
2024-03-18,171.99478149414062,174.47999572753906,34.36894226074219,200.02999877929688,146.46942138671875,368.4408874511719,183.62991333007812,493.633544921875,411.0115051269531,432.72760009765625,22.90999984741211,500.6750793457031,42.747188568115234,39.63130187988281,101.85465240478516
2024-03-19,174.33135986328125,175.89999389648438,34.38803482055664,199.8000030517578,145.8247528076172,372.5531005859375,184.7069549560547,492.8984680175781,415.0397033691406,433.80572509765625,22.790000915527344,503.4573974609375,43.234981536865234,39.82524108886719,102.38294219970703
2024-03-20,176.89564514160156,178.14999389648438,35.07522201538086,202.17999267578125,147.52073669433594,380.0393981933594,187.1278839111328,502.1159973144531,418.8019104003906,438.9491882324219,23.290000915527344,508.1141052246094,43.17400360107422,40.300392150878906,103.52836608886719
2024-03-21,169.66812133789062,178.14999389648438,35.80058670043945,201.97000122070312,146.39007568359375,396.56494140625,189.72994995117188,504.3409423828125,422.8793640136719,441.0264892578125,22.649999618530273,509.793212890625,43.431976318359375,40.630088806152344,103.60243225097656
2024-03-22,170.569091796875,178.8699951171875,35.361549377441406,200.35000610351562,149.5341033935547,389.96051025390625,187.404296875,506.148681640625,422.2588806152344,441.53094482421875,22.559999465942383,508.82672119140625,43.33816909790039,40.164634704589844,103.63699340820312
2024-03-25,169.1533203125,179.7100067138672,35.180213928222656,200.99000549316406,148.83985900878906,388.1584167480469,185.68870544433594,499.6328430175781,416.4677734375,439.9285583496094,22.579999923706055,507.42095947265625,43.74153518676758,40.009483337402344,102.95072174072266
2024-03-26,168.02462768554688,178.3000030517578,35.39972686767578,201.63999938964844,149.43492126464844,389.34698486328125,186.55599975585938,492.5509033203125,415.27606201171875,438.5041809082031,22.34000015258789,506.48370361328125,43.403831481933594,40.14523696899414,102.526123046875
2024-03-27,171.5888671875,179.8300018310547,36.086917877197266,203.10000610351562,149.63328552246094,398.0411071777344,190.16839599609375,490.5345153808594,415.05938720703125,439.9977722167969,22.510000228881836,510.7401123046875,43.80719757080078,40.62038803100586,103.0494613647461
2024-03-28,169.77703857421875,180.3800048828125,36.1919059753418,205.72000122070312,149.69277954101562,400.3799743652344,190.9118194580078,482.31024169921875,414.360107421875,439.1866455078125,22.75,510.64251708984375,44.280914306640625,40.843421936035156,102.82728576660156
2024-04-01,168.3414306640625,180.97000122070312,35.81013488769531,207.82000732421875,154.21543884277344,396.3732604980469,189.61557006835938,488.0414123535156,418.15191650390625,440.1164855957031,22.860000610351562,509.754150390625,44.60922622680664,40.62038803100586,103.1136474609375
2024-04-02,167.16323852539062,180.69000244140625,35.600154876708984,210.88999938964844,153.2930450439453,393.1524658203125,189.539306640625,494.0208740234375,415.0691833496094,436.3181457519531,23.84000015258789,506.5130615234375,45.233036041259766,40.40705108642578,102.12126159667969
2024-04-03,167.96519470214844,182.41000366210938,35.7337760925293,212.74000549316406,153.6501007080078,396.8429260253906,189.0055694580078,503.3277893066406,414.0941467285156,437.2974548339844,24.729999542236328,507.0694580078125,45.5425910949707,40.387664794921875,102.39281463623047
2024-04-04,167.14346313476562,180.0,35.23747253417969,211.52000427246094,149.2960662841797,389.41412353515625,187.56752014160156,507.4797058105469,411.5630798339844,430.6108093261719,24.489999771118164,500.8800964355469,45.51445770263672,39.93191146850586,100.77340698242188
2024-04-05,167.89590454101562,185.07000732421875,35.41881561279297,215.13999938964844,151.24993896484375,391.1587219238281,189.2931671142578,523.7890625,419.0875549316406,435.6850891113281,25.030000686645508,506.1126708984375,46.00224685668945,40.310081481933594,101.9287109375
2024-04-08,166.7771453857422,185.19000244140625,35.79104232788086,216.47999572753906,153.58065795898438,393.52630615234375,190.28060913085938,515.7535400390625,418.171630859375,435.813720703125,25.399999618530273,506.3957824707031,45.711448669433594,40.484642028808594,101.81022644042969
2024-04-09,167.9850311279297,185.6699981689453,36.01055908203125,217.6699981689453,155.31629943847656,393.6893005371094,189.0055694580078,513.4193115234375,419.8360290527344,437.426025390625,25.719999313354492,506.9815673828125,45.725521087646484,40.25190353393555,102.32369232177734
2024-04-10,166.11380004882812,185.9499969482422,34.97978210449219,215.61000061035156,154.86009216308594,384.1516418457031,187.3949737548828,516.3297119140625,416.8617248535156,433.6080017089844,25.450000762939453,501.9051208496094,45.86623001098633,39.65069580078125,101.06964111328125
2024-04-11,173.30166625976562,189.0500030517578,34.69344711303711,219.8000030517578,158.10328674316406,381.007568359375,187.3566131591797,519.63720703125,421.46112060546875,440.5318908691406,26.010000228881836,505.6929931640625,45.833396911621094,39.36948776245117,103.08895874023438
2024-04-12,174.79666137695312,186.1300048828125,34.158973693847656,216.88999938964844,156.43702697753906,373.3486633300781,175.23878479003906,508.45306396484375,415.52227783203125,433.5090026855469,25.6299991607666,498.7128601074219,45.08763885498047,38.84585952758789,101.42018127441406
2024-04-15,170.97500610351562,183.6199951171875,34.311683654785156,220.9499969482422,153.590576171875,384.2666931152344,175.3346710205078,496.86163330078125,407.3871765136719,426.3773193359375,26.40999984741211,492.46490478515625,44.6655158996582,38.651920318603516,99.49466705322266
2024-04-16,167.6979217529297,183.32000732421875,33.09955596923828,221.22000122070312,153.13433837890625,380.4132385253906,173.3309783935547,496.39483642578125,408.3128967285156,426.41693115234375,25.799999237060547,491.5667724609375,44.27622604370117,38.390098571777344,99.6131591796875
2024-04-17,166.3316192626953,181.27999877929688,33.624488830566406,219.58999633789062,154.195556640625,387.17108154296875,172.64071655273438,490.8424377441406,405.6143493652344,421.2140808105469,25.850000381469727,488.6575622558594,44.14958953857422,38.48706817626953,98.17642974853516
2024-04-18,165.38113403320312,179.22000122070312,34.13987731933594,220.33999633789062,154.73114013671875,386.4042053222656,173.76242065429688,498.4211120605469,398.15875244140625,418.8104553222656,25.860000610351562,487.65203857421875,44.01356506347656,38.622825622558594,97.05569458007812
2024-04-19,163.3614044189453,174.6300048828125,35.28519821166992,221.02999877929688,152.82687377929688,387.2573547363281,178.1244354248047,477.8306579589844,393.08660888671875,410.14556884765625,26.200000762939453,483.3956298828125,44.5435676574707,39.15615463256836,95.05611419677734
2024-04-22,164.19308471679688,177.22999572753906,36.01055908203125,215.57000732421875,154.99896240234375,400.0541076660156,181.58529663085938,478.4862365722656,394.89886474609375,414.2702941894531,24.93000030517578,487.8472595214844,44.83435821533203,39.63130187988281,95.90531158447266
2024-04-23,165.2425079345703,179.5399932861328,36.62139129638672,215.0399932861328,156.9627227783203,406.42852783203125,184.20252990722656,492.75946044921875,401.40887451171875,420.45245361328125,24.989999771118164,493.6363830566406,45.08294677734375,39.8834228515625,97.32723236083984
2024-04-24,167.34146118164062,176.58999633789062,36.573673248291016,214.63999938964844,157.82557678222656,405.50830078125,185.1036834716797,490.17694091796875,402.87640380859375,421.87677001953125,24.899999618530273,493.402099609375,45.115779876708984,39.87372970581055,97.7715835571289
2024-04-25,168.20285034179688,173.6699981689453,36.18235397338867,215.9199981689453,154.72125244140625,402.6422119140625,185.38172912597656,438.4079284667969,393.0078125,419.8392028808594,25.059999465942383,491.5276794433594,45.32215881347656,39.64099884033203,97.55927276611328
2024-04-26,167.61868286132812,179.6199951171875,36.10600280761719,216.6199951171875,170.54049682617188,409.8505554199219,185.49676513671875,440.30511474609375,400.1777648925781,426.3179931640625,24.889999389648438,496.18438720703125,44.90471649169922,39.582820892333984,98.66028594970703
2024-04-29,171.77696228027344,180.9600067138672,35.83876419067383,216.17999267578125,164.7880096435547,412.9562683105469,185.2954559326172,429.7069091796875,396.1693115234375,428.0489501953125,24.829999923706055,497.9416198730469,45.2095832824707,39.524635314941406,99.08489227294922
2024-04-30,168.6384735107422,175.0,35.32337188720703,211.8699951171875,161.44566345214844,409.02618408203125,183.81906127929688,427.2734069824219,383.4446105957031,419.9776306152344,24.049999237060547,490.0535888671875,43.86347198486328,39.13676452636719,96.90262603759766
2024-05-01,167.61868286132812,179.0,35.26610565185547,213.7899932861328,162.5167999267578,409.2562561035156,183.93409729003906,436.2326965332031,388.96978759765625,416.9409484863281,24.270000457763672,488.4622802734375,43.16462326049805,39.13676452636719,95.9102554321289
2024-05-02,171.31167602539062,184.72000122070312,35.199302673339844,213.1300048828125,165.25418090820312,414.6433410644531,183.7423553466797,438.70587158203125,391.8259582519531,422.2625427246094,24.360000610351562,493.0311279296875,43.4132080078125,39.23373031616211,97.29267120361328
2024-05-03,181.55885314941406,186.2100067138672,35.55243682861328,212.9600067138672,165.8690948486328,420.0208740234375,182.63987731933594,448.9166564941406,400.5126037597656,430.74932861328125,24.219999313354492,499.142333984375,43.41790008544922,39.321006774902344,100.00320434570312
2024-05-06,179.9054718017578,188.6999969482422,35.97238540649414,215.1999969482422,166.7220458984375,425.2833557128906,184.06829833984375,462.5443115234375,407.28863525390625,435.4674987792969,25.06999969482422,504.29693603515625,43.760292053222656,39.82524108886719,101.17826843261719
2024-05-07,180.58860778808594,188.75999450683594,36.11555480957031,214.2100067138672,169.84622192382812,425.4079284667969,183.82862854003906,465.0870666503906,403.152099609375,435.5367126464844,24.920000076293945,504.8534240722656,43.718074798583984,39.960994720458984,100.84745788574219
2024-05-08,180.9252166748047,188.0,35.99147415161133,213.5800018310547,167.99156188964844,428.42742919921875,187.56752014160156,469.4176940917969,404.333984375,435.2795715332031,24.950000762939453,504.9021911621094,43.66648483276367,40.10645294189453,101.1338119506836
2024-05-09,182.737060546875,189.5,36.53549575805664,216.9499969482422,168.56680297851562,436.6805725097656,189.3411102294922,472.21868896484375,406.0870666503906,436.2291259765625,25.860000610351562,507.8114013671875,44.252769470214844,40.40705108642578,101.10420227050781
2024-05-10,181.47796630859375,187.47999572753906,36.697757720947266,218.7100067138672,167.26751708984375,435.88494873046875,190.55862426757812,472.99346923828125,408.47052001953125,437.2579040527344,25.770000457763672,508.4656066894531,44.008880615234375,40.56221389770508,101.47942352294922
2024-05-13,184.68020629882812,186.57000732421875,36.468685150146484,216.25999450683594,167.75352478027344,434.76348876953125,190.5203094482422,464.858642578125,407.4659118652344,438.26678466796875,25.799999237060547,508.53375244140625,43.89162063598633,40.397361755371094,101.95833587646484
2024-05-14,185.82032775878906,187.07000732421875,36.735931396484375,218.08999633789062,168.94366455078125,439.4700012207031,193.18544006347656,468.6727600097656,410.26300048828125,441.0857849121094,26.1299991607666,510.8670349121094,43.947898864746094,40.600990295410156,102.8618392944336
2024-05-15,188.09068298339844,185.99000549316406,37.13678741455078,220.88999938964844,171.0958709716797,446.7742004394531,193.7606658935547,478.2975158691406,417.4360046386719,447.9801025390625,27.1200008392334,517.193115234375,44.04639434814453,40.90160369873047,105.17740631103516
2024-05-16,188.20965576171875,183.6300048828125,37.43265914916992,220.02999877929688,172.752197265625,445.2692565917969,194.10577392578125,470.04345703125,415.37384033203125,447.0700988769531,27.059999465942383,516.1289672851562,43.92445373535156,40.90160369873047,104.81204986572266
2024-05-17,188.2393798828125,184.6999969482422,37.499473571777344,223.66000366210938,174.6167755126953,448.336669921875,196.32992553710938,468.73236083984375,414.604248046875,446.8524475097656,28.790000915527344,516.8709106445312,44.53887176513672,41.202205657958984,104.57999420166016
2024-05-20,189.39932250976562,183.5399932861328,37.05088424682617,224.55999755859375,175.46975708007812,443.7547607421875,187.5004119873047,465.6830139160156,419.6658935546875,449.9682922363281,28.979999542236328,517.466552734375,44.24808120727539,40.63978576660156,105.8093490600586
2024-05-21,190.6980743408203,183.14999389648438,37.84305953979492,224.22999572753906,176.39212036132812,450.9151611328125,191.2776641845703,461.5013427734375,423.3164978027344,450.84857177734375,29.270000457763672,518.7355346679688,44.032325744628906,40.90160369873047,105.98216247558594
2024-05-22,189.26052856445312,183.1300048828125,37.94804382324219,220.11000061035156,174.93417358398438,443.2179870605469,190.1176300048828,464.630126953125,424.7767639160156,450.75958251953125,28.219999313354492,517.2418823242188,43.18807601928711,40.66887283325195,106.21915435791016
2024-05-23,185.2750701904297,181.0500030517578,37.38493728637695,215.72000122070312,172.1273651123047,439.1632385253906,188.78506469726562,462.64361572265625,421.3037109375,448.7318115234375,27.549999237060547,513.4638671875,42.79409408569336,40.10645294189453,105.35514068603516
2024-05-24,188.34841918945312,180.75,37.890785217285156,215.9199981689453,173.5555877685547,442.0676574707031,192.41851806640625,474.9998779296875,424.42156982421875,452.9752502441406,27.739999771118164,516.8612670898438,42.855072021484375,40.348876953125,106.24384307861328
2024-05-28,188.35838317871094,182.14999389648438,37.528106689453125,218.19000244140625,174.95401000976562,440.7544250488281,191.25848388671875,476.68841552734375,424.5794677734375,454.68646240234375,29.239999771118164,517.2223510742188,43.295955657958984,39.9028205871582,106.69313049316406
2024-05-29,188.65577697753906,182.02000427246094,36.955448150634766,216.16000366210938,174.4580841064453,438.2238464355469,189.9259033203125,471.1658630371094,423.44482421875,451.48162841796875,29.170000076293945,513.6005249023438,42.531436920166016,39.582820892333984,106.01671600341797
2024-05-30,189.64718627929688,179.32000732421875,36.869544982910156,216.57000732421875,170.69915771484375,434.1831970214844,191.09547424316406,463.90509033203125,409.1382141113281,446.6447448730469,28.420000076293945,510.19342041015625,42.653385162353516,39.79615020751953,103.59749603271484
2024-05-31,190.5989227294922,176.44000244140625,38.16756820678711,215.3000030517578,171.08596801757812,440.2489929199219,194.25918579101562,463.6865539550781,409.59210205078125,445.8138732910156,27.760000228881836,514.8402709960938,43.71338653564453,40.37796401977539,103.76042938232422
2024-06-03,192.36366271972656,178.33999633789062,38.06257629394531,217.22000122070312,171.75048828125,438.7638854980469,193.48265075683594,474.27471923828125,408.0035400390625,448.20758056640625,27.889999389648438,515.2601318359375,42.5689582824707,40.12584686279297,104.02208709716797
2024-06-04,192.68092346191406,179.33999633789062,37.87169647216797,215.27000427246094,172.36538696289062,439.0724792480469,190.93251037597656,473.778076171875,410.51953125,449.43414306640625,27.020000457763672,515.836181640625,42.16090393066406,39.94160079956055,104.23931884765625
2024-06-05,194.18783569335938,181.27999877929688,38.13893508911133,217.82000732421875,173.97213745117188,445.22509765625,189.1110076904297,491.7264404296875,418.3536376953125,458.49456787109375,27.399999618530273,521.9669189453125,42.15621566772461,40.05797576904297,106.55489349365234
2024-06-06,192.80978393554688,185.0,37.890785217285156,219.42999267578125,175.28128051757812,441.772705078125,188.7754669189453,490.4352111816406,418.8568115234375,458.33636474609375,28.530000686645508,521.9570922851562,42.37665939331055,40.038578033447266,106.19940185546875
2024-06-07,195.19911193847656,184.3000030517578,38.19805908203125,211.60000610351562,173.0299072265625,438.6964111328125,191.68991088867188,489.6405944824219,418.1957702636719,457.9308166503906,26.670000076293945,521.3226318359375,42.20781326293945,40.22281265258789,106.44625854492188
2024-06-10,191.4614715576172,187.05999755859375,38.09242630004883,213.5399932861328,173.77459716796875,437.3848571777344,191.36395263671875,499.2157287597656,422.162109375,459.7804870605469,27.1200008392334,522.9334106445312,42.5267448425293,40.067665100097656,106.7177963256836
2024-06-11,205.3709716796875,187.22999572753906,37.31464767456055,214.14999389648438,175.37326049804688,428.4356384277344,186.33082580566406,504.0528869628906,426.9079284667969,462.935791015625,26.709999084472656,524.1928100585938,42.442317962646484,39.61191177368164,108.70256805419922
2024-06-12,211.24014282226562,186.88999938964844,37.842769622802734,214.72000122070312,176.5349884033203,432.707763671875,183.6177215576172,505.4136657714844,435.1761779785156,468.999267578125,27.030000686645508,528.4979248046875,41.987361907958984,39.573123931884766,111.10698699951172
2024-06-13,212.4001007080078,183.8300018310547,37.69873809814453,212.97000122070312,173.9235382080078,430.4415283203125,185.65972900390625,500.70562744140625,435.689208984375,471.5412902832031,26.43000030517578,529.5620727539062,41.602760314941406,39.544029235839844,111.9858169555664
2024-06-14,210.66514587402344,183.66000366210938,37.679534912109375,215.72999572753906,175.5420379638672,430.54754638671875,185.77476501464844,501.26239013671875,436.66607666015625,473.9844970703125,27.010000228881836,529.8842163085938,41.293209075927734,39.417972564697266,112.40547180175781
2024-06-17,214.80921936035156,184.05999755859375,37.93879699707031,214.61000061035156,175.98887634277344,434.1349792480469,186.92520141601562,503.7181701660156,442.38861083984375,479.7907409667969,26.920000076293945,534.1015625,41.40107345581055,39.767059326171875,114.10879516601562
2024-06-18,212.44964599609375,182.80999755859375,38.39970779418945,215.47000122070312,173.85403442382812,441.12652587890625,188.8617401123047,496.61920166015625,440.38568115234375,479.9390869140625,26.959999084472656,535.4586181640625,41.57462692260742,40.0191764831543,114.25198364257812
2024-06-20,207.87924194335938,186.10000610351562,38.39970779418945,218.16000366210938,175.05551147460938,441.7244873046875,190.4627685546875,498.8165588378906,439.7543029785156,476.23974609375,28.0,534.0040283203125,42.339134216308594,40.23251724243164,112.96831512451172
2024-06-21,205.70806884765625,189.0800018310547,37.919593811035156,214.77999877929688,178.36199951171875,434.1349792480469,188.19065856933594,491.936279296875,443.77984619140625,474.9637756347656,26.979999542236328,533.2880249023438,42.09524154663086,40.077362060546875,112.77082824707031
2024-06-24,206.35247802734375,185.57000732421875,38.42851257324219,215.6300048828125,177.9549102783203,445.6204833984375,190.66409301757812,496.04254150390625,441.6980285644531,469.5564270019531,27.0,531.5545043945312,43.15666961669922,40.48917007446289,110.0060806274414
2024-06-25,207.27450561523438,186.33999633789062,37.81396484375,214.55999755859375,182.73094177246094,441.0783386230469,189.88754272460938,507.6653747558594,444.9342346191406,474.92608642578125,26.399999618530273,533.6014404296875,43.255950927734375,40.187374114990234,112.02400970458984
2024-06-26,211.41859436035156,193.61000061035156,37.44907760620117,212.5800018310547,182.58200073242188,439.61248779296875,189.27398681640625,510.1709289550781,446.12811279296875,475.9068908691406,26.309999465942383,534.2675170898438,42.83043670654297,39.93424987792969,111.89541625976562
2024-06-27,212.2613067626953,197.85000610351562,37.68913650512695,214.99000549316406,184.1011962890625,430.0653991699219,190.9420928955078,516.5738525390625,446.8088684082031,477.1353454589844,26.450000762939453,535.1096801757812,42.92972946166992,39.88557434082031,111.94981384277344
2024-06-28,208.81117248535156,193.25,38.18845748901367,215.00999450683594,180.86422729492188,436.19866943359375,193.90447998046875,501.3219909667969,440.9875793457031,474.65863037109375,26.56999969482422,533.0039672851562,43.09519958496094,40.02186965942383,111.89045715332031
2024-07-01,214.88853454589844,197.1999969482422,38.41891098022461,215.57000732421875,181.69830322265625,447.1345520019531,196.9626922607422,501.77935791015625,450.6371154785156,477.4425354003906,26.850000381469727,534.1009521484375,43.11883544921875,40.1094856262207,112.73621368408203
2024-07-02,218.3782958984375,200.0,39.30232620239258,215.55999755859375,183.93240356445312,449.0149841308594,200.20303344726562,506.5716857910156,453.1530456542969,482.4555358886719,26.969999313354492,537.6953735351562,43.085750579833984,40.576786041259766,113.30004119873047
2024-07-03,219.64730834960938,197.58999633789062,39.27352523803711,217.99000549316406,184.50830078125,451.24273681640625,200.06883239746094,507.029052734375,454.6231994628906,486.477783203125,27.84000015258789,540.0947875976562,43.274864196777344,40.45022201538086,114.82831573486328
2024-07-05,224.39617919921875,200.0,38.80300521850586,220.92999267578125,189.25454711914062,448.18572998046875,197.4178009033203,536.806884765625,461.3226623535156,491.55023193359375,28.479999542236328,543.2091674804688,42.59877014160156,40.440494537353516,115.17947387695312
2024-07-08,225.86349487304688,199.2899932861328,39.0046501159668,218.19000244140625,187.6956329345703,448.2532043457031,197.7841339111328,526.2779541015625,460.0202331542969,492.71923828125,28.1299991607666,543.8361206054688,42.33873748779297,40.333404541015625,115.96585845947266
2024-07-09,226.71607971191406,199.33999633789062,39.77284240722656,218.55999755859375,187.64599609375,455.9776611328125,200.1555938720703,526.9539184570312,453.4096374511719,493.14520263671875,28.1200008392334,544.364990234375,41.96522521972656,40.644935607910156,115.87188720703125
2024-07-10,230.97914123535156,199.7899932861328,40.08012008666992,219.36000061035156,189.8304443359375,461.82171630859375,200.31947326660156,531.6168823242188,460.0301208496094,498.2869873046875,28.15999984741211,549.7515869140625,42.2489013671875,40.800697326660156,117.55348205566406
2024-07-11,225.61563110351562,195.0500030517578,40.14733123779297,223.25,184.26007080078125,462.1496276855469,199.98207092285156,509.7532958984375,448.63421630859375,487.3594665527344,28.68000030517578,545.0113525390625,42.688602447509766,41.1219596862793,114.6106948852539
2024-07-12,228.5601043701172,194.49000549316406,39.93608093261719,223.11000061035156,183.7636260986328,462.7763671875,197.56243896484375,496.00274658203125,447.4995422363281,490.2226867675781,28.1200008392334,548.4490966796875,42.797340393066406,41.25825500488281,115.63448333740234
2024-07-15,232.386962890625,192.72000122070312,40.224151611328125,223.8300018310547,185.21328735351562,474.6862487792969,202.4884796142578,493.308349609375,447.9040832519531,491.5402526855469,28.030000686645508,549.9573364257812,43.445072174072266,41.86184310913086,115.84221649169922
2024-07-16,232.8033447265625,193.02000427246094,42.37507247924805,228.2899932861328,182.62171936035156,485.0916748046875,205.92996215820312,486.9749755859375,443.5232849121094,491.728515625,28.610000610351562,553.2186889648438,43.638916015625,42.3388786315918,115.4564437866211
2024-07-17,226.91436767578125,187.92999267578125,42.23103713989258,227.22999572753906,179.7421875,484.2815856933594,209.0629425048828,459.334716796875,437.6033630371094,477.29388427734375,27.670000076293945,545.4619140625,44.073883056640625,42.660133361816406,110.96558380126953
2024-07-18,222.2547149658203,183.75,41.29960632324219,225.77999877929688,176.43568420410156,468.88079833984375,202.42098999023438,473.1151123046875,434.495361328125,475.0350341796875,27.200000762939453,541.2700805664062,44.154258728027344,42.144168853759766,110.97547149658203
2024-07-19,222.3836212158203,183.1300048828125,41.19398880004883,221.72999572753906,176.40591430664062,467.6464538574219,202.22817993164062,474.0497131347656,431.27886962890625,470.8245849609375,26.690000534057617,537.6757202148438,43.67201232910156,41.71581268310547,109.2394790649414
2024-07-22,222.03663635253906,182.5500030517578,40.61784362792969,221.8000030517578,180.38760375976562,469.6812438964844,202.71022033691406,484.5986633300781,437.03106689453125,477.8387451171875,26.6299991607666,543.2191772460938,43.397789001464844,41.949466705322266,111.826171875
2024-07-23,223.0775909423828,186.41000366210938,40.72346878051758,222.5800018310547,180.50674438476562,474.6091003417969,202.75839233398438,485.88128662109375,438.91558837890625,476.15460205078125,26.68000030517578,542.3670043945312,42.707515716552734,42.027339935302734,111.38104248046875
2024-07-24,216.6631622314453,180.8300018310547,40.512210845947266,221.8000030517578,171.41140747070312,469.3533935546875,201.08103942871094,458.61883544921875,423.1783752441406,459.07476806640625,26.43000030517578,530.0755615234375,42.71223068237305,41.452964782714844,106.77149963378906
2024-07-25,215.6221923828125,179.85000610351562,40.02250289916992,218.3300018310547,166.09915161132812,474.184814453125,201.1581268310547,450.8040771484375,412.81842041015625,454.0122375488281,25.40999984741211,527.3137817382812,43.449798583984375,41.608726501464844,105.62899780273438
2024-07-26,216.088134765625,182.5,40.01289749145508,220.6300048828125,165.82115173339844,481.243896484375,204.5996551513672,463.0234375,419.5967712402344,458.6685791015625,25.479999542236328,533.2194213867188,43.586910247802734,42.26099395751953,106.96931457519531
2024-07-29,216.36572265625,183.1999969482422,39.45595932006836,220.32000732421875,168.33328247070312,475.15875244140625,203.2596893310547,463.0333557128906,421.037353515625,459.5899353027344,25.440000534057617,533.5328979492188,43.213401794433594,42.202579498291016,106.49452209472656
2024-07-30,216.92092895507812,181.7100067138672,39.63840866088867,222.52000427246094,169.08792114257812,487.6472473144531,207.4434356689453,460.52783203125,417.2781982421875,453.2790832519531,25.829999923706055,530.8297119140625,43.884769439697266,42.6893424987793,103.81880187988281
2024-07-31,220.1727752685547,186.97999572753906,38.70698547363281,226.5500030517578,170.3291015625,490.8874206542969,205.1394805908203,472.10089111328125,412.76910400390625,466.6933288574219,26.389999389648438,539.4580688476562,44.069156646728516,42.58225631713867,108.2156753540039
2024-08-01,216.48471069335938,184.07000732421875,37.929195404052734,225.77000427246094,169.55462646484375,482.2950439453125,200.47373962402344,494.87921142578125,411.5456848144531,455.3893127441406,26.030000686645508,531.8189697265625,42.90135955810547,41.978668212890625,104.17984771728516
2024-08-02,217.97181701660156,167.89999389648438,36.08555221557617,225.33999633789062,165.48355102539062,453.86572265625,191.97120666503906,485.33447265625,403.0406494140625,444.5807189941406,26.040000915527344,521.9173583984375,41.795021057128906,40.94673156738281,101.25190734863281
2024-08-05,207.47280883789062,161.02000427246094,35.19253158569336,222.47999572753906,158.12583923339844,442.659912109375,187.88385009765625,472.99578857421875,389.87860107421875,431.32501220703125,24.860000610351562,506.7171936035156,40.87306594848633,39.75901794433594,97.8788070678711
2024-08-06,205.4503173828125,161.92999267578125,35.451786041259766,220.6999969482422,157.17263793945312,453.4607238769531,193.12802124023438,491.25018310546875,394.2790832519531,435.44635009765625,24.639999389648438,511.3888854980469,41.1236572265625,40.401546478271484,99.20924377441406
2024-08-07,208.01805114746094,162.77000427246094,35.816680908203125,220.5500030517578,157.8180694580078,456.1512756347656,193.1858367919922,486.1099853515625,393.1148376464844,430.73052978515625,24.329999923706055,507.9707946777344,41.28913116455078,40.45022201538086,97.60183715820312
2024-08-08,211.4780731201172,165.8000030517578,36.69049072265625,224.00999450683594,160.88623046875,468.45648193359375,196.71409606933594,506.7008972167969,397.31805419921875,443.906982421875,25.010000228881836,519.7137451171875,42.17798614501953,41.10248947143555,101.24695587158203
2024-08-09,214.3829345703125,166.94000244140625,36.75770950317383,224.55999755859375,162.51467895507812,472.7864685058594,198.3914794921875,514.7942504882812,400.6036071777344,446.22528076171875,25.0,522.0053100585938,42.27254104614258,41.27772903442383,101.70196533203125
2024-08-12,215.91146850585938,166.8000030517578,36.65208053588867,228.41000366210938,161.1444091796875,468.1961364746094,198.76744079589844,512.984619140625,401.383056640625,447.186279296875,25.489999771118164,522.2797241210938,42.480567932128906,41.06355285644531,102.53287506103516
2024-08-13,219.62364196777344,170.22999572753906,36.93054962158203,228.05999755859375,163.00120544433594,474.4066162109375,200.45445251464844,525.502197265625,408.48699951171875,458.2821960449219,25.420000076293945,530.8689575195312,42.06924057006836,41.4042854309082,105.68338775634766
2024-08-14,220.07029724121094,170.10000610351562,37.266632080078125,226.1999969482422,159.2379608154297,480.9256591796875,202.67164611816406,523.7325439453125,411.2989807128906,458.4308166503906,25.1299991607666,532.5436401367188,42.315086364746094,41.9105224609375,106.2620620727539
2024-08-15,223.0479736328125,177.58999633789062,37.47789001464844,226.91000366210938,160.16139221191406,481.2342834472656,203.93447875976562,534.24169921875,416.1620788574219,470.01220703125,25.860000610351562,541.6715698242188,42.82098388671875,42.29993438720703,109.31861877441406
2024-08-16,224.3680877685547,177.05999755859375,37.77555465698242,231.99000549316406,161.80967712402344,486.2875061035156,206.26736450195312,524.3886108398438,413.6316833496094,470.61651611328125,26.43000030517578,542.8860473632812,42.77370834350586,42.61146545410156,109.50160217285156
2024-08-19,224.20925903320312,178.22000122070312,38.09242630004883,231.61000061035156,165.49346923828125,486.6925354003906,207.69407653808594,526.2379760742188,416.65631103515625,476.79852294921875,26.829999923706055,548.0767822265625,43.06210708618164,42.84511184692383,111.30684661865234
2024-08-20,224.82464599609375,178.8800048828125,37.15140151977539,232.4600067138672,165.99989318847656,479.6141357421875,206.7975616455078,523.70263671875,419.8885192871094,475.7979431152344,26.8700008392334,547.1856079101562,41.92740249633789,42.70881652832031,110.91613006591797
2024-08-21,224.71546936035156,180.11000061035156,37.209022521972656,232.14999389648438,164.67926025390625,478.7655334472656,206.87469482421875,532.0841674804688,419.2361755371094,478.0171203613281,26.950000762939453,549.06591796875,41.998321533203125,42.64066696166992,111.5689926147461
2024-08-22,222.85939025878906,176.1300048828125,37.679534912109375,229.3699951171875,162.6437530517578,480.0094909667969,208.83160400390625,528.872802734375,410.7454528808594,470.438232421875,26.389999389648438,544.7567138671875,42.10706329345703,42.88404846191406,109.00205993652344
2024-08-23,225.15219116210938,177.0399932861328,38.18845748901367,232.02000427246094,164.4508819580078,491.2635803222656,210.4511260986328,524.96533203125,411.9711608886719,475.54034423828125,27.200000762939453,550.544921875,42.735877990722656,43.25399398803711,110.76776123046875
2024-08-26,225.4896697998047,175.5,38.332489013671875,232.75999450683594,164.9871063232422,489.768798828125,211.28016662597656,518.125,408.70928955078125,470.92364501953125,27.31999969482422,549.2324829101562,43.11883544921875,43.390289306640625,109.37796783447266
2024-08-27,226.3333282470703,173.1199951171875,38.09242630004883,233.38999938964844,163.5175018310547,489.18060302734375,212.2537841796875,516.1163940429688,409.05523681640625,472.3304443359375,27.360000610351562,549.9866333007812,42.71696853637695,43.614200592041016,110.04071044921875
2024-08-28,224.80479431152344,170.8000030517578,38.36130142211914,231.75,161.70046997070312,485.3905944824219,213.3238525390625,513.8098754882812,405.8526916503906,466.970703125,26.690000534057617,546.7937622070312,42.442745208740234,43.721282958984375,108.52233123779297
2024-08-29,228.0802459716797,172.1199951171875,38.572547912597656,232.9499969482422,160.63800048828125,491.91937255859375,214.2107391357422,515.2415771484375,408.34356689453125,466.2871398925781,26.809999465942383,546.8427734375,42.995914459228516,44.1107063293457,107.54304504394531
2024-08-30,227.29612731933594,178.5,39.12948226928711,231.2899932861328,162.2267303466797,494.9750671386719,216.70748901367188,518.3137817382812,412.317138671875,471.844970703125,26.350000381469727,552.0629272460938,43.15666961669922,44.529319763183594,108.97239685058594
2024-09-03,221.1124725341797,176.25,39.08147430419922,230.2899932861328,156.24916076660156,472.8672790527344,212.36949157714844,508.8187255859375,404.7060852050781,457.51934814453125,25.579999923706055,540.7020874023438,42.08342742919922,44.19832229614258,103.96717834472656
2024-09-04,219.206787109375,173.3300018310547,38.889427185058594,230.42999267578125,155.34561157226562,475.9521179199219,211.4344024658203,509.79302978515625,404.1723327636719,456.3304443359375,25.68000030517578,539.5952758789062,41.501888275146484,44.24699783325195,103.70010375976562
2024-09-05,220.72535705566406,177.88999938964844,38.543739318847656,232.35000610351562,156.1300506591797,473.27471923828125,209.79562377929688,513.889404296875,403.668212890625,456.7565002441406,26.229999542236328,538.2828979492188,41.18038558959961,43.76023483276367,103.54183197021484
2024-09-06,219.17701721191406,171.38999938964844,37.46126937866211,230.6300048828125,149.8546600341797,465.2522888183594,204.8117218017578,497.39471435546875,397.05560302734375,444.5212707519531,25.479999542236328,529.2235717773438,40.66504669189453,43.117698669433594,100.85623168945312
2024-09-09,219.26629638671875,175.39999389648438,38.147483825683594,231.60000610351562,147.856201171875,473.9440612792969,209.005126953125,501.88873291015625,401.0291442871094,450.2376403808594,25.850000381469727,535.1488647460938,40.95817184448242,43.76023483276367,102.5081558227539
2024-09-10,218.47227478027344,179.5500030517578,37.96384811401367,232.6199951171875,147.80650329589844,453.1459045410156,198.1601104736328,501.88873291015625,409.41107177734375,454.3985900878906,25.940000534057617,537.4797973632812,40.25370788574219,43.312408447265625,104.04136657714844
2024-09-11,221.00331115722656,184.52000427246094,37.69322967529297,232.25,150.29212951660156,457.0649719238281,199.7699737548828,508.8882751464844,418.14886474609375,464.2660827636719,26.1200008392334,542.9937744140625,39.88019561767578,43.10796356201172,107.59249877929688
2024-09-12,221.1124725341797,187.0,37.48059844970703,236.3300018310547,153.80189514160156,459.8684387207031,199.16268920898438,522.5791625976562,422.0630798339844,468.82330322265625,27.270000457763672,547.5675048828125,40.239524841308594,43.205322265625,108.48275756835938
2024-09-13,220.84449768066406,186.49000549316406,37.354957580566406,238.67999267578125,156.5559539794922,464.65081787109375,196.9647674560547,521.604736328125,425.6116027832031,470.92364501953125,28.020000457763672,550.42724609375,40.46646499633789,43.331871032714844,109.02680206298828
2024-09-16,214.71046447753906,184.88999938964844,37.78988265991211,238.66000366210938,157.15252685546875,470.63616943359375,200.37734985351562,530.7208251953125,426.3529052734375,468.8431091308594,28.06999969482422,551.240234375,40.929805755615234,43.89653015136719,108.6113510131836
2024-09-17,215.17697143554688,186.8800048828125,38.22480392456055,237.33999633789062,158.40528869628906,470.8592834472656,201.71726989746094,533.7462768554688,430.1188659667969,469.0908508300781,27.959999084472656,551.4655151367188,41.482975006103516,44.13018035888672,108.398681640625
2024-09-18,219.0479736328125,186.42999267578125,38.292457580566406,235.50999450683594,158.89248657226562,470.073486328125,200.0592041015625,535.3684692382812,425.8290100097656,467.0598449707031,27.239999771118164,549.8300170898438,41.56334686279297,43.993873596191406,107.40950775146484
2024-09-19,227.16708374023438,189.8699951171875,39.500572204589844,239.1699981689453,161.2091064453125,488.7472229003906,202.9029998779297,556.4168701171875,433.6179504394531,478.86907958984375,28.09000015258789,559.2124633789062,42.059783935546875,44.48064422607422,110.59959411621094
2024-09-20,226.50204467773438,191.60000610351562,38.920677185058594,242.2100067138672,162.65077209472656,483.5088806152344,203.49102783203125,558.6561279296875,430.2374572753906,477.9576721191406,28.40999984741211,558.245849609375,41.96522521972656,44.45143508911133,110.06050109863281
2024-09-23,224.78494262695312,193.8800048828125,38.53407669067383,242.67999267578125,160.92076110839844,482.5194396972656,203.8284149169922,561.701416015625,428.4977722167969,479.224609375,27.979999542236328,559.6408081054688,42.483394622802734,44.397701263427734,110.04016876220703
2024-09-24,225.67825317382812,193.9600067138672,38.12815475463867,246.07000732421875,161.35821533203125,483.11114501953125,203.97303771972656,560.6266479492188,424.2080383300781,481.5361328125,29.3799991607666,561.2421264648438,42.37852478027344,44.02641677856445,110.79330444335938
2024-09-25,224.6856689453125,192.52999877929688,37.934852600097656,245.72999572753906,160.56285095214844,476.4371337890625,202.6234588623047,565.5827026367188,427.1139831542969,481.9826354980469,29.059999465942383,560.0042114257812,41.549068450927734,43.762611389160156,111.11040496826172
2024-09-26,225.82713317871094,191.16000366210938,38.1958122253418,246.97999572753906,161.7957000732422,482.0440979003906,202.22817993164062,565.114990234375,426.3232421875,485.6037902832031,29.260000228881836,562.2244873046875,40.73391342163086,43.987335205078125,112.58197021484375
2024-09-27,226.09512329101562,187.97000122070312,38.079830169677734,245.02000427246094,163.00869750976562,483.58648681640625,202.92227172851562,564.6372680664062,423.0712890625,482.9052734375,28.860000610351562,561.4090576171875,41.56336975097656,44.11435317993164,111.53156280517578
2024-09-30,231.26638793945312,186.3300018310547,38.35044860839844,243.05999755859375,164.89781188964844,480.2882385253906,203.26930236816406,569.6929321289062,425.3249206542969,484.2148742675781,28.40999984741211,563.6588134765625,41.85415267944336,44.28045654296875,111.85857391357422
2024-10-01,224.5269012451172,185.1300048828125,37.90585708618164,245.61000061035156,166.03125,475.4961853027344,199.5868377685547,573.7035522460938,415.8260803222656,477.46856689453125,28.579999923706055,558.6092529296875,42.80754852294922,44.04595947265625,109.13345336914062
2024-10-02,225.0926513671875,184.75999450683594,37.91551971435547,245.66000366210938,164.9077606201172,477.26165771484375,199.82781982421875,570.0611572265625,412.30718994140625,478.1432189941406,29.0,558.8450927734375,43.24611282348633,44.094810485839844,109.94107818603516
2024-10-03,223.99090576171875,181.9600067138672,37.934852600097656,245.49000549316406,164.9077606201172,471.5480041503906,197.84197998046875,579.9733276367188,411.7240295410156,477.7860412597656,29.229999542236328,557.8234252929688,44.00883483886719,43.86030960083008,110.39691925048828
2024-10-04,225.11251831054688,186.50999450683594,38.76603698730469,245.0,166.100830078125,480.3367919921875,204.86412048339844,593.0801391601562,411.24957275390625,483.4707946777344,29.360000610351562,562.892578125,44.418785095214844,44.602882385253906,111.62570190429688
2024-10-07,220.04049682617188,180.8000030517578,38.62106704711914,244.1699981689453,162.0442657470703,479.8128967285156,204.5828399658203,581.9736938476562,404.8049621582031,478.2920227050781,28.93000030517578,557.8037719726562,44.57610321044922,44.05573272705078,110.85771942138672
2024-10-08,224.09014892578125,182.72000122070312,38.592063903808594,242.3699951171875,163.43624877929688,481.7046203613281,204.4082489013672,590.0447998046875,409.9151611328125,485.43511962890625,28.010000228881836,563.0791625976562,43.412960052490234,44.30976104736328,112.92880249023438
2024-10-09,227.8320770263672,185.1699981689453,38.84335708618164,241.0500030517578,160.9307098388672,490.05682373046875,206.9979248046875,587.6761474609375,412.63336181640625,489.2547302246094,27.860000610351562,566.9793090820312,43.67514419555664,44.720130920410156,114.19226837158203
2024-10-10,227.3358154296875,186.64999389648438,38.630733489990234,242.82000732421875,161.14942932128906,488.6405029296875,206.4353485107422,581.0281982421875,411.0320739746094,488.6991271972656,28.3799991607666,565.9871215820312,43.97069549560547,44.58334732055664,114.16254425048828
2024-10-11,225.85691833496094,188.82000732421875,40.54438400268555,245.47000122070312,162.30279541015625,500.8438720703125,215.6009979248047,587.118896484375,411.506591796875,489.46307373046875,28.799999237060547,569.3763427734375,44.2424201965332,45.443153381347656,114.36072540283203
2024-10-14,229.57901000976562,187.5399932861328,40.5057258605957,245.07000732421875,164.0128936767578,507.1008605957031,214.8153839111328,587.5864868164062,414.2939758300781,493.5703430175781,28.540000915527344,574.032958984375,44.22334289550781,45.726505279541016,115.85211944580078
2024-10-15,232.11004638671875,187.69000244140625,40.72801971435547,245.9199981689453,164.51004028320312,506.741943359375,215.69801330566406,583.4566040039062,413.8985595703125,486.972900390625,28.709999084472656,569.5728149414062,42.79801559448242,45.82421112060547,113.30535888671875
2024-10-16,230.05543518066406,186.88999938964844,41.365901947021484,247.14999389648438,164.21176147460938,513.9979248046875,216.91038513183594,574.0220336914062,411.3088684082031,487.03240966796875,28.90999984741211,572.0484619140625,43.00299835205078,46.39090347290039,113.65714263916016
2024-10-17,230.4226837158203,187.52999877929688,41.172603607177734,248.6300048828125,161.9945526123047,513.1637573242188,217.6669158935547,574.161376953125,411.9019470214844,487.3697204589844,28.889999389648438,572.09765625,43.20798110961914,46.517921447753906,114.00396728515625
2024-10-18,233.25148010253906,188.99000549316406,40.90198516845703,251.27000427246094,162.48171997070312,512.6787109375,218.5883026123047,573.7035522460938,413.3253173828125,490.5643005371094,30.639999389648438,574.2981567382812,43.06496810913086,46.52769470214844,114.4102783203125
2024-10-21,234.720458984375,189.07000732421875,40.360748291015625,251.22000122070312,163.1280059814453,502.2989807128906,216.28964233398438,572.3998413085938,413.9381408691406,491.5068359375,30.850000381469727,573.3551025390625,42.93626022338867,46.15641403198242,114.94539642333984
2024-10-22,234.10508728027344,189.6999969482422,40.88265609741211,253.92999267578125,164.19187927246094,502.7840881347656,217.3759307861328,579.2169799804688,422.5672302246094,492.0425109863281,31.739999771118164,573.0504760742188,43.03636932373047,46.06847381591797,114.82647705078125
2024-10-23,229.04302978515625,184.7100067138672,40.92131423950195,250.8699951171875,161.8454132080078,501.7170104980469,216.68731689453125,560.9849243164062,419.6908264160156,484.5025329589844,30.709999084472656,567.8143310546875,42.812320709228516,46.029396057128906,113.1814956665039
2024-10-24,228.8544464111328,186.3800048828125,41.22093200683594,252.8000030517578,161.7857666015625,508.7984313964844,218.21006774902344,565.0552368164062,419.8193359375,488.4312744140625,30.690000534057617,569.0423583984375,42.80754852294922,46.06847381591797,113.51346588134766
2024-10-25,229.68821716308594,187.8300018310547,40.48639678955078,253.32000732421875,164.3211212158203,497.25469970703125,215.6204071044922,570.4989624023438,423.19976806640625,491.4076232910156,30.6299991607666,568.8458862304688,42.793251037597656,45.560401916503906,114.10307312011719
2024-10-28,231.66336059570312,188.38999938964844,41.19193649291992,253.3300018310547,165.76280212402344,507.9060363769531,218.71441650390625,575.3854370117188,421.6578369140625,491.4869384765625,30.729999542236328,570.6043701171875,42.52153396606445,46.127098083496094,114.06838989257812
2024-10-29,231.93136596679688,190.8300018310547,41.10494613647461,256.0899963378906,168.70578002929688,508.5850524902344,216.19264221191406,590.4329223632812,426.95587158203125,496.2093811035156,31.389999389648438,571.5277709960938,41.87322235107422,45.84375,115.6043701171875
2024-10-30,228.387939453125,192.72999572753906,40.89232635498047,257.5,173.45835876464844,508.701416015625,217.65721130371094,588.9599609375,427.5291442871094,492.45916748046875,30.809999465942383,569.7987670898438,41.968563079833984,46.04893493652344,113.76615905761719
2024-10-31,224.22911071777344,186.39999389648438,40.418739318847656,253.50999450683594,170.12759399414062,502.2892761230469,215.2421417236328,564.8562622070312,401.65185546875,480.0281982421875,29.809999465942383,558.6289672851562,42.230743408203125,45.41383743286133,110.114501953125
2024-11-01,221.25143432617188,197.92999267578125,40.360748291015625,252.47000122070312,170.30654907226562,503.8026123046875,216.23146057128906,564.4381713867188,405.6253662109375,483.57989501953125,29.540000915527344,560.9866943359375,41.96379089355469,45.57017517089844,110.94194793701172
2024-11-04,220.35813903808594,195.77999877929688,39.945159912109375,252.8300018310547,168.26834106445312,496.1585388183594,213.1665496826172,557.9893798828125,403.7374267578125,482.171142578125,29.6299991607666,559.7782592773438,42.697906494140625,45.21842575073242,110.85771942138672
2024-11-05,221.7873992919922,199.5,40.47673034667969,253.39999389648438,168.7654571533203,511.1847839355469,214.82508850097656,569.6829833984375,406.7027587890625,488.3221435546875,29.75,566.5470581054688,42.98392868041992,45.63856506347656,112.41846466064453
2024-11-06,221.06283569335938,207.08999633789062,43.88844680786133,245.6999969482422,175.49659729003906,578.1386108398438,239.62564086914062,569.3047485351562,415.3219299316406,501.5865478515625,28.43000030517578,580.6346435546875,44.59993362426758,48.41342544555664,115.6192398071289
2024-11-07,225.78744506835938,210.0500030517578,43.269901275634766,249.64999389648438,179.7122344970703,564.741943359375,229.2670440673828,588.8604736328125,420.51123046875,509.4836120605469,29.110000610351562,585.1241455078125,44.39495849609375,47.631771087646484,117.63581848144531
2024-11-08,225.5191650390625,208.17999267578125,43.61783218383789,247.9600067138672,177.32603454589844,571.6197509765625,229.84898376464844,586.5118408203125,417.6546630859375,510.0789489746094,28.479999542236328,587.6587524414062,44.69050979614258,48.061683654785156,117.50700378417969
2024-11-11,222.8064727783203,206.83999633789062,44.53600311279297,242.13999938964844,179.31454467773438,584.3082885742188,232.08944702148438,580.3714599609375,413.17706298828125,509.7813415527344,27.969999313354492,588.2186889648438,44.94316482543945,48.74562072753906,116.85792541503906
2024-11-12,222.8064727783203,208.91000366210938,44.3233757019043,240.0500030517578,180.57723999023438,574.85009765625,232.35133361816406,582.0135498046875,418.1390075683594,508.8586730957031,28.06999969482422,586.3914184570312,44.704811096191406,48.599063873291016,117.0065689086914
2024-11-13,223.69082641601562,214.10000610351562,44.333038330078125,237.6300048828125,177.85296630859375,576.4312133789062,233.90318298339844,577.2166137695312,420.2839050292969,508.203857421875,27.610000610351562,586.6763305664062,45.05280685424805,48.62837600708008,116.60027313232422
2024-11-14,226.77114868164062,211.47999572753906,44.36203384399414,237.00999450683594,174.5718994140625,570.9891967773438,234.59182739257812,574.3902587890625,421.95440673828125,504.6719970703125,27.809999465942383,582.9039306640625,45.22441482543945,48.50135803222656,116.20389556884766
2024-11-15,223.5715789794922,202.61000061035156,45.183555603027344,236.58999633789062,171.49969482421875,575.7716674804688,237.9282989501953,551.4210205078125,410.20184326171875,492.6476745605469,27.56999969482422,575.437744140625,45.157676696777344,48.7260856628418,113.32022857666016
2024-11-18,226.57241821289062,201.6999969482422,45.15456008911133,241.08999633789062,174.2935333251953,570.3878173828125,237.65673828125,551.739501953125,410.95306396484375,496.0704650878906,28.3799991607666,577.7955322265625,45.75831604003906,48.872642517089844,113.6868667602539
2024-11-19,226.8307647705078,204.61000061035156,44.854942321777344,243.25,177.0973358154297,563.9756469726562,235.77511596679688,558.3973388671875,412.9595947265625,499.4833068847656,28.5,579.9075927734375,45.467525482177734,48.550209045410156,114.61837768554688
2024-11-20,227.5461883544922,202.8800048828125,44.51667785644531,244.6199951171875,174.96961975097656,564.5091552734375,233.5346221923828,562.80615234375,410.6861267089844,499.19561767578125,28.100000381469727,580.1041259765625,45.92515563964844,48.403656005859375,114.519287109375
2024-11-21,227.06924438476562,198.3800048828125,44.90327072143555,246.66000366210938,166.66757202148438,578.2646484375,237.3948516845703,560.3877563476562,408.913330078125,500.9913024902344,28.040000915527344,583.21826171875,46.2969856262207,49.019203186035156,115.68363952636719
2024-11-22,228.41067504882812,197.1199951171875,45.425167083740234,249.83999633789062,163.8140411376953,584.7350463867188,241.07081604003906,556.456787109375,413.00372314453125,501.794921875,28.469999313354492,585.0259399414062,46.368492126464844,49.56635284423828,115.74310302734375
2024-11-25,231.39161682128906,201.4499969482422,45.908424377441406,242.47999572753906,166.68746948242188,584.9776000976562,242.75845336914062,562.3980712890625,414.776611328125,502.588623046875,27.6299991607666,587.0103149414062,45.453224182128906,49.88878631591797,115.73814392089844
2024-11-26,233.5677032470703,207.86000061035156,46.15004348754883,242.9499969482422,168.1490020751953,587.3735961914062,242.44805908203125,570.78759765625,423.888427734375,505.287109375,27.799999237060547,590.0753784179688,45.391258239746094,49.98649597167969,116.3178482055664
2024-11-27,233.4385528564453,205.74000549316406,46.16938018798828,243.49000549316406,168.25839233398438,587.3056640625,242.27349853515625,566.4684448242188,418.9363098144531,501.3087463378906,27.450000762939453,588.2874145507812,45.343589782714844,50.084197998046875,114.74223327636719
2024-11-29,235.82330322265625,207.88999938964844,45.918087005615234,245.58999633789062,167.97999572753906,590.3517456054688,242.2056121826172,571.5639038085938,419.40185546875,505.71368408203125,27.920000076293945,591.9419555664062,45.539039611816406,50.16236877441406,115.80751037597656
2024-12-02,238.06895446777344,210.7100067138672,45.463836669921875,243.44000244140625,170.5054168701172,586.5887451171875,238.8400115966797,589.9850463867188,426.8497619628906,511.2198486328125,27.790000915527344,593.0029296875,45.05756759643555,49.664066314697266,116.907470703125
2024-12-03,241.10952758789062,213.44000244140625,45.25120544433594,243.92999267578125,170.3562774658203,586.949462890625,237.45306396484375,610.705078125,427.067626953125,512.7872924804688,28.280000686645508,593.2780151367188,45.05280685424805,49.292781829833984,117.32862854003906
2024-12-04,241.46726989746094,218.16000366210938,44.816280364990234,244.6699981689453,173.36886596679688,583.6641845703125,236.07577514648438,610.8345336914062,433.2280578613281,519.1268920898438,28.530000686645508,596.9619750976562,43.96592712402344,49.10713195800781,119.47402954101562
2024-12-05,241.4970703125,220.5500030517578,45.425167083740234,242.86000061035156,171.6488037109375,581.8021850585938,238.09320068359375,606.0076904296875,438.37823486328125,517.6883544921875,28.559999465942383,595.9794921875,44.13753890991211,49.25369644165039,118.86955261230469
2024-12-06,241.29832458496094,227.02999877929688,45.43489074707031,242.9499969482422,173.70692443847656,584.6097412109375,239.9166259765625,620.7766723632812,439.319091796875,522.3214721679688,28.25,597.109375,43.389122009277344,49.24393081665039,119.33033752441406
2024-12-09,245.18350219726562,226.08999633789062,44.61852264404297,245.36000061035156,174.56295776367188,579.189453125,236.47344970703125,610.6255493164062,441.7456359863281,518.2538452148438,28.979999542236328,594.034423828125,43.31761932373047,48.56975173950195,118.55244445800781
2024-12-10,246.19703674316406,225.0399932861328,44.4630241394043,248.58999633789062,184.31785583496094,570.3279418945312,235.5520477294922,616.3479614257812,439.0813903808594,516.4879150390625,28.989999771118164,592.1875610351562,43.02206802368164,48.55998611450195,116.907470703125
2024-12-11,244.9251708984375,230.25999450683594,44.78374099731445,250.9600067138672,194.50079345703125,577.6686401367188,236.20187377929688,629.6437377929688,444.6871337890625,525.7342529296875,29.040000915527344,596.7655029296875,43.093570709228516,48.657684326171875,118.60198974609375
2024-12-12,246.38583374023438,228.97000122070312,44.78374099731445,247.27999877929688,191.07662963867188,576.7425537109375,234.26205444335938,627.7628784179688,445.2516784667969,522.3412475585938,28.200000762939453,593.690673828125,42.74557876586914,48.44273376464844,117.93806457519531
2024-12-13,246.55474853515625,227.4600067138672,44.38527297973633,244.2899932861328,188.9464874267578,570.7666015625,232.71990966796875,617.3729858398438,442.9836120605469,526.3394165039062,27.75,593.57275390625,42.531070709228516,48.403656005859375,118.44345092773438
2024-12-16,249.44627380371094,232.92999267578125,44.19090270996094,244.8800048828125,195.7550048828125,571.59521484375,232.37074279785156,621.7454223632812,447.2622375488281,533.9190673828125,27.799999237060547,596.1072998046875,41.59674072265625,48.31571960449219,119.62763214111328
2024-12-17,251.87078857421875,231.14999389648438,43.78271484375,243.94000244140625,194.52069091796875,560.2379760742188,231.18743896484375,616.9646606445312,450.104736328125,531.5678100585938,27.809999465942383,593.6513671875,41.28688049316406,47.973751068115234,118.90423583984375
2024-12-18,246.4752655029297,220.52000427246094,42.27631759643555,239.25999450683594,187.5330047607422,536.4219360351562,223.4378662109375,594.8035278320312,433.1983337402344,512.3905029296875,26.850000381469727,575.9583740234375,40.066532135009766,46.5374641418457,115.06925964355469
2024-12-19,248.2042236328125,223.2899932861328,42.15969467163086,239.60000610351562,187.64247131347656,540.0679321289062,225.949951171875,593.1900024414062,432.841796875,510.10870361328125,26.520000457763672,575.7815551757812,39.71854782104492,46.70356369018555,115.19313049316406
2024-12-20,252.87437438964844,224.9199981689453,42.92747116088867,242.10000610351562,190.52915954589844,551.8735961914062,230.45033264160156,582.9112548828125,432.4159240722656,514.563232421875,26.920000076293945,582.697265625,40.109432220458984,47.397274017333984,116.91242980957031
2024-12-23,253.6494140625,225.05999755859375,42.65534210205078,240.9600067138672,193.73434448242188,556.43603515625,231.216552734375,597.4529418945312,431.0788879394531,519.5764770507812,26.989999771118164,586.1865844726562,40.34497833251953,47.51110076904297,118.15115356445312
2024-12-24,256.56085205078125,229.0500030517578,43.131561279296875,241.44000244140625,195.20753479003906,568.1441650390625,235.01858520507812,605.3212890625,435.1197509765625,526.621826171875,27.020000457763672,592.7021484375,40.686275482177734,48.07040023803711,119.37201690673828
2024-12-26,257.3755798339844,227.0500030517578,43.29677963256836,243.07000732421875,194.69989013671875,566.6234130859375,235.8236083984375,600.9389038085938,433.9114074707031,526.2640380859375,27.139999389648438,592.7415771484375,40.65262222290039,48.18815231323242,119.45143127441406
2024-12-27,253.96739196777344,223.75,43.09268569946289,241.39999389648438,191.8729248046875,561.7003173828125,233.91290283203125,597.4130249023438,426.404052734375,519.2683715820312,26.760000228881836,586.5020751953125,40.64781951904297,47.83490753173828,117.86331176757812
2024-12-30,250.59889221191406,221.3000030517578,42.674781799316406,240.6300048828125,190.35995483398438,559.1364135742188,232.1185760498047,588.8772583007812,420.75872802734375,512.3621215820312,26.43000030517578,579.80908203125,40.64301681518555,47.37372970581055,116.3645248413086
